"wavelength","throughput","filter","lambda_c"
0.747549987792969,0,"F090W",0.902
0.748549987792969,0,"F090W",0.902
0.749549987792969,4.02155383772693e-07,"F090W",0.902
0.750549987792969,4.23336137370633e-07,"F090W",0.902
0.751549987792969,4.5188503109321e-07,"F090W",0.902
0.752549987792969,4.30149032234103e-07,"F090W",0.902
0.753549987792969,4.65076544091882e-07,"F090W",0.902
0.754549987792969,4.47275787103707e-07,"F090W",0.902
0.755549987792969,4.48726180327014e-07,"F090W",0.902
0.756549987792969,4.16096448132386e-07,"F090W",0.902
0.757549987792969,4.56031134430561e-07,"F090W",0.902
0.758549987792969,5.04971670000322e-07,"F090W",0.902
0.759549987792969,5.07428527751523e-07,"F090W",0.902
0.760549987792969,5.25120476346474e-07,"F090W",0.902
0.761549987792969,5.16606927775151e-07,"F090W",0.902
0.762549987792969,5.79315052189015e-07,"F090W",0.902
0.763549987792969,5.7623210085828e-07,"F090W",0.902
0.764549987792969,5.91363920059361e-07,"F090W",0.902
0.765549987792969,6.18802435973883e-07,"F090W",0.902
0.766549987792969,6.28935990605287e-07,"F090W",0.902
0.767549987792969,6.8182783241131e-07,"F090W",0.902
0.768549987792969,7.27465750771528e-07,"F090W",0.902
0.769549987792969,9.55546346053004e-07,"F090W",0.902
0.770549987792969,1.09921790975858e-06,"F090W",0.902
0.771549987792969,1.48843897226852e-06,"F090W",0.902
0.772549987792969,1.96772835327785e-06,"F090W",0.902
0.773549987792969,2.90805983622221e-06,"F090W",0.902
0.774549987792969,4.39393264348598e-06,"F090W",0.902
0.775549987792969,6.48987121803666e-06,"F090W",0.902
0.776549987792969,9.42048001479138e-06,"F090W",0.902
0.777549987792969,1.33424021164364e-05,"F090W",0.902
0.778549987792969,1.87665564812875e-05,"F090W",0.902
0.779549987792969,2.54714675669789e-05,"F090W",0.902
0.780549987792969,3.57533917291697e-05,"F090W",0.902
0.781549987792969,5.09763664514373e-05,"F090W",0.902
0.782549987792969,7.68308828770615e-05,"F090W",0.902
0.783549987792969,0.000127561730578863,"F090W",0.902
0.784549987792969,0.000221143318861059,"F090W",0.902
0.785549987792969,0.000430548932583347,"F090W",0.902
0.786549987792969,0.000934865560220797,"F090W",0.902
0.787549987792969,0.00212153039945526,"F090W",0.902
0.788549987792969,0.00500202429390294,"F090W",0.902
0.789549987792969,0.011765713628895,"F090W",0.902
0.790549987792969,0.024823098387658,"F090W",0.902
0.791549987792969,0.046606412171543,"F090W",0.902
0.792549987792969,0.07676213322798,"F090W",0.902
0.793549987792969,0.113555630229702,"F090W",0.902
0.794549987792969,0.14991750349069,"F090W",0.902
0.795549987792969,0.182492090785765,"F090W",0.902
0.796549987792969,0.209936100574046,"F090W",0.902
0.797549987792969,0.230260238693122,"F090W",0.902
0.798549987792969,0.244723232409995,"F090W",0.902
0.799549987792969,0.253997284396368,"F090W",0.902
0.800549987792969,0.260478662395552,"F090W",0.902
0.801549987792969,0.263604676151172,"F090W",0.902
0.802549987792969,0.264508782660053,"F090W",0.902
0.803549987792969,0.265008960678145,"F090W",0.902
0.804549987792969,0.266155493237727,"F090W",0.902
0.805549987792969,0.266990404738158,"F090W",0.902
0.806549987792969,0.266214912130992,"F090W",0.902
0.807549987792969,0.262932457631743,"F090W",0.902
0.808549987792969,0.258466306107475,"F090W",0.902
0.809549987792969,0.255110351743011,"F090W",0.902
0.810549987792969,0.254502322400779,"F090W",0.902
0.811549987792969,0.256418760014509,"F090W",0.902
0.812549987792969,0.259612695923731,"F090W",0.902
0.813549987792969,0.261720932570558,"F090W",0.902
0.814549987792969,0.263964835256131,"F090W",0.902
0.815549987792969,0.263263921462343,"F090W",0.902
0.816549987792969,0.26298058856621,"F090W",0.902
0.817549987792969,0.264772504439792,"F090W",0.902
0.818549987792969,0.269241742747838,"F090W",0.902
0.819549987792969,0.273941982751153,"F090W",0.902
0.820549987792969,0.280354950895013,"F090W",0.902
0.821549987792969,0.285072585832633,"F090W",0.902
0.822549987792969,0.287334914644678,"F090W",0.902
0.823549987792969,0.28806897683935,"F090W",0.902
0.824549987792969,0.287437889269612,"F090W",0.902
0.825549987792969,0.284282720816001,"F090W",0.902
0.826549987792969,0.281150213967146,"F090W",0.902
0.827549987792969,0.279423846636458,"F090W",0.902
0.828549987792969,0.279288174347898,"F090W",0.902
0.829549987792969,0.280404276254154,"F090W",0.902
0.830549987792969,0.281255077038218,"F090W",0.902
0.831549987792969,0.281790065285481,"F090W",0.902
0.832549987792969,0.281178852392538,"F090W",0.902
0.833549987792969,0.279495811762891,"F090W",0.902
0.834549987792969,0.27736113627683,"F090W",0.902
0.835549987792969,0.277404144265268,"F090W",0.902
0.836549987792969,0.278345438676507,"F090W",0.902
0.837549987792969,0.280403254854251,"F090W",0.902
0.838549987792969,0.282879225785535,"F090W",0.902
0.839549987792969,0.284863576210518,"F090W",0.902
0.840549987792969,0.286844562037963,"F090W",0.902
0.841549987792969,0.288477881701307,"F090W",0.902
0.842549987792969,0.289967293726137,"F090W",0.902
0.843549987792969,0.291289699200103,"F090W",0.902
0.844549987792969,0.292678800520262,"F090W",0.902
0.845549987792969,0.292785768804086,"F090W",0.902
0.846549987792969,0.292998112538044,"F090W",0.902
0.847549987792969,0.29179153356237,"F090W",0.902
0.848549987792969,0.291524355015797,"F090W",0.902
0.849549987792969,0.292591742756942,"F090W",0.902
0.850549987792969,0.293558922018675,"F090W",0.902
0.851549987792969,0.295614124047874,"F090W",0.902
0.852549987792969,0.295131268179453,"F090W",0.902
0.853549987792969,0.294403288052531,"F090W",0.902
0.854549987792969,0.293834238979656,"F090W",0.902
0.855549987792969,0.292157943682892,"F090W",0.902
0.856549987792969,0.292008436480939,"F090W",0.902
0.857549987792969,0.29188917007864,"F090W",0.902
0.858549987792969,0.292783500355794,"F090W",0.902
0.859549987792969,0.292238118090143,"F090W",0.902
0.860549987792969,0.293462775014219,"F090W",0.902
0.861549987792969,0.293580629395356,"F090W",0.902
0.862549987792969,0.292064726861945,"F090W",0.902
0.863549987792969,0.291741530315588,"F090W",0.902
0.864549987792969,0.293711799000268,"F090W",0.902
0.865549987792969,0.294742172462563,"F090W",0.902
0.866549987792969,0.298984952416839,"F090W",0.902
0.867549987792969,0.300696665753856,"F090W",0.902
0.868549987792969,0.301455347154986,"F090W",0.902
0.869549987792969,0.303401434832886,"F090W",0.902
0.870549987792969,0.306033443024765,"F090W",0.902
0.871549987792969,0.304865379472177,"F090W",0.902
0.872549987792969,0.307296457955865,"F090W",0.902
0.873549987792969,0.307534664970041,"F090W",0.902
0.874549987792969,0.307671529218947,"F090W",0.902
0.875549987792969,0.304442188289478,"F090W",0.902
0.876549987792969,0.303654595949856,"F090W",0.902
0.877549987792969,0.305435156529044,"F090W",0.902
0.878549987792969,0.30380485997175,"F090W",0.902
0.879549987792969,0.300246507031102,"F090W",0.902
0.880549987792969,0.302683269402992,"F090W",0.902
0.881549987792969,0.300496762453443,"F090W",0.902
0.882549987792969,0.300647917835413,"F090W",0.902
0.883549987792969,0.299666653512011,"F090W",0.902
0.884549987792969,0.299908527745333,"F090W",0.902
0.885549987792969,0.294039286104142,"F090W",0.902
0.886549987792969,0.290771519500226,"F090W",0.902
0.887549987792969,0.295548770940484,"F090W",0.902
0.888549987792969,0.302142064930017,"F090W",0.902
0.889549987792969,0.300028419979285,"F090W",0.902
0.890549987792969,0.301338545407594,"F090W",0.902
0.891549987792969,0.308138080196944,"F090W",0.902
0.892549987792969,0.310810440346582,"F090W",0.902
0.893549987792969,0.311766012369264,"F090W",0.902
0.894549987792969,0.312790265010587,"F090W",0.902
0.895549987792969,0.313314071775038,"F090W",0.902
0.896549987792969,0.312023246509365,"F090W",0.902
0.897549987792969,0.310703518567771,"F090W",0.902
0.898549987792969,0.309368144484536,"F090W",0.902
0.899549987792969,0.308312543867407,"F090W",0.902
0.900549987792969,0.307250826711357,"F090W",0.902
0.901549987792969,0.305339500689087,"F090W",0.902
0.902549987792969,0.30422274347233,"F090W",0.902
0.903549987792969,0.301658409007236,"F090W",0.902
0.904549987792969,0.29995703546924,"F090W",0.902
0.905549987792969,0.300406250590367,"F090W",0.902
0.906549987792969,0.298861965522641,"F090W",0.902
0.907549987792969,0.297654324244603,"F090W",0.902
0.908549987792969,0.299153664633095,"F090W",0.902
0.909549987792969,0.300150187491491,"F090W",0.902
0.910549987792969,0.302737869597753,"F090W",0.902
0.911549987792969,0.304751417441421,"F090W",0.902
0.912549987792969,0.307418757492356,"F090W",0.902
0.913549987792969,0.311408082376395,"F090W",0.902
0.914549987792969,0.313783609204632,"F090W",0.902
0.915549987792969,0.316998986645104,"F090W",0.902
0.916549987792969,0.321642573538104,"F090W",0.902
0.917549987792969,0.323085002356043,"F090W",0.902
0.918549987792969,0.325824303825036,"F090W",0.902
0.919549987792969,0.326516226203963,"F090W",0.902
0.920549987792969,0.326414186539339,"F090W",0.902
0.921549987792969,0.327392796340218,"F090W",0.902
0.922549987792969,0.326662009270367,"F090W",0.902
0.923549987792969,0.325948418783657,"F090W",0.902
0.924549987792969,0.323294194846141,"F090W",0.902
0.925549987792969,0.322599978641658,"F090W",0.902
0.926549987792969,0.321160589086353,"F090W",0.902
0.927549987792969,0.319205662648237,"F090W",0.902
0.928549987792969,0.317458415366157,"F090W",0.902
0.929549987792969,0.317041204670412,"F090W",0.902
0.930549987792969,0.316077601785823,"F090W",0.902
0.931549987792969,0.315869848239413,"F090W",0.902
0.932549987792969,0.315561895673622,"F090W",0.902
0.933549987792969,0.314922351561055,"F090W",0.902
0.934549987792969,0.314718461644867,"F090W",0.902
0.935549987792969,0.314136521214381,"F090W",0.902
0.936549987792969,0.313743678436698,"F090W",0.902
0.937549987792969,0.313920711627469,"F090W",0.902
0.938549987792969,0.313279122467717,"F090W",0.902
0.939549987792969,0.313783388206624,"F090W",0.902
0.940549987792969,0.315218852292534,"F090W",0.902
0.941549987792969,0.3159189826807,"F090W",0.902
0.942549987792969,0.318098245683151,"F090W",0.902
0.943549987792969,0.319890794918861,"F090W",0.902
0.944549987792969,0.322619652548467,"F090W",0.902
0.945549987792969,0.324047622824589,"F090W",0.902
0.946549987792969,0.325536495304725,"F090W",0.902
0.947549987792969,0.324983976038232,"F090W",0.902
0.948549987792969,0.324463674517858,"F090W",0.902
0.949549987792969,0.324112386406078,"F090W",0.902
0.950549987792969,0.322822415004332,"F090W",0.902
0.951549987792969,0.323008064987939,"F090W",0.902
0.952549987792969,0.32028857322946,"F090W",0.902
0.953549987792969,0.319774629299823,"F090W",0.902
0.954549987792969,0.318003382721423,"F090W",0.902
0.955549987792969,0.317190276036951,"F090W",0.902
0.956549987792969,0.315831124417978,"F090W",0.902
0.957549987792969,0.314485438564157,"F090W",0.902
0.958549987792969,0.315202862140909,"F090W",0.902
0.959549987792969,0.315996092647215,"F090W",0.902
0.960549987792969,0.317059821050614,"F090W",0.902
0.961549987792969,0.318597994536952,"F090W",0.902
0.962549987792969,0.320950433049905,"F090W",0.902
0.963549987792969,0.323344587329591,"F090W",0.902
0.964549987792969,0.325948128792652,"F090W",0.902
0.965549987792969,0.327739191883428,"F090W",0.902
0.966549987792969,0.329276985041284,"F090W",0.902
0.967549987792969,0.330651345933118,"F090W",0.902
0.968549987792969,0.33164412669443,"F090W",0.902
0.969549987792969,0.332907471931409,"F090W",0.902
0.970549987792969,0.331818024666964,"F090W",0.902
0.971549987792969,0.331554791491752,"F090W",0.902
0.972549987792969,0.330986132586008,"F090W",0.902
0.973549987792969,0.330226795470906,"F090W",0.902
0.974549987792969,0.327868033676522,"F090W",0.902
0.975549987792969,0.328418502222262,"F090W",0.902
0.976549987792969,0.325876362391975,"F090W",0.902
0.977549987792969,0.324430987388784,"F090W",0.902
0.978549987792969,0.322586128031319,"F090W",0.902
0.979549987792969,0.320881159772942,"F090W",0.902
0.980549987792969,0.318577854500845,"F090W",0.902
0.981549987792969,0.31940099318526,"F090W",0.902
0.982549987792969,0.319911129830127,"F090W",0.902
0.983549987792969,0.321433648477068,"F090W",0.902
0.984549987792969,0.323590779259959,"F090W",0.902
0.985549987792969,0.327051179316339,"F090W",0.902
0.986549987792969,0.328716428818099,"F090W",0.902
0.987549987792969,0.331192437185567,"F090W",0.902
0.988549987792969,0.332395054003237,"F090W",0.902
0.989549987792969,0.333330570771115,"F090W",0.902
0.990549987792969,0.333294339938933,"F090W",0.902
0.991549987792969,0.332432046526748,"F090W",0.902
0.992549987792969,0.332131153030118,"F090W",0.902
0.993549987792969,0.330482527198893,"F090W",0.902
0.994549987792969,0.329119626411396,"F090W",0.902
0.995549987792969,0.329925798045306,"F090W",0.902
0.996549987792969,0.329000534888287,"F090W",0.902
0.997549987792969,0.328369896100095,"F090W",0.902
0.998549987792969,0.325693533765937,"F090W",0.902
0.999549987792969,0.320979222669863,"F090W",0.902
1.00054998779297,0.310135667753731,"F090W",0.902
1.00154998779297,0.29151276152111,"F090W",0.902
1.00254998779297,0.262516492926858,"F090W",0.902
1.00354998779297,0.224603942978493,"F090W",0.902
1.00454998779297,0.186174804301043,"F090W",0.902
1.00554998779297,0.150705297839296,"F090W",0.902
1.00654998779297,0.124074396973891,"F090W",0.902
1.00754998779297,0.100038010959546,"F090W",0.902
1.00854998779297,0.0828969206199709,"F090W",0.902
1.00954998779297,0.0674227056669038,"F090W",0.902
1.01054998779297,0.0574610121367236,"F090W",0.902
1.01154998779297,0.0479901323731306,"F090W",0.902
1.01254998779297,0.0418251780327361,"F090W",0.902
1.01354998779297,0.0354682419186164,"F090W",0.902
1.01454998779297,0.0312560388701475,"F090W",0.902
1.01554998779297,0.0266457488831616,"F090W",0.902
1.01654998779297,0.0235618440149708,"F090W",0.902
1.01754998779297,0.0199740005665367,"F090W",0.902
1.01854998779297,0.0168160802891481,"F090W",0.902
1.01954998779297,0.0135434466620115,"F090W",0.902
1.02054998779297,0.0104784621620461,"F090W",0.902
1.02154998779297,0.00782172556218323,"F090W",0.902
1.02254998779297,0.00564715927401252,"F090W",0.902
1.02354998779297,0.00417230425210067,"F090W",0.902
1.02455004882812,0.00292809962310531,"F090W",0.902
1.02555004882813,0.00207598239076261,"F090W",0.902
1.02655004882812,0.00145392333436328,"F090W",0.902
1.02755004882813,0.00104252554754127,"F090W",0.902
1.02855004882812,0.00075677897006092,"F090W",0.902
1.02955004882813,0.000540932111417842,"F090W",0.902
1.03055004882812,0.000414820968162049,"F090W",0.902
1.03155004882813,0.000306950465938233,"F090W",0.902
1.03255004882812,0.000232544176992775,"F090W",0.902
1.03355004882813,0.000176154041932991,"F090W",0.902
1.03455004882812,0.000136638572019926,"F090W",0.902
1.03555004882813,0.000104845943214215,"F090W",0.902
1.03655004882812,8.32082724790062e-05,"F090W",0.902
1.03755004882813,6.67628051262852e-05,"F090W",0.902
1.03855004882812,5.22525885782258e-05,"F090W",0.902
1.03955004882813,4.31204949662458e-05,"F090W",0.902
1.04055004882812,3.4937604961853e-05,"F090W",0.902
1.04155004882813,2.85603435124474e-05,"F090W",0.902
1.04255004882812,2.3460075962686e-05,"F090W",0.902
1.04355004882813,1.95666949243249e-05,"F090W",0.902
1.04455004882812,1.68029492398454e-05,"F090W",0.902
1.04555004882813,1.39621498224043e-05,"F090W",0.902
1.04655004882812,1.21448179771096e-05,"F090W",0.902
1.04755004882813,1.08681000227889e-05,"F090W",0.902
1.04855004882812,9.00329155939824e-06,"F090W",0.902
1.04955004882813,8.5062274442794e-06,"F090W",0.902
1.05055004882812,7.51605998349408e-06,"F090W",0.902
1.05155004882813,6.72098541691023e-06,"F090W",0.902
1.05255004882812,6.03558429583154e-06,"F090W",0.902
1.05355004882813,5.51568739873994e-06,"F090W",0.902
1.05455004882812,4.31447905265695e-06,"F090W",0.902
1.05555004882813,4.95210459101869e-06,"F090W",0.902
1.05655004882812,5.0486677906186e-06,"F090W",0.902
1.05755004882813,4.2715416960853e-06,"F090W",0.902
1.05855004882812,4.33790960712589e-06,"F090W",0.902
1.05955004882813,3.88578964601568e-06,"F090W",0.902
1.06055004882812,3.66265235993204e-06,"F090W",0.902
1.06155004882813,3.62304346408121e-06,"F090W",0.902
1.06255004882812,3.60922538037733e-06,"F090W",0.902
1.06355004882813,2.88196937189594e-06,"F090W",0.902
1.06455004882812,3.22801905245039e-06,"F090W",0.902
1.06555004882813,2.7973459760632e-06,"F090W",0.902
1.06655004882812,3.81047237724206e-06,"F090W",0.902
1.06755004882813,2.9401228720404e-06,"F090W",0.902
1.06855004882812,3.43577513897132e-06,"F090W",0.902
1.06955004882813,2.95184459726588e-06,"F090W",0.902
1.07055004882812,3.15345526002915e-06,"F090W",0.902
1.07155004882812,0,"F090W",0.902
1.07255004882812,0,"F090W",0.902
NA,NA,"F090W",0.902
0.968200012207031,0,"F115W",1.154
0.969200012207031,0,"F115W",1.154
0.970200012207031,5.07765530474689e-06,"F115W",1.154
0.971200012207031,6.0275387949258e-06,"F115W",1.154
0.972200012207031,7.00210670420976e-06,"F115W",1.154
0.973200012207031,7.97983397591681e-06,"F115W",1.154
0.974200012207031,8.8802555968917e-06,"F115W",1.154
0.975200012207031,9.76296192796264e-06,"F115W",1.154
0.976200012207031,1.06687348643092e-05,"F115W",1.154
0.977200012207031,1.17823619501738e-05,"F115W",1.154
0.978200012207031,1.32102134732799e-05,"F115W",1.154
0.979200012207031,1.51663138515154e-05,"F115W",1.154
0.980200012207031,1.77844154993983e-05,"F115W",1.154
0.981200012207031,2.13219631842984e-05,"F115W",1.154
0.982200012207031,2.61159124185206e-05,"F115W",1.154
0.983200012207031,3.24877848038136e-05,"F115W",1.154
0.984200012207031,4.07149429967922e-05,"F115W",1.154
0.985200012207031,5.1211044498137e-05,"F115W",1.154
0.986200012207031,6.40192579997489e-05,"F115W",1.154
0.987200012207031,7.93403213971491e-05,"F115W",1.154
0.988200012207031,9.72336707861227e-05,"F115W",1.154
0.989200012207031,0.000117697618799495,"F115W",1.154
0.990200012207031,0.000140945265406842,"F115W",1.154
0.991200012207031,0.000166825985902432,"F115W",1.154
0.992200012207031,0.000196030014332733,"F115W",1.154
0.993200012207031,0.000229386236295771,"F115W",1.154
0.994200012207031,0.000268403627113477,"F115W",1.154
0.995200012207031,0.000314900970965082,"F115W",1.154
0.996200012207031,0.000372637920129184,"F115W",1.154
0.997200012207031,0.000446563243288453,"F115W",1.154
0.998200012207031,0.0131885126923323,"F115W",1.154
0.999200012207031,0.0274459670441664,"F115W",1.154
1.00020001220703,0.0434234839591936,"F115W",1.154
1.00120001220703,0.0483892369128105,"F115W",1.154
1.00220001220703,0.0542992601924673,"F115W",1.154
1.00320001220703,0.0603449688782301,"F115W",1.154
1.00420001220703,0.0678671420340073,"F115W",1.154
1.00520001220703,0.0761856294265829,"F115W",1.154
1.00620001220703,0.0869924133005681,"F115W",1.154
1.00720001220703,0.0991492552351898,"F115W",1.154
1.00820001220703,0.112929667637537,"F115W",1.154
1.00920001220703,0.12827174061152,"F115W",1.154
1.01020001220703,0.14459884753237,"F115W",1.154
1.01120001220703,0.162430108000329,"F115W",1.154
1.01220001220703,0.18032001985626,"F115W",1.154
1.01320001220703,0.198657445283069,"F115W",1.154
1.01420001220703,0.214971569369632,"F115W",1.154
1.01520001220703,0.229025977130875,"F115W",1.154
1.01620001220703,0.239137172559239,"F115W",1.154
1.01720001220703,0.246311048482271,"F115W",1.154
1.01820001220703,0.249873116184195,"F115W",1.154
1.01920001220703,0.251675407472747,"F115W",1.154
1.02020001220703,0.251691363176749,"F115W",1.154
1.02120001220703,0.251982587067885,"F115W",1.154
1.02220001220703,0.251413410692433,"F115W",1.154
1.02320001220703,0.251296115034287,"F115W",1.154
1.02419995117187,0.250690387561221,"F115W",1.154
1.02519995117188,0.251086809600512,"F115W",1.154
1.02619995117187,0.251319223296578,"F115W",1.154
1.02719995117188,0.252302432561046,"F115W",1.154
1.02819995117187,0.253409091335672,"F115W",1.154
1.02919995117188,0.254513331450673,"F115W",1.154
1.03019995117187,0.256047218371876,"F115W",1.154
1.03119995117188,0.257517512342049,"F115W",1.154
1.03219995117187,0.259927247630741,"F115W",1.154
1.03319995117188,0.261488945850696,"F115W",1.154
1.03419995117187,0.264128901864937,"F115W",1.154
1.03519995117188,0.266059417871228,"F115W",1.154
1.03619995117187,0.267961634731787,"F115W",1.154
1.03719995117188,0.268326322719582,"F115W",1.154
1.03819995117187,0.270308693710688,"F115W",1.154
1.03919995117188,0.271701608292234,"F115W",1.154
1.04019995117187,0.273634461609227,"F115W",1.154
1.04119995117188,0.273965811417586,"F115W",1.154
1.04219995117187,0.275072778755653,"F115W",1.154
1.04319995117188,0.27549105240834,"F115W",1.154
1.04419995117187,0.276177345384879,"F115W",1.154
1.04519995117188,0.27671033547093,"F115W",1.154
1.04619995117187,0.27794346012276,"F115W",1.154
1.04719995117188,0.278966913264918,"F115W",1.154
1.04819995117187,0.279860461424134,"F115W",1.154
1.04919995117188,0.28062683526105,"F115W",1.154
1.05019995117187,0.281456547661764,"F115W",1.154
1.05119995117188,0.282700549130054,"F115W",1.154
1.05219995117187,0.283630027155073,"F115W",1.154
1.05319995117188,0.284459383360963,"F115W",1.154
1.05419995117187,0.285494268475062,"F115W",1.154
1.05519995117188,0.285668082609014,"F115W",1.154
1.05619995117187,0.285973712631968,"F115W",1.154
1.05719995117188,0.285583495654158,"F115W",1.154
1.05819995117187,0.285841647458723,"F115W",1.154
1.05919995117188,0.285600530569728,"F115W",1.154
1.06019995117187,0.284632792187229,"F115W",1.154
1.06119995117188,0.283716381902191,"F115W",1.154
1.06219995117187,0.282333719309615,"F115W",1.154
1.06319995117188,0.280671590657164,"F115W",1.154
1.06419995117187,0.279230616986668,"F115W",1.154
1.06519995117188,0.277834335041881,"F115W",1.154
1.06619995117187,0.276698707387573,"F115W",1.154
1.06719995117188,0.274438507873739,"F115W",1.154
1.06819995117187,0.272618319973106,"F115W",1.154
1.06919995117188,0.270294607719218,"F115W",1.154
1.07019995117187,0.268006590890115,"F115W",1.154
1.07119995117188,0.266054627669749,"F115W",1.154
1.07219995117187,0.26408055802078,"F115W",1.154
1.07319995117188,0.262754081066585,"F115W",1.154
1.07419995117187,0.260990570768139,"F115W",1.154
1.07519995117188,0.259967782970165,"F115W",1.154
1.07619995117187,0.259383270072662,"F115W",1.154
1.07719995117188,0.258840480471084,"F115W",1.154
1.07819995117187,0.258941210117104,"F115W",1.154
1.07919995117188,0.258428894884302,"F115W",1.154
1.08019995117187,0.258878529643638,"F115W",1.154
1.08119995117188,0.259563240258164,"F115W",1.154
1.08219995117187,0.260591217366131,"F115W",1.154
1.08319995117188,0.261021409716391,"F115W",1.154
1.08419995117187,0.262141131347768,"F115W",1.154
1.08519995117188,0.263065654685252,"F115W",1.154
1.08619995117187,0.264875988000083,"F115W",1.154
1.08719995117188,0.265961855398134,"F115W",1.154
1.08819995117187,0.268112271003345,"F115W",1.154
1.08919995117188,0.269970166985081,"F115W",1.154
1.09019995117187,0.272632081839044,"F115W",1.154
1.09119995117188,0.275019563151974,"F115W",1.154
1.09219995117187,0.277608918354564,"F115W",1.154
1.09319995117188,0.279924568547558,"F115W",1.154
1.09419995117187,0.28231580973042,"F115W",1.154
1.09519995117188,0.284720900653892,"F115W",1.154
1.09619995117187,0.286495846032314,"F115W",1.154
1.09719995117188,0.289244408420321,"F115W",1.154
1.09819995117187,0.2916136898082,"F115W",1.154
1.09919995117188,0.293925722993976,"F115W",1.154
1.10019995117187,0.294676092397274,"F115W",1.154
1.10119995117188,0.295746123715209,"F115W",1.154
1.10219995117187,0.29699082029577,"F115W",1.154
1.10319995117188,0.298381527745006,"F115W",1.154
1.10419995117187,0.298949667648994,"F115W",1.154
1.10519995117188,0.300010445240989,"F115W",1.154
1.10619995117187,0.300448618553358,"F115W",1.154
1.10719995117188,0.300781025400624,"F115W",1.154
1.10819995117187,0.300331719557869,"F115W",1.154
1.10919995117188,0.30005189422119,"F115W",1.154
1.11019995117187,0.300509963735567,"F115W",1.154
1.11119995117188,0.300405734135258,"F115W",1.154
1.11219995117187,0.300587925098443,"F115W",1.154
1.11319995117188,0.300120220589459,"F115W",1.154
1.11419995117187,0.300008456029055,"F115W",1.154
1.11519995117188,0.299528805098109,"F115W",1.154
1.11619995117187,0.298568392534446,"F115W",1.154
1.11719995117188,0.297807636751895,"F115W",1.154
1.11819995117187,0.296870209721889,"F115W",1.154
1.11919995117188,0.29626829070686,"F115W",1.154
1.12019995117187,0.296102720663094,"F115W",1.154
1.12119995117188,0.295293602080136,"F115W",1.154
1.12219995117187,0.294675995878046,"F115W",1.154
1.12319995117188,0.293364940505073,"F115W",1.154
1.12419995117187,0.2933701229905,"F115W",1.154
1.12519995117188,0.2930471282416,"F115W",1.154
1.12619995117187,0.29354118965774,"F115W",1.154
1.12719995117188,0.293766805152411,"F115W",1.154
1.12819995117187,0.294725123836346,"F115W",1.154
1.12919995117188,0.295175401723234,"F115W",1.154
1.13019995117187,0.295761580769045,"F115W",1.154
1.13119995117188,0.296245253827833,"F115W",1.154
1.13219995117187,0.297530360089029,"F115W",1.154
1.13319995117188,0.298374429333666,"F115W",1.154
1.13419995117187,0.299417017634635,"F115W",1.154
1.13519995117188,0.300023436651145,"F115W",1.154
1.13619995117188,0.301249161342578,"F115W",1.154
1.13719995117187,0.30278143750536,"F115W",1.154
1.13819995117188,0.303637007229412,"F115W",1.154
1.13919995117187,0.30526358332093,"F115W",1.154
1.14019995117188,0.306066517743353,"F115W",1.154
1.14119995117187,0.308092780245435,"F115W",1.154
1.14219995117188,0.310360888230993,"F115W",1.154
1.14319995117187,0.31299474029648,"F115W",1.154
1.14419995117188,0.315802966987039,"F115W",1.154
1.14519995117187,0.318130192906044,"F115W",1.154
1.14619995117188,0.319899359134452,"F115W",1.154
1.14719995117187,0.321535205270687,"F115W",1.154
1.14819995117188,0.323065191374965,"F115W",1.154
1.14919995117187,0.32551267468845,"F115W",1.154
1.15019995117188,0.327488166692851,"F115W",1.154
1.15119995117187,0.329522519679483,"F115W",1.154
1.15219995117188,0.331473387746052,"F115W",1.154
1.15319995117187,0.332909883039044,"F115W",1.154
1.15419995117188,0.334564995725035,"F115W",1.154
1.15519995117187,0.336296989941239,"F115W",1.154
1.15619995117188,0.338362791581158,"F115W",1.154
1.15719995117187,0.340481078412241,"F115W",1.154
1.15819995117188,0.342215664620551,"F115W",1.154
1.15919995117187,0.344819194996646,"F115W",1.154
1.16019995117188,0.34578397772312,"F115W",1.154
1.16119995117187,0.3476219175999,"F115W",1.154
1.16219995117188,0.348624125340916,"F115W",1.154
1.16319995117187,0.350623938271844,"F115W",1.154
1.16419995117188,0.351679246266061,"F115W",1.154
1.16519995117187,0.352880566340342,"F115W",1.154
1.16619995117188,0.353936334604636,"F115W",1.154
1.16719995117187,0.355235598741287,"F115W",1.154
1.16819995117188,0.355849183854854,"F115W",1.154
1.16919995117187,0.356576994882952,"F115W",1.154
1.17019995117188,0.357203595373408,"F115W",1.154
1.17119995117187,0.357689480391114,"F115W",1.154
1.17219995117188,0.358339723460214,"F115W",1.154
1.17319995117187,0.358578995107614,"F115W",1.154
1.17419995117188,0.359140789967483,"F115W",1.154
1.17519995117187,0.359557034689593,"F115W",1.154
1.17619995117188,0.359406633238874,"F115W",1.154
1.17719995117187,0.359859715357739,"F115W",1.154
1.17819995117188,0.359590195092574,"F115W",1.154
1.17919995117187,0.359425478095732,"F115W",1.154
1.18019995117188,0.359083157854326,"F115W",1.154
1.18119995117187,0.359490517855533,"F115W",1.154
1.18219995117188,0.360055766925769,"F115W",1.154
1.18319995117187,0.359627128036228,"F115W",1.154
1.18419995117188,0.359038490255019,"F115W",1.154
1.18519995117187,0.358336660423781,"F115W",1.154
1.18619995117188,0.357744637592755,"F115W",1.154
1.18719995117187,0.35628601767665,"F115W",1.154
1.18819995117188,0.355679418586383,"F115W",1.154
1.18919995117187,0.355718355248286,"F115W",1.154
1.19019995117188,0.356093397926615,"F115W",1.154
1.19119995117187,0.35527427666215,"F115W",1.154
1.19219995117188,0.353315192098068,"F115W",1.154
1.19319995117187,0.352545675894459,"F115W",1.154
1.19419995117188,0.351562417574395,"F115W",1.154
1.19519995117187,0.350598621397607,"F115W",1.154
1.19619995117188,0.349166660842257,"F115W",1.154
1.19719995117187,0.348578146787252,"F115W",1.154
1.19819995117188,0.348085136339552,"F115W",1.154
1.19919995117187,0.347631547325617,"F115W",1.154
1.20019995117188,0.347024230795019,"F115W",1.154
1.20119995117187,0.347035133370033,"F115W",1.154
1.20219995117188,0.346974180826741,"F115W",1.154
1.20319995117187,0.346181920503072,"F115W",1.154
1.20419995117188,0.346339523799571,"F115W",1.154
1.20519995117187,0.346102358381807,"F115W",1.154
1.20619995117188,0.345940535511348,"F115W",1.154
1.20719995117187,0.345714211577388,"F115W",1.154
1.20819995117188,0.3455938490177,"F115W",1.154
1.20919995117187,0.346655899704496,"F115W",1.154
1.21019995117188,0.346357538692004,"F115W",1.154
1.21119995117187,0.34715333949333,"F115W",1.154
1.21219995117188,0.346985709805325,"F115W",1.154
1.21319995117187,0.348299862551059,"F115W",1.154
1.21419995117188,0.348611598764024,"F115W",1.154
1.21519995117187,0.349624423187508,"F115W",1.154
1.21619995117188,0.34965144060204,"F115W",1.154
1.21719995117187,0.350148104681461,"F115W",1.154
1.21819995117188,0.35148865218832,"F115W",1.154
1.21919995117187,0.352636730596528,"F115W",1.154
1.22019995117188,0.353876938614102,"F115W",1.154
1.22119995117187,0.355098674133422,"F115W",1.154
1.22219995117188,0.356873951004705,"F115W",1.154
1.22319995117187,0.358646737938244,"F115W",1.154
1.22419995117188,0.359870516199738,"F115W",1.154
1.22519995117187,0.361226865573568,"F115W",1.154
1.22619995117188,0.362869587212228,"F115W",1.154
1.22719995117187,0.364949966220235,"F115W",1.154
1.22819995117188,0.366582556160326,"F115W",1.154
1.22919995117187,0.367898371036229,"F115W",1.154
1.23019995117188,0.369740357762929,"F115W",1.154
1.23119995117187,0.37087718046833,"F115W",1.154
1.23219995117188,0.372703166698692,"F115W",1.154
1.23319995117187,0.373309979867042,"F115W",1.154
1.23419995117188,0.374946981371505,"F115W",1.154
1.23519995117187,0.375853087697356,"F115W",1.154
1.23619995117188,0.376730539136606,"F115W",1.154
1.23719995117187,0.377088865413082,"F115W",1.154
1.23819995117188,0.377739374833917,"F115W",1.154
1.23919995117187,0.377969576302982,"F115W",1.154
1.24019995117188,0.379146374177032,"F115W",1.154
1.24119995117187,0.379796415662371,"F115W",1.154
1.24219995117188,0.381339660894707,"F115W",1.154
1.24319995117187,0.382065722039785,"F115W",1.154
1.24419995117188,0.383516597988894,"F115W",1.154
1.24519995117187,0.384473415181686,"F115W",1.154
1.24619995117188,0.385323707788704,"F115W",1.154
1.24719995117187,0.385501065579001,"F115W",1.154
1.24819995117188,0.386177437679396,"F115W",1.154
1.24919995117187,0.387283053394646,"F115W",1.154
1.25019995117188,0.38786789544726,"F115W",1.154
1.25119995117187,0.389411343918689,"F115W",1.154
1.25219995117188,0.390381453679905,"F115W",1.154
1.25319995117187,0.391334205796608,"F115W",1.154
1.25419995117188,0.391228034204242,"F115W",1.154
1.25519995117187,0.391026619891075,"F115W",1.154
1.25619995117188,0.391296041541024,"F115W",1.154
1.25719995117187,0.392253100364386,"F115W",1.154
1.25819995117188,0.392338581108592,"F115W",1.154
1.25919995117187,0.392543917826328,"F115W",1.154
1.26019995117188,0.392381629698385,"F115W",1.154
1.26119995117188,0.39286370813493,"F115W",1.154
1.26219995117187,0.393113454793925,"F115W",1.154
1.26319995117188,0.393050836977676,"F115W",1.154
1.26419995117187,0.393056842984853,"F115W",1.154
1.26519995117188,0.39339904021519,"F115W",1.154
1.26619995117187,0.392677258884329,"F115W",1.154
1.26719995117188,0.392946666235986,"F115W",1.154
1.26819995117187,0.392641563776766,"F115W",1.154
1.26919995117188,0.392546938590411,"F115W",1.154
1.27019995117187,0.390503312537437,"F115W",1.154
1.27119995117188,0.387440535036979,"F115W",1.154
1.27219995117187,0.382286983097887,"F115W",1.154
1.27319995117188,0.37638184488933,"F115W",1.154
1.27419995117187,0.367221573899878,"F115W",1.154
1.27519995117188,0.355119157449156,"F115W",1.154
1.27619995117187,0.338046234587138,"F115W",1.154
1.27719995117188,0.31757080509824,"F115W",1.154
1.27819995117187,0.292694935697796,"F115W",1.154
1.27919995117188,0.265099998968201,"F115W",1.154
1.28019995117187,0.235698345442843,"F115W",1.154
1.28119995117188,0.206629019689791,"F115W",1.154
1.28219995117187,0.179333047796621,"F115W",1.154
1.28319995117188,0.15494189276426,"F115W",1.154
1.28419995117187,0.133442788465948,"F115W",1.154
1.28519995117188,0.114925340477785,"F115W",1.154
1.28619995117187,0.0984056308832764,"F115W",1.154
1.28719995117188,0.084565068225661,"F115W",1.154
1.28819995117187,0.0724259153770628,"F115W",1.154
1.28919995117188,0.0628594919007232,"F115W",1.154
1.29019995117187,0.0546075242487867,"F115W",1.154
1.29119995117188,0.0478994990598225,"F115W",1.154
1.29219995117187,0.0417894226427955,"F115W",1.154
1.29319995117188,0.0369964577052042,"F115W",1.154
1.29419995117187,0.0326497301358666,"F115W",1.154
1.29519995117188,0.0290850747512098,"F115W",1.154
1.29619995117187,0.0254353381312905,"F115W",1.154
1.29719995117188,0.021852015614558,"F115W",1.154
1.29819995117187,0.018182244185001,"F115W",1.154
1.29919995117188,0.014890382633902,"F115W",1.154
1.30019995117187,0.012131287024632,"F115W",1.154
1.30119995117188,0.00982976093133216,"F115W",1.154
1.30219995117187,0.00796764949690887,"F115W",1.154
1.30319995117188,0.00645780859614305,"F115W",1.154
1.30419995117187,0.00526514978930633,"F115W",1.154
1.30519995117188,0.00428713998346562,"F115W",1.154
1.30619995117187,0.00349530559524658,"F115W",1.154
1.30719995117188,0.00285831395460469,"F115W",1.154
1.30819995117187,0.00235363100724457,"F115W",1.154
1.30919995117188,0.00195404066426645,"F115W",1.154
1.31019995117187,0.00162832784351499,"F115W",1.154
1.31119995117188,0.00136087847773319,"F115W",1.154
1.31219995117187,0.00114183509861723,"F115W",1.154
1.31319995117188,0.000964974257424447,"F115W",1.154
1.31419995117187,0.000816090958795793,"F115W",1.154
1.31519995117188,0.0006929523966513,"F115W",1.154
1.31619995117187,0.000588989174646425,"F115W",1.154
1.31719995117188,0.000503078790651826,"F115W",1.154
1.31819995117187,0.000431229257989812,"F115W",1.154
1.31919995117188,0.000370366658677814,"F115W",1.154
1.32019995117187,0.000318404930134627,"F115W",1.154
1.32119995117188,0.000275484658544584,"F115W",1.154
1.32219995117187,0.000239354361638913,"F115W",1.154
1.32319995117188,0.000209002276632507,"F115W",1.154
1.32419995117187,0.000182190292468116,"F115W",1.154
1.32519995117188,0.000158910173566123,"F115W",1.154
1.32619995117187,0.000139780469122742,"F115W",1.154
1.32719995117188,0.000123009164281139,"F115W",1.154
1.32819995117187,0.000108720446943798,"F115W",1.154
1.32919995117188,9.53582120732008e-05,"F115W",1.154
1.33019995117187,8.49239928719993e-05,"F115W",1.154
1.33119995117188,7.55597624029778e-05,"F115W",1.154
1.33219995117187,6.76599671501483e-05,"F115W",1.154
1.33319995117188,6.03548839506017e-05,"F115W",1.154
1.33419995117187,5.42602074915559e-05,"F115W",1.154
1.33519995117188,4.85081062805281e-05,"F115W",1.154
1.33619995117187,4.36231760591769e-05,"F115W",1.154
1.33719995117188,3.93685964663551e-05,"F115W",1.154
1.33819995117187,3.56514071435768e-05,"F115W",1.154
1.33919995117188,3.22924102901616e-05,"F115W",1.154
1.34019995117187,2.93607078918235e-05,"F115W",1.154
1.34119995117188,2.69023280788439e-05,"F115W",1.154
1.34219995117187,2.47959702159206e-05,"F115W",1.154
1.34319995117188,2.29046587323295e-05,"F115W",1.154
1.34419995117187,2.12787798853558e-05,"F115W",1.154
1.34519995117188,1.94588126383095e-05,"F115W",1.154
1.34619995117187,1.76259612924835e-05,"F115W",1.154
1.34719995117188,1.63981555517008e-05,"F115W",1.154
1.34819995117187,1.51451544399802e-05,"F115W",1.154
1.34919995117188,1.38336817512844e-05,"F115W",1.154
1.35019995117187,1.25194143677469e-05,"F115W",1.154
1.35119995117188,1.18572619911078e-05,"F115W",1.154
1.35219995117187,1.09941388807482e-05,"F115W",1.154
1.35319995117188,1.04010227863835e-05,"F115W",1.154
1.35419995117187,9.19281318644011e-06,"F115W",1.154
1.35519995117187,0,"F115W",1.154
1.35619995117187,0,"F115W",1.154
NA,NA,"F115W",1.154
1.2487900390625,0,"F150W",1.501
1.2497900390625,0,"F150W",1.501
1.2507900390625,6.02410368552663e-06,"F150W",1.501
1.2517900390625,6.82876726415846e-06,"F150W",1.501
1.2527900390625,7.26429471668686e-06,"F150W",1.501
1.2537900390625,7.73218319261828e-06,"F150W",1.501
1.2547900390625,8.69538071770503e-06,"F150W",1.501
1.2557900390625,9.41147551162088e-06,"F150W",1.501
1.2567900390625,1.01583929512645e-05,"F150W",1.501
1.2577900390625,1.08836635179835e-05,"F150W",1.501
1.2587900390625,1.19662575809601e-05,"F150W",1.501
1.2597900390625,1.29551762630882e-05,"F150W",1.501
1.2607900390625,1.44098666776119e-05,"F150W",1.501
1.2617900390625,1.54397589423534e-05,"F150W",1.501
1.2627900390625,1.74514852274065e-05,"F150W",1.501
1.2637900390625,1.91172983245062e-05,"F150W",1.501
1.2647900390625,2.09764306121593e-05,"F150W",1.501
1.2657900390625,2.33578012638439e-05,"F150W",1.501
1.2667900390625,2.57314742985205e-05,"F150W",1.501
1.2677900390625,2.8628456702921e-05,"F150W",1.501
1.2687900390625,3.16097049984221e-05,"F150W",1.501
1.2697900390625,3.50800341489626e-05,"F150W",1.501
1.2707900390625,3.97897337123916e-05,"F150W",1.501
1.2717900390625,4.43145787236006e-05,"F150W",1.501
1.2727900390625,5.02210621232617e-05,"F150W",1.501
1.2737900390625,5.63577549112876e-05,"F150W",1.501
1.2747900390625,6.40046034122262e-05,"F150W",1.501
1.2757900390625,7.2812072229436e-05,"F150W",1.501
1.2767900390625,8.31768199685573e-05,"F150W",1.501
1.2777900390625,9.46590021660012e-05,"F150W",1.501
1.2787900390625,0.000108295470929727,"F150W",1.501
1.2797900390625,0.000124043753753237,"F150W",1.501
1.2807900390625,0.000142223681597594,"F150W",1.501
1.2817900390625,0.000163475425377482,"F150W",1.501
1.2827900390625,0.000187531006536801,"F150W",1.501
1.2837900390625,0.000215157796270066,"F150W",1.501
1.2847900390625,0.000246663267843433,"F150W",1.501
1.2857900390625,0.000283724292029973,"F150W",1.501
1.2867900390625,0.00032833245645711,"F150W",1.501
1.2877900390625,0.000375716992146329,"F150W",1.501
1.2887900390625,0.000436198507786155,"F150W",1.501
1.2897900390625,0.000506627820458773,"F150W",1.501
1.2907900390625,0.00058571100505384,"F150W",1.501
1.2917900390625,0.000678193553778087,"F150W",1.501
1.2927900390625,0.000799697498181254,"F150W",1.501
1.2937900390625,0.000931983698973197,"F150W",1.501
1.2947900390625,0.00108908853619033,"F150W",1.501
1.2957900390625,0.00129816955749307,"F150W",1.501
1.2967900390625,0.00153473892529363,"F150W",1.501
1.2977900390625,0.00182664448929066,"F150W",1.501
1.2987900390625,0.00220037598589115,"F150W",1.501
1.2997900390625,0.00264741428198919,"F150W",1.501
1.3007900390625,0.0031959864807144,"F150W",1.501
1.3017900390625,0.00388931706489217,"F150W",1.501
1.3027900390625,0.0047430882051928,"F150W",1.501
1.3037900390625,0.00575722178842084,"F150W",1.501
1.3047900390625,0.00697622138721971,"F150W",1.501
1.3057900390625,0.00837673151720882,"F150W",1.501
1.3067900390625,0.00968016059915172,"F150W",1.501
1.3077900390625,0.0105892064610457,"F150W",1.501
1.3087900390625,0.0117497129690433,"F150W",1.501
1.3097900390625,0.0127799484443709,"F150W",1.501
1.3107900390625,0.0140014093635964,"F150W",1.501
1.3117900390625,0.0155464583647825,"F150W",1.501
1.3127900390625,0.0174318607119002,"F150W",1.501
1.3137900390625,0.0194447321082391,"F150W",1.501
1.3147900390625,0.0222175966759939,"F150W",1.501
1.3157900390625,0.0245817932511487,"F150W",1.501
1.3167900390625,0.0281903693355787,"F150W",1.501
1.3177900390625,0.0319736624566554,"F150W",1.501
1.3187900390625,0.0373472864602993,"F150W",1.501
1.3197900390625,0.0431776198216474,"F150W",1.501
1.3207900390625,0.0512582434766926,"F150W",1.501
1.3217900390625,0.0600632166592814,"F150W",1.501
1.3227900390625,0.0711723232484943,"F150W",1.501
1.3237900390625,0.082917802944702,"F150W",1.501
1.3247900390625,0.0982377123879307,"F150W",1.501
1.3257900390625,0.113326396071838,"F150W",1.501
1.3267900390625,0.132048866429826,"F150W",1.501
1.3277900390625,0.152373262669433,"F150W",1.501
1.3287900390625,0.175819602661408,"F150W",1.501
1.3297900390625,0.200852150165794,"F150W",1.501
1.3307900390625,0.227940254924036,"F150W",1.501
1.3317900390625,0.254525582598843,"F150W",1.501
1.3327900390625,0.281158497779889,"F150W",1.501
1.3337900390625,0.307180224640387,"F150W",1.501
1.3347900390625,0.329862023849812,"F150W",1.501
1.3357900390625,0.350095897258854,"F150W",1.501
1.3367900390625,0.367145447007178,"F150W",1.501
1.3377900390625,0.381454889056616,"F150W",1.501
1.3387900390625,0.392075817056103,"F150W",1.501
1.3397900390625,0.400014692966508,"F150W",1.501
1.3407900390625,0.40528422778035,"F150W",1.501
1.3417900390625,0.40889857070569,"F150W",1.501
1.3427900390625,0.41155578967309,"F150W",1.501
1.3437900390625,0.415358124841761,"F150W",1.501
1.3447900390625,0.414659433854126,"F150W",1.501
1.3457900390625,0.416057740357309,"F150W",1.501
1.3467900390625,0.41839124017967,"F150W",1.501
1.3477900390625,0.418985650651635,"F150W",1.501
1.3487900390625,0.420458103707524,"F150W",1.501
1.3497900390625,0.421438052792174,"F150W",1.501
1.3507900390625,0.423083167729499,"F150W",1.501
1.3517900390625,0.423609460073882,"F150W",1.501
1.3527900390625,0.424073088641688,"F150W",1.501
1.3537900390625,0.425728089343433,"F150W",1.501
1.3547900390625,0.424996254548093,"F150W",1.501
1.3557900390625,0.425418271085235,"F150W",1.501
1.3567900390625,0.425091720738443,"F150W",1.501
1.3577900390625,0.424667762565659,"F150W",1.501
1.3587900390625,0.424704709843017,"F150W",1.501
1.3597900390625,0.424383495708185,"F150W",1.501
1.3607900390625,0.42384290594745,"F150W",1.501
1.3617900390625,0.423388520474813,"F150W",1.501
1.3627900390625,0.422360277389035,"F150W",1.501
1.3637900390625,0.42285526191286,"F150W",1.501
1.3647900390625,0.423542874891446,"F150W",1.501
1.3657900390625,0.423731883125302,"F150W",1.501
1.3667900390625,0.422596589209833,"F150W",1.501
1.3677900390625,0.422493112218438,"F150W",1.501
1.3687900390625,0.423777355825434,"F150W",1.501
1.3697900390625,0.423275624492933,"F150W",1.501
1.3707900390625,0.424525681307953,"F150W",1.501
1.3717900390625,0.424546021156387,"F150W",1.501
1.3727900390625,0.423286871066137,"F150W",1.501
1.3737900390625,0.422931468865543,"F150W",1.501
1.3747900390625,0.422773789171613,"F150W",1.501
1.3757900390625,0.423046431824506,"F150W",1.501
1.3767900390625,0.42283996059793,"F150W",1.501
1.3777900390625,0.423040313798337,"F150W",1.501
1.3787900390625,0.422619286408153,"F150W",1.501
1.3797900390625,0.422147675924114,"F150W",1.501
1.3807900390625,0.421273215080978,"F150W",1.501
1.3817900390625,0.420839700683413,"F150W",1.501
1.3827900390625,0.422236442735528,"F150W",1.501
1.3837900390625,0.421464716971171,"F150W",1.501
1.3847900390625,0.420739936755138,"F150W",1.501
1.3857900390625,0.421005890274925,"F150W",1.501
1.3867900390625,0.421083855009918,"F150W",1.501
1.3877900390625,0.419774570962894,"F150W",1.501
1.3887900390625,0.42028598910143,"F150W",1.501
1.3897900390625,0.420622752997015,"F150W",1.501
1.3907900390625,0.421011626749251,"F150W",1.501
1.3917900390625,0.420401373132481,"F150W",1.501
1.3927900390625,0.421706522762538,"F150W",1.501
1.3937900390625,0.421424097432547,"F150W",1.501
1.3947900390625,0.42234682709136,"F150W",1.501
1.3957900390625,0.422860836026173,"F150W",1.501
1.3967900390625,0.423057119553812,"F150W",1.501
1.3977900390625,0.42402473549293,"F150W",1.501
1.3987900390625,0.423964639402498,"F150W",1.501
1.3997900390625,0.424055528668859,"F150W",1.501
1.4007900390625,0.425868704064793,"F150W",1.501
1.4017900390625,0.42632717809425,"F150W",1.501
1.4027900390625,0.427026603641334,"F150W",1.501
1.4037900390625,0.428107627683193,"F150W",1.501
1.4047900390625,0.428536374748665,"F150W",1.501
1.4057900390625,0.429829918799961,"F150W",1.501
1.4067900390625,0.430046254458965,"F150W",1.501
1.4077900390625,0.430069257798895,"F150W",1.501
1.4087900390625,0.431501718114205,"F150W",1.501
1.4097900390625,0.432353946085185,"F150W",1.501
1.4107900390625,0.431688432247056,"F150W",1.501
1.4117900390625,0.433683217324204,"F150W",1.501
1.4127900390625,0.43464126943399,"F150W",1.501
1.4137900390625,0.436020693283987,"F150W",1.501
1.4147900390625,0.436165644896433,"F150W",1.501
1.4157900390625,0.437291217037436,"F150W",1.501
1.4167900390625,0.438772926700839,"F150W",1.501
1.4177900390625,0.438391490494034,"F150W",1.501
1.4187900390625,0.440566594102089,"F150W",1.501
1.4197900390625,0.440836764590698,"F150W",1.501
1.4207900390625,0.440981446575234,"F150W",1.501
1.4217900390625,0.44223414312466,"F150W",1.501
1.4227900390625,0.442560365505037,"F150W",1.501
1.4237900390625,0.443967856027924,"F150W",1.501
1.4247900390625,0.444353622441829,"F150W",1.501
1.4257900390625,0.44364423926588,"F150W",1.501
1.4267900390625,0.44522693605348,"F150W",1.501
1.4277900390625,0.445519041924174,"F150W",1.501
1.4287900390625,0.445701642335006,"F150W",1.501
1.4297900390625,0.447780046293225,"F150W",1.501
1.4307900390625,0.447621752134756,"F150W",1.501
1.4317900390625,0.448375165422402,"F150W",1.501
1.4327900390625,0.447601043922546,"F150W",1.501
1.4337900390625,0.448208416632408,"F150W",1.501
1.4347900390625,0.449310999059256,"F150W",1.501
1.4357900390625,0.448942774676702,"F150W",1.501
1.4367900390625,0.449092292742064,"F150W",1.501
1.4377900390625,0.450512778264879,"F150W",1.501
1.4387900390625,0.450372529986237,"F150W",1.501
1.4397900390625,0.45031643371401,"F150W",1.501
1.4407900390625,0.451736363890626,"F150W",1.501
1.4417900390625,0.450637967072926,"F150W",1.501
1.4427900390625,0.451450789998467,"F150W",1.501
1.4437900390625,0.452255045982074,"F150W",1.501
1.4447900390625,0.453001597065175,"F150W",1.501
1.4457900390625,0.452225741046058,"F150W",1.501
1.4467900390625,0.452749530139032,"F150W",1.501
1.4477900390625,0.452518912695569,"F150W",1.501
1.4487900390625,0.454398387227434,"F150W",1.501
1.4497900390625,0.45339356355336,"F150W",1.501
1.4507900390625,0.453437076472312,"F150W",1.501
1.4517900390625,0.454387614220608,"F150W",1.501
1.4527900390625,0.454366456119966,"F150W",1.501
1.4537900390625,0.452817755986311,"F150W",1.501
1.4547900390625,0.45197049243267,"F150W",1.501
1.4557900390625,0.453042553292013,"F150W",1.501
1.4567900390625,0.451876769364132,"F150W",1.501
1.4577900390625,0.451840827225473,"F150W",1.501
1.4587900390625,0.452582395526037,"F150W",1.501
1.4597900390625,0.451830166081022,"F150W",1.501
1.4607900390625,0.450110727928909,"F150W",1.501
1.4617900390625,0.449024558168274,"F150W",1.501
1.4627900390625,0.448441249152137,"F150W",1.501
1.4637900390625,0.447978384148168,"F150W",1.501
1.4647900390625,0.44783343405814,"F150W",1.501
1.4657900390625,0.447951053067182,"F150W",1.501
1.4667900390625,0.446016472363966,"F150W",1.501
1.4677900390625,0.445941341800842,"F150W",1.501
1.4687900390625,0.446094779023791,"F150W",1.501
1.4697900390625,0.445094674221991,"F150W",1.501
1.4707900390625,0.44356074622738,"F150W",1.501
1.4717900390625,0.443285850971248,"F150W",1.501
1.4727900390625,0.443846687652292,"F150W",1.501
1.4737900390625,0.442273957245024,"F150W",1.501
1.4747900390625,0.443904339044461,"F150W",1.501
1.4757900390625,0.442718035103212,"F150W",1.501
1.4767900390625,0.44340365114238,"F150W",1.501
1.4777900390625,0.443607236795627,"F150W",1.501
1.4787900390625,0.443857094944109,"F150W",1.501
1.4797900390625,0.444193250689114,"F150W",1.501
1.4807900390625,0.443761068714088,"F150W",1.501
1.4817900390625,0.444513274130296,"F150W",1.501
1.4827900390625,0.445359302820506,"F150W",1.501
1.4837900390625,0.444913623257619,"F150W",1.501
1.4847900390625,0.446417237274035,"F150W",1.501
1.4857900390625,0.448732214032648,"F150W",1.501
1.4867900390625,0.447749605273914,"F150W",1.501
1.4877900390625,0.448890462105243,"F150W",1.501
1.4887900390625,0.449449779741919,"F150W",1.501
1.4897900390625,0.450080128036511,"F150W",1.501
1.4907900390625,0.450886870138267,"F150W",1.501
1.4917900390625,0.452875662504315,"F150W",1.501
1.4927900390625,0.45326048311579,"F150W",1.501
1.4937900390625,0.453781361233908,"F150W",1.501
1.4947900390625,0.454238672266029,"F150W",1.501
1.4957900390625,0.455576360587579,"F150W",1.501
1.4967900390625,0.456883852120878,"F150W",1.501
1.4977900390625,0.456230557929548,"F150W",1.501
1.4987900390625,0.457271412345545,"F150W",1.501
1.4997900390625,0.460020794075864,"F150W",1.501
1.5007900390625,0.460588261286712,"F150W",1.501
1.5017900390625,0.460612640022865,"F150W",1.501
1.5027900390625,0.460977133024382,"F150W",1.501
1.5037900390625,0.46272336518501,"F150W",1.501
1.5047900390625,0.46325386926635,"F150W",1.501
1.5057900390625,0.46350180286922,"F150W",1.501
1.5067900390625,0.46513883471843,"F150W",1.501
1.5077900390625,0.465241797068468,"F150W",1.501
1.5087900390625,0.466708867542011,"F150W",1.501
1.5097900390625,0.468010712096566,"F150W",1.501
1.5107900390625,0.468460791301735,"F150W",1.501
1.5117900390625,0.468096142715495,"F150W",1.501
1.5127900390625,0.469792225816422,"F150W",1.501
1.5137900390625,0.470507485271255,"F150W",1.501
1.5147900390625,0.469538170457952,"F150W",1.501
1.5157900390625,0.470533002585568,"F150W",1.501
1.5167900390625,0.470862783607615,"F150W",1.501
1.5177900390625,0.472471565617224,"F150W",1.501
1.5187900390625,0.470370153093588,"F150W",1.501
1.5197900390625,0.471679896021325,"F150W",1.501
1.5207900390625,0.470926825475727,"F150W",1.501
1.5217900390625,0.470257878738411,"F150W",1.501
1.5227900390625,0.472735438498815,"F150W",1.501
1.5237900390625,0.471073068836083,"F150W",1.501
1.5247900390625,0.470120559909874,"F150W",1.501
1.5257900390625,0.471005597311754,"F150W",1.501
1.5267900390625,0.470990812154381,"F150W",1.501
1.5277900390625,0.470612702615943,"F150W",1.501
1.5287900390625,0.470032687683725,"F150W",1.501
1.5297900390625,0.468531246845711,"F150W",1.501
1.5307900390625,0.47025377906524,"F150W",1.501
1.5317900390625,0.468857422991988,"F150W",1.501
1.5327900390625,0.468466583096668,"F150W",1.501
1.5337900390625,0.467257481281901,"F150W",1.501
1.5347900390625,0.46795697423046,"F150W",1.501
1.5357900390625,0.468060717180814,"F150W",1.501
1.5367900390625,0.467251080218816,"F150W",1.501
1.5377900390625,0.468605769708232,"F150W",1.501
1.5387900390625,0.467773481862497,"F150W",1.501
1.5397900390625,0.46684028289742,"F150W",1.501
1.5407900390625,0.466785902877543,"F150W",1.501
1.5417900390625,0.466933257589876,"F150W",1.501
1.5427900390625,0.466815376386091,"F150W",1.501
1.5437900390625,0.467512564450508,"F150W",1.501
1.5447900390625,0.46654969942231,"F150W",1.501
1.5457900390625,0.466838898560682,"F150W",1.501
1.5467900390625,0.466751577062531,"F150W",1.501
1.5477900390625,0.466196428228999,"F150W",1.501
1.5487900390625,0.467603682952367,"F150W",1.501
1.5497900390625,0.465204112999008,"F150W",1.501
1.5507900390625,0.466470885521062,"F150W",1.501
1.5517900390625,0.464607551520646,"F150W",1.501
1.5527900390625,0.466229120399725,"F150W",1.501
1.5537900390625,0.465139901369493,"F150W",1.501
1.5547900390625,0.466370704597652,"F150W",1.501
1.5557900390625,0.464575251521448,"F150W",1.501
1.5567900390625,0.463954829867239,"F150W",1.501
1.5577900390625,0.464017977290338,"F150W",1.501
1.5587900390625,0.464286098852583,"F150W",1.501
1.5597900390625,0.464546053559049,"F150W",1.501
1.5607900390625,0.46395169355733,"F150W",1.501
1.5617900390625,0.464980080242498,"F150W",1.501
1.5627900390625,0.462832433024238,"F150W",1.501
1.5637900390625,0.463749218510311,"F150W",1.501
1.5647900390625,0.463278159421029,"F150W",1.501
1.5657900390625,0.463465024189122,"F150W",1.501
1.5667900390625,0.464374192957985,"F150W",1.501
1.5677900390625,0.464323289880186,"F150W",1.501
1.5687900390625,0.464589250583713,"F150W",1.501
1.5697900390625,0.464924357263242,"F150W",1.501
1.5707900390625,0.464992875934718,"F150W",1.501
1.5717900390625,0.465978656299336,"F150W",1.501
1.5727900390625,0.4684122021134,"F150W",1.501
1.5737900390625,0.467197584530872,"F150W",1.501
1.5747900390625,0.469368009183085,"F150W",1.501
1.5757900390625,0.468761556298676,"F150W",1.501
1.5767900390625,0.471117289167796,"F150W",1.501
1.5777900390625,0.471763570195794,"F150W",1.501
1.5787900390625,0.471426529737163,"F150W",1.501
1.5797900390625,0.473331481211329,"F150W",1.501
1.5807900390625,0.47456067836975,"F150W",1.501
1.5817900390625,0.474858598954234,"F150W",1.501
1.5827900390625,0.475853423243985,"F150W",1.501
1.5837900390625,0.477332161186779,"F150W",1.501
1.5847900390625,0.478787597090239,"F150W",1.501
1.5857900390625,0.47861994911342,"F150W",1.501
1.5867900390625,0.477131441550149,"F150W",1.501
1.5877900390625,0.479008933505177,"F150W",1.501
1.5887900390625,0.478276463418349,"F150W",1.501
1.5897900390625,0.479509324439697,"F150W",1.501
1.5907900390625,0.479455198581108,"F150W",1.501
1.5917900390625,0.480767530186939,"F150W",1.501
1.5927900390625,0.481270069891426,"F150W",1.501
1.5937900390625,0.48086895650189,"F150W",1.501
1.5947900390625,0.480179300830427,"F150W",1.501
1.5957900390625,0.48049399317196,"F150W",1.501
1.5967900390625,0.482346402822749,"F150W",1.501
1.5977900390625,0.481820792548453,"F150W",1.501
1.5987900390625,0.48179574124871,"F150W",1.501
1.5997900390625,0.479887167137489,"F150W",1.501
1.6007900390625,0.482695805481238,"F150W",1.501
1.6017900390625,0.481569776957414,"F150W",1.501
1.6027900390625,0.481572203811274,"F150W",1.501
1.6037900390625,0.48110842395947,"F150W",1.501
1.6047900390625,0.482481693751313,"F150W",1.501
1.6057900390625,0.482370400223462,"F150W",1.501
1.6067900390625,0.482493417568394,"F150W",1.501
1.6077900390625,0.482080299201998,"F150W",1.501
1.6087900390625,0.481593576354857,"F150W",1.501
1.6097900390625,0.482090101844,"F150W",1.501
1.6107900390625,0.482067234010423,"F150W",1.501
1.6117900390625,0.482409004927071,"F150W",1.501
1.6127900390625,0.481121297097342,"F150W",1.501
1.6137900390625,0.482355890018515,"F150W",1.501
1.6147900390625,0.482182009518743,"F150W",1.501
1.6157900390625,0.482774044438207,"F150W",1.501
1.6167900390625,0.48313583918237,"F150W",1.501
1.6177900390625,0.484636309955233,"F150W",1.501
1.6187900390625,0.481635009149247,"F150W",1.501
1.6197900390625,0.483694512604633,"F150W",1.501
1.6207900390625,0.481846017913992,"F150W",1.501
1.6217900390625,0.484230475390935,"F150W",1.501
1.6227900390625,0.482914744852426,"F150W",1.501
1.6237900390625,0.483539586637142,"F150W",1.501
1.6247900390625,0.483487755316418,"F150W",1.501
1.6257900390625,0.483471246801205,"F150W",1.501
1.6267900390625,0.482702205602778,"F150W",1.501
1.6277900390625,0.484705086433175,"F150W",1.501
1.6287900390625,0.484330634215374,"F150W",1.501
1.6297900390625,0.483365507276725,"F150W",1.501
1.6307900390625,0.484065736875599,"F150W",1.501
1.6317900390625,0.48471261678822,"F150W",1.501
1.6327900390625,0.485582471220607,"F150W",1.501
1.6337900390625,0.484471235030241,"F150W",1.501
1.6347900390625,0.484651382638033,"F150W",1.501
1.6357900390625,0.485827569040481,"F150W",1.501
1.6367900390625,0.485061630459229,"F150W",1.501
1.6377900390625,0.485268948990449,"F150W",1.501
1.6387900390625,0.484413515182664,"F150W",1.501
1.6397900390625,0.48539171385097,"F150W",1.501
1.6407900390625,0.483830015864861,"F150W",1.501
1.6417900390625,0.484413450172259,"F150W",1.501
1.6427900390625,0.48384593416669,"F150W",1.501
1.6437900390625,0.484352863880208,"F150W",1.501
1.6447900390625,0.480780937555656,"F150W",1.501
1.6457900390625,0.483933339608624,"F150W",1.501
1.6467900390625,0.483293116680017,"F150W",1.501
1.6477900390625,0.484961948705427,"F150W",1.501
1.6487900390625,0.483893932746158,"F150W",1.501
1.6497900390625,0.484547206077516,"F150W",1.501
1.6507900390625,0.485521154836057,"F150W",1.501
1.6517900390625,0.485627534422534,"F150W",1.501
1.6527900390625,0.487753600473651,"F150W",1.501
1.6537900390625,0.488080259988978,"F150W",1.501
1.6547900390625,0.487801615392798,"F150W",1.501
1.6557900390625,0.484979825065578,"F150W",1.501
1.6567900390625,0.483343951854148,"F150W",1.501
1.6577900390625,0.479544169614637,"F150W",1.501
1.6587900390625,0.472128667347549,"F150W",1.501
1.6597900390625,0.460895074733893,"F150W",1.501
1.6607900390625,0.448436982716899,"F150W",1.501
1.6617900390625,0.429868767905055,"F150W",1.501
1.6627900390625,0.408879387082244,"F150W",1.501
1.6637900390625,0.381480840680586,"F150W",1.501
1.6647900390625,0.35402127240308,"F150W",1.501
1.6657900390625,0.324620831799617,"F150W",1.501
1.6667900390625,0.292611330746787,"F150W",1.501
1.6677900390625,0.262582434620547,"F150W",1.501
1.6687900390625,0.23107010098894,"F150W",1.501
1.6697900390625,0.20083329114586,"F150W",1.501
1.6707900390625,0.174879238841518,"F150W",1.501
1.6717900390625,0.14968168328732,"F150W",1.501
1.6727900390625,0.128285619139139,"F150W",1.501
1.6737900390625,0.109463924252483,"F150W",1.501
1.6747900390625,0.0942647088054763,"F150W",1.501
1.6757900390625,0.0824710719105677,"F150W",1.501
1.6767900390625,0.0717698761831762,"F150W",1.501
1.6777900390625,0.0634788293845879,"F150W",1.501
1.6787900390625,0.055233386358533,"F150W",1.501
1.6797900390625,0.0486697815647827,"F150W",1.501
1.6807900390625,0.0428649780955037,"F150W",1.501
1.6817900390625,0.0384993238714184,"F150W",1.501
1.6827900390625,0.0338398431158681,"F150W",1.501
1.6837900390625,0.0302494905949741,"F150W",1.501
1.6847900390625,0.0264486720689796,"F150W",1.501
1.6857900390625,0.022617481410308,"F150W",1.501
1.6867900390625,0.019249983157943,"F150W",1.501
1.6877900390625,0.016238450260386,"F150W",1.501
1.6887900390625,0.0135775274110412,"F150W",1.501
1.6897900390625,0.0114497190665752,"F150W",1.501
1.6907900390625,0.0096285239845141,"F150W",1.501
1.6917900390625,0.00811888712871138,"F150W",1.501
1.6927900390625,0.00679327861232905,"F150W",1.501
1.6937900390625,0.00575450936624952,"F150W",1.501
1.6947900390625,0.00485611245246765,"F150W",1.501
1.6957900390625,0.00408757980934772,"F150W",1.501
1.6967900390625,0.00349068030757123,"F150W",1.501
1.6977900390625,0.00295698246147507,"F150W",1.501
1.6987900390625,0.00252113388141141,"F150W",1.501
1.6997900390625,0.00216051207394838,"F150W",1.501
1.7007900390625,0.00186212402891319,"F150W",1.501
1.7017900390625,0.00159459002562276,"F150W",1.501
1.7027900390625,0.00137751540646905,"F150W",1.501
1.7037900390625,0.00119278383022094,"F150W",1.501
1.7047900390625,0.00103176906756461,"F150W",1.501
1.7057900390625,0.000900169130233881,"F150W",1.501
1.7067900390625,0.00078591958976814,"F150W",1.501
1.7077900390625,0.000686037491817526,"F150W",1.501
1.7087900390625,0.000601118620112351,"F150W",1.501
1.7097900390625,0.000529215647996985,"F150W",1.501
1.7107900390625,0.000465365952172096,"F150W",1.501
1.7117900390625,0.000410204380255833,"F150W",1.501
1.7127900390625,0.000364837808574947,"F150W",1.501
1.7137900390625,0.000320640285304865,"F150W",1.501
1.7147900390625,0.000287051348626909,"F150W",1.501
1.7157900390625,0.000255560023649698,"F150W",1.501
1.7167900390625,0.000229084338970863,"F150W",1.501
1.7177900390625,0.000204452358172434,"F150W",1.501
1.7187900390625,0.000184277504257456,"F150W",1.501
1.7197900390625,0.000166198704862756,"F150W",1.501
1.7207900390625,0.00015022980008289,"F150W",1.501
1.7217900390625,0.000136689855422856,"F150W",1.501
1.7227900390625,0.000122639709717126,"F150W",1.501
1.7237900390625,0.000112081790389591,"F150W",1.501
1.7247900390625,0.000101723494722596,"F150W",1.501
1.7257900390625,9.3149791482411e-05,"F150W",1.501
1.7267900390625,8.36815824575078e-05,"F150W",1.501
1.7277900390625,7.79347799358019e-05,"F150W",1.501
1.7287900390625,6.98139360917106e-05,"F150W",1.501
1.7297900390625,6.51211560129223e-05,"F150W",1.501
1.7307900390625,5.97946473857523e-05,"F150W",1.501
1.7317900390625,5.41849709274542e-05,"F150W",1.501
1.7327900390625,5.09176301572887e-05,"F150W",1.501
1.7337900390625,4.48712883072224e-05,"F150W",1.501
1.7347900390625,4.24850126903311e-05,"F150W",1.501
1.7357900390625,3.90414867870194e-05,"F150W",1.501
1.7367900390625,3.5853515007043e-05,"F150W",1.501
1.7377900390625,3.40669380643573e-05,"F150W",1.501
1.7387900390625,3.13981937116571e-05,"F150W",1.501
1.7397900390625,2.89744914850866e-05,"F150W",1.501
1.7407900390625,2.65940630705232e-05,"F150W",1.501
1.7417900390625,2.46253124009508e-05,"F150W",1.501
1.7427900390625,2.29560615105468e-05,"F150W",1.501
1.7437900390625,2.20417434911616e-05,"F150W",1.501
1.7447900390625,1.99866692622009e-05,"F150W",1.501
1.7457900390625,1.93086107122138e-05,"F150W",1.501
1.7467900390625,1.75459559387918e-05,"F150W",1.501
1.7477900390625,1.72308215378431e-05,"F150W",1.501
1.7487900390625,1.65579177992785e-05,"F150W",1.501
1.7497900390625,1.48634993296267e-05,"F150W",1.501
1.7507900390625,0,"F150W",1.501
1.7517900390625,0,"F150W",1.501
NA,NA,"F150W",1.501
1.5985,0,"F182M",1.842
1.5995,0,"F182M",1.842
1.6005,5.49240291378795e-07,"F182M",1.842
1.6015,7.99951851182712e-07,"F182M",1.842
1.6025,4.74846510596084e-07,"F182M",1.842
1.6035,1.03630488602289e-06,"F182M",1.842
1.6045,2.04547335580646e-06,"F182M",1.842
1.6055,3.95556277985888e-08,"F182M",1.842
1.6065,9.61987273233073e-07,"F182M",1.842
1.6075,1.39895346131095e-06,"F182M",1.842
1.6085,3.07463883054577e-07,"F182M",1.842
1.6095,1.38125523205747e-06,"F182M",1.842
1.6105,1.35582056127566e-06,"F182M",1.842
1.6115,1.09046875371965e-06,"F182M",1.842
1.6125,2.9421985117589e-06,"F182M",1.842
1.6135,1.25789818432171e-06,"F182M",1.842
1.6145,2.23207437334847e-06,"F182M",1.842
1.6155,1.2850980835865e-06,"F182M",1.842
1.6165,2.57704826737416e-06,"F182M",1.842
1.6175,2.5845222760733e-06,"F182M",1.842
1.6185,2.61636431938145e-06,"F182M",1.842
1.6195,1.15695847815066e-06,"F182M",1.842
1.6205,2.97594668456334e-06,"F182M",1.842
1.6215,1.44507716416459e-06,"F182M",1.842
1.6225,3.25398915865053e-06,"F182M",1.842
1.6235,4.06860638822489e-06,"F182M",1.842
1.6245,3.83584679259097e-06,"F182M",1.842
1.6255,5.53749018123153e-06,"F182M",1.842
1.6265,5.44138466873232e-06,"F182M",1.842
1.6275,4.22519902067359e-06,"F182M",1.842
1.6285,6.55822205787071e-06,"F182M",1.842
1.6295,8.12757278651677e-06,"F182M",1.842
1.6305,8.28663786739413e-06,"F182M",1.842
1.6315,8.98991707070592e-06,"F182M",1.842
1.6325,7.80283774591504e-06,"F182M",1.842
1.6335,1.01778332059976e-05,"F182M",1.842
1.6345,9.33395566994747e-06,"F182M",1.842
1.6355,1.18443500231567e-05,"F182M",1.842
1.6365,1.22179964294863e-05,"F182M",1.842
1.6375,1.32440085292427e-05,"F182M",1.842
1.6385,1.51157695487377e-05,"F182M",1.842
1.6395,1.61644250650314e-05,"F182M",1.842
1.6405,1.43053451320842e-05,"F182M",1.842
1.6415,1.82148566028346e-05,"F182M",1.842
1.6425,1.80355487627279e-05,"F182M",1.842
1.6435,2.07368091641691e-05,"F182M",1.842
1.6445,2.18161968712144e-05,"F182M",1.842
1.6455,2.44520218112207e-05,"F182M",1.842
1.6465,2.5595717196302e-05,"F182M",1.842
1.6475,2.64786243384185e-05,"F182M",1.842
1.6485,2.65499712462589e-05,"F182M",1.842
1.6495,2.90397672211862e-05,"F182M",1.842
1.6505,3.00405909510623e-05,"F182M",1.842
1.6515,3.28248430590878e-05,"F182M",1.842
1.6525,3.53683768268598e-05,"F182M",1.842
1.6535,4.04035493581115e-05,"F182M",1.842
1.6545,4.38531376360178e-05,"F182M",1.842
1.6555,4.30685088535131e-05,"F182M",1.842
1.6565,4.77145544128309e-05,"F182M",1.842
1.6575,5.58295865995231e-05,"F182M",1.842
1.6585,6.02311902135367e-05,"F182M",1.842
1.6595,6.62482999498354e-05,"F182M",1.842
1.6605,7.54688341672867e-05,"F182M",1.842
1.6615,8.40913741852493e-05,"F182M",1.842
1.6625,9.52967235370719e-05,"F182M",1.842
1.6635,0.000108989289294432,"F182M",1.842
1.6645,0.000123879987300162,"F182M",1.842
1.6655,0.000143786744371148,"F182M",1.842
1.6665,0.00016341482929319,"F182M",1.842
1.6675,0.000193871333142666,"F182M",1.842
1.6685,0.000222346583489329,"F182M",1.842
1.6695,0.000255766869654755,"F182M",1.842
1.6705,0.000295871213867723,"F182M",1.842
1.6715,0.000338158336488039,"F182M",1.842
1.6725,0.000386613145846707,"F182M",1.842
1.6735,0.000439341736719812,"F182M",1.842
1.6745,0.000506116127046242,"F182M",1.842
1.6755,0.000581199546232005,"F182M",1.842
1.6765,0.000659583358567902,"F182M",1.842
1.6775,0.000742276922335659,"F182M",1.842
1.6785,0.000815761211079148,"F182M",1.842
1.6795,0.000930123660967601,"F182M",1.842
1.6805,0.00104336014541409,"F182M",1.842
1.6815,0.00116974780803425,"F182M",1.842
1.6825,0.00130599755828131,"F182M",1.842
1.6835,0.00144344341355605,"F182M",1.842
1.6845,0.00160596146645752,"F182M",1.842
1.6855,0.00176038541961136,"F182M",1.842
1.6865,0.0019701127097509,"F182M",1.842
1.6875,0.00216345837430107,"F182M",1.842
1.6885,0.00238826659997808,"F182M",1.842
1.6895,0.00271199895864695,"F182M",1.842
1.6905,0.00297937657035256,"F182M",1.842
1.6915,0.00336411531930472,"F182M",1.842
1.6925,0.00374986900398811,"F182M",1.842
1.6935,0.00426637801568146,"F182M",1.842
1.6945,0.00490462465927343,"F182M",1.842
1.6955,0.00550014794980406,"F182M",1.842
1.6965,0.00641569116075035,"F182M",1.842
1.6975,0.0076767836971349,"F182M",1.842
1.6985,0.00907901831069323,"F182M",1.842
1.6995,0.0110085960145888,"F182M",1.842
1.7005,0.0128468129830762,"F182M",1.842
1.7015,0.0156101190846507,"F182M",1.842
1.7025,0.0189908338905825,"F182M",1.842
1.7035,0.0225525827033177,"F182M",1.842
1.7045,0.0253915715587685,"F182M",1.842
1.7055,0.0278918838964815,"F182M",1.842
1.7065,0.0310487625900658,"F182M",1.842
1.7075,0.0341389366251904,"F182M",1.842
1.7085,0.0384925792857679,"F182M",1.842
1.7095,0.044146238690887,"F182M",1.842
1.7105,0.0475266090156527,"F182M",1.842
1.7115,0.0558688965673616,"F182M",1.842
1.7125,0.0623965593937634,"F182M",1.842
1.7135,0.0737315023859671,"F182M",1.842
1.7145,0.0833585930876119,"F182M",1.842
1.7155,0.100691273190125,"F182M",1.842
1.7165,0.11823095718506,"F182M",1.842
1.7175,0.140315220594189,"F182M",1.842
1.7185,0.168138485626136,"F182M",1.842
1.7195,0.187939676122108,"F182M",1.842
1.7205,0.220081233032824,"F182M",1.842
1.7215,0.251025382262438,"F182M",1.842
1.7225,0.28430249874114,"F182M",1.842
1.7235,0.310650451893176,"F182M",1.842
1.7245,0.328432037558269,"F182M",1.842
1.7255,0.354224958500359,"F182M",1.842
1.7265,0.363014722000081,"F182M",1.842
1.7275,0.369018991382437,"F182M",1.842
1.7285,0.378689108902409,"F182M",1.842
1.7295,0.384788478276979,"F182M",1.842
1.7305,0.384413320755043,"F182M",1.842
1.7315,0.400389388597258,"F182M",1.842
1.7325,0.403426079958088,"F182M",1.842
1.7335,0.409798957573885,"F182M",1.842
1.7345,0.417838347513463,"F182M",1.842
1.7355,0.425735703004069,"F182M",1.842
1.7365,0.43461733111663,"F182M",1.842
1.7375,0.448128411528136,"F182M",1.842
1.7385,0.448521023485384,"F182M",1.842
1.7395,0.456470148820961,"F182M",1.842
1.7405,0.464926193864431,"F182M",1.842
1.7415,0.464657010776377,"F182M",1.842
1.7425,0.476672459740669,"F182M",1.842
1.7435,0.481063752167254,"F182M",1.842
1.7445,0.473685027639002,"F182M",1.842
1.7455,0.483597163232473,"F182M",1.842
1.7465,0.481528045856638,"F182M",1.842
1.7475,0.479310126751306,"F182M",1.842
1.7485,0.47895542613806,"F182M",1.842
1.7495,0.471923316364655,"F182M",1.842
1.7505,0.492682453515159,"F182M",1.842
1.7515,0.48064102359291,"F182M",1.842
1.7525,0.482654476822413,"F182M",1.842
1.7535,0.480509911216262,"F182M",1.842
1.7545,0.482091908314532,"F182M",1.842
1.7555,0.481967736849876,"F182M",1.842
1.7565,0.490859889969108,"F182M",1.842
1.7575,0.487715555637889,"F182M",1.842
1.7585,0.489566765368655,"F182M",1.842
1.7595,0.485590060091835,"F182M",1.842
1.7605,0.489182447037436,"F182M",1.842
1.7615,0.493664968086483,"F182M",1.842
1.7625,0.492613109863664,"F182M",1.842
1.7635,0.491657981065878,"F182M",1.842
1.7645,0.483863469154869,"F182M",1.842
1.7655,0.489549981088032,"F182M",1.842
1.7665,0.496840748911023,"F182M",1.842
1.7675,0.494166090856187,"F182M",1.842
1.7685,0.493127103082184,"F182M",1.842
1.7695,0.485212501648668,"F182M",1.842
1.7705,0.489370919626511,"F182M",1.842
1.7715,0.495225247911541,"F182M",1.842
1.7725,0.488194958370758,"F182M",1.842
1.7735,0.481379411908325,"F182M",1.842
1.7745,0.486045804951257,"F182M",1.842
1.7755,0.484779984447893,"F182M",1.842
1.7765,0.47891344267746,"F182M",1.842
1.7775,0.491071744907165,"F182M",1.842
1.7785,0.475511872499483,"F182M",1.842
1.7795,0.485795650433565,"F182M",1.842
1.7805,0.484236766727381,"F182M",1.842
1.7815,0.479757742826386,"F182M",1.842
1.7825,0.476526323424385,"F182M",1.842
1.7835,0.481213558384842,"F182M",1.842
1.7845,0.483425160234336,"F182M",1.842
1.7855,0.479180119188204,"F182M",1.842
1.7865,0.472136062668656,"F182M",1.842
1.7875,0.47402141703813,"F182M",1.842
1.7885,0.480539230575879,"F182M",1.842
1.7895,0.47108201019965,"F182M",1.842
1.7905,0.471395093311581,"F182M",1.842
1.7915,0.4699333403665,"F182M",1.842
1.7925,0.471970525933376,"F182M",1.842
1.7935,0.472083149792978,"F182M",1.842
1.7945,0.462717703125216,"F182M",1.842
1.7955,0.473281725901943,"F182M",1.842
1.7965,0.470187466026425,"F182M",1.842
1.7975,0.465647117701359,"F182M",1.842
1.7985,0.464390192080663,"F182M",1.842
1.7995,0.470978695054992,"F182M",1.842
1.8005,0.470959217340125,"F182M",1.842
1.8015,0.470419354165822,"F182M",1.842
1.8025,0.476823338880229,"F182M",1.842
1.8035,0.473387388094146,"F182M",1.842
1.8045,0.465328929187154,"F182M",1.842
1.8055,0.471036222469618,"F182M",1.842
1.8065,0.47894932503109,"F182M",1.842
1.8075,0.488694194596353,"F182M",1.842
1.8085,0.48086907073237,"F182M",1.842
1.8095,0.483922890201067,"F182M",1.842
1.8105,0.487271552826752,"F182M",1.842
1.8115,0.488491592294749,"F182M",1.842
1.8125,0.483088380512914,"F182M",1.842
1.8135,0.492744736474826,"F182M",1.842
1.8145,0.483756380562472,"F182M",1.842
1.8155,0.492288575096549,"F182M",1.842
1.8165,0.494356712737299,"F182M",1.842
1.8175,0.495933483800643,"F182M",1.842
1.8185,0.491533092972355,"F182M",1.842
1.8195,0.504891048154502,"F182M",1.842
1.8205,0.496300810563405,"F182M",1.842
1.8215,0.496083602991243,"F182M",1.842
1.8225,0.497664365320308,"F182M",1.842
1.8235,0.500380439835647,"F182M",1.842
1.8245,0.497681937914846,"F182M",1.842
1.8255,0.497248163784437,"F182M",1.842
1.8265,0.503835294987712,"F182M",1.842
1.8275,0.497202041789718,"F182M",1.842
1.8285,0.497264258268235,"F182M",1.842
1.8295,0.495448486277237,"F182M",1.842
1.8305,0.494179120974325,"F182M",1.842
1.8315,0.510473199855098,"F182M",1.842
1.8325,0.495686461352021,"F182M",1.842
1.8335,0.492713961411582,"F182M",1.842
1.8345,0.502234976403109,"F182M",1.842
1.8355,0.492635681789547,"F182M",1.842
1.8365,0.497349657156899,"F182M",1.842
1.8375,0.496383392848987,"F182M",1.842
1.8385,0.490009409247883,"F182M",1.842
1.8395,0.492548133662709,"F182M",1.842
1.8405,0.494474563478497,"F182M",1.842
1.8415,0.488482666318468,"F182M",1.842
1.8425,0.489435779964287,"F182M",1.842
1.8435,0.494994477076478,"F182M",1.842
1.8445,0.484907720572318,"F182M",1.842
1.8455,0.489758807755408,"F182M",1.842
1.8465,0.478246683119063,"F182M",1.842
1.8475,0.489313175968837,"F182M",1.842
1.8485,0.481383530055418,"F182M",1.842
1.8495,0.482840609496679,"F182M",1.842
1.8505,0.481611106797398,"F182M",1.842
1.8515,0.479331208076426,"F182M",1.842
1.8525,0.476910850715795,"F182M",1.842
1.8535,0.478097365013968,"F182M",1.842
1.8545,0.47261883283734,"F182M",1.842
1.8555,0.473912931657189,"F182M",1.842
1.8565,0.478258480628092,"F182M",1.842
1.8575,0.476201557578328,"F182M",1.842
1.8585,0.478188519639605,"F182M",1.842
1.8595,0.479800449487168,"F182M",1.842
1.8605,0.476804986888294,"F182M",1.842
1.8615,0.47706463321065,"F182M",1.842
1.8625,0.477486185854504,"F182M",1.842
1.8635,0.476834957225947,"F182M",1.842
1.8645,0.482278895124387,"F182M",1.842
1.8655,0.482018592359413,"F182M",1.842
1.8665,0.486570693244425,"F182M",1.842
1.8675,0.487699498209804,"F182M",1.842
1.8685,0.489907331533083,"F182M",1.842
1.8695,0.493047265639862,"F182M",1.842
1.8705,0.495315205771915,"F182M",1.842
1.8715,0.490401172865828,"F182M",1.842
1.8725,0.496979421611402,"F182M",1.842
1.8735,0.49939546095065,"F182M",1.842
1.8745,0.505376453757628,"F182M",1.842
1.8755,0.507377846464487,"F182M",1.842
1.8765,0.496722923523229,"F182M",1.842
1.8775,0.51017936836471,"F182M",1.842
1.8785,0.502748781285778,"F182M",1.842
1.8795,0.507024845317877,"F182M",1.842
1.8805,0.503981862004277,"F182M",1.842
1.8815,0.506983026846398,"F182M",1.842
1.8825,0.506338209946804,"F182M",1.842
1.8835,0.505690539894065,"F182M",1.842
1.8845,0.5086315555608,"F182M",1.842
1.8855,0.504447468738861,"F182M",1.842
1.8865,0.504294308803788,"F182M",1.842
1.8875,0.510665434210192,"F182M",1.842
1.8885,0.503171683710924,"F182M",1.842
1.8895,0.505947268685719,"F182M",1.842
1.8905,0.501956543473449,"F182M",1.842
1.8915,0.500911291999347,"F182M",1.842
1.8925,0.508354696472578,"F182M",1.842
1.8935,0.498226838632042,"F182M",1.842
1.8945,0.498668691707993,"F182M",1.842
1.8955,0.499949867441942,"F182M",1.842
1.8965,0.49706030892171,"F182M",1.842
1.8975,0.50155267703071,"F182M",1.842
1.8985,0.495831168290782,"F182M",1.842
1.8995,0.490794451830052,"F182M",1.842
1.9005,0.494189828409822,"F182M",1.842
1.9015,0.49487349625494,"F182M",1.842
1.9025,0.490885840944003,"F182M",1.842
1.9035,0.483109441533495,"F182M",1.842
1.9045,0.492697999020776,"F182M",1.842
1.9055,0.484073115311674,"F182M",1.842
1.9065,0.487059415868194,"F182M",1.842
1.9075,0.480402172497492,"F182M",1.842
1.9085,0.489890179865766,"F182M",1.842
1.9095,0.487986979151485,"F182M",1.842
1.9105,0.481821884160077,"F182M",1.842
1.9115,0.487922386316235,"F182M",1.842
1.9125,0.480591858123369,"F182M",1.842
1.9135,0.481920389430008,"F182M",1.842
1.9145,0.480300030164813,"F182M",1.842
1.9155,0.485005159076184,"F182M",1.842
1.9165,0.488311756409107,"F182M",1.842
1.9175,0.484874289921567,"F182M",1.842
1.9185,0.482978513211664,"F182M",1.842
1.9195,0.488337121373551,"F182M",1.842
1.9205,0.481863608066195,"F182M",1.842
1.9215,0.494032444774432,"F182M",1.842
1.9225,0.488506002798027,"F182M",1.842
1.9235,0.489634278759748,"F182M",1.842
1.9245,0.489906849426125,"F182M",1.842
1.9255,0.495616559355957,"F182M",1.842
1.9265,0.492732023861626,"F182M",1.842
1.9275,0.496787515849126,"F182M",1.842
1.9285,0.498012877977793,"F182M",1.842
1.9295,0.503420694396807,"F182M",1.842
1.9305,0.496619756557295,"F182M",1.842
1.9315,0.505099374676422,"F182M",1.842
1.9325,0.490650239380365,"F182M",1.842
1.9335,0.506161589730201,"F182M",1.842
1.9345,0.507210790382553,"F182M",1.842
1.9355,0.496209286721955,"F182M",1.842
1.9365,0.503588385404654,"F182M",1.842
1.9375,0.496421032593395,"F182M",1.842
1.9385,0.506532694868748,"F182M",1.842
1.9395,0.503417956420485,"F182M",1.842
1.9405,0.499264995773519,"F182M",1.842
1.9415,0.502976125341987,"F182M",1.842
1.9425,0.495926580988799,"F182M",1.842
1.9435,0.508399956451533,"F182M",1.842
1.9445,0.50399223362809,"F182M",1.842
1.9455,0.510055803212854,"F182M",1.842
1.9465,0.505485813973781,"F182M",1.842
1.9475,0.501963782381432,"F182M",1.842
1.9485,0.507356857684193,"F182M",1.842
1.9495,0.504586475806392,"F182M",1.842
1.9505,0.500036576901752,"F182M",1.842
1.9515,0.51001447676088,"F182M",1.842
1.9525,0.503058055704829,"F182M",1.842
1.9535,0.492954084736692,"F182M",1.842
1.9545,0.499231018266723,"F182M",1.842
1.9555,0.487445433850764,"F182M",1.842
1.9565,0.480776662278604,"F182M",1.842
1.9575,0.467243494164193,"F182M",1.842
1.9585,0.44867001125098,"F182M",1.842
1.9595,0.438597137740094,"F182M",1.842
1.9605,0.415135947214957,"F182M",1.842
1.9615,0.399519588368169,"F182M",1.842
1.9625,0.382659641870478,"F182M",1.842
1.9635,0.356221549452582,"F182M",1.842
1.9645,0.330348759590373,"F182M",1.842
1.9655,0.305415387547684,"F182M",1.842
1.9665,0.284358769435608,"F182M",1.842
1.9675,0.255936974540147,"F182M",1.842
1.9685,0.236682580592861,"F182M",1.842
1.9695,0.212184211155497,"F182M",1.842
1.9705,0.191731486490453,"F182M",1.842
1.9715,0.172972147932834,"F182M",1.842
1.9725,0.155504681817521,"F182M",1.842
1.9735,0.141656762460347,"F182M",1.842
1.9745,0.125842630927332,"F182M",1.842
1.9755,0.113372762252254,"F182M",1.842
1.9765,0.106223035433275,"F182M",1.842
1.9775,0.0932552787472027,"F182M",1.842
1.9785,0.0864926415405753,"F182M",1.842
1.9795,0.0779779216657654,"F182M",1.842
1.9805,0.0705599175524512,"F182M",1.842
1.9815,0.0634316535376857,"F182M",1.842
1.9825,0.057166872635674,"F182M",1.842
1.9835,0.0499360178202536,"F182M",1.842
1.9845,0.0454437979211164,"F182M",1.842
1.9855,0.0398819286039534,"F182M",1.842
1.9865,0.0346273101692761,"F182M",1.842
1.9875,0.0295771278350922,"F182M",1.842
1.9885,0.0269507433458327,"F182M",1.842
1.9895,0.0227405289192916,"F182M",1.842
1.9905,0.0206279172846674,"F182M",1.842
1.9915,0.0176929850946918,"F182M",1.842
1.9925,0.015500947047957,"F182M",1.842
1.9935,0.0134714663308871,"F182M",1.842
1.9945,0.01170466953321,"F182M",1.842
1.9955,0.0102538873921285,"F182M",1.842
1.9965,0.00866870676285933,"F182M",1.842
1.9975,0.00796359811793699,"F182M",1.842
1.9985,0.0066945185578768,"F182M",1.842
1.9995,0.00601247878612586,"F182M",1.842
2.0005,0.00528817532103655,"F182M",1.842
2.0015,0.00475744832785082,"F182M",1.842
2.0025,0.00410449463688212,"F182M",1.842
2.0035,0.00365391196102787,"F182M",1.842
2.0045,0.00326734970321357,"F182M",1.842
2.0055,0.00289546748929255,"F182M",1.842
2.0065,0.00254931805388893,"F182M",1.842
2.0075,0.00228414721524757,"F182M",1.842
2.0085,0.00201120219518569,"F182M",1.842
2.0095,0.00184887278965658,"F182M",1.842
2.0105,0.00162521788879253,"F182M",1.842
2.0115,0.00148345270904187,"F182M",1.842
2.0125,0.00133443695216531,"F182M",1.842
2.0135,0.00119185340936222,"F182M",1.842
2.0145,0.00108173024652763,"F182M",1.842
2.0155,0.000956086271760815,"F182M",1.842
2.0165,0.000906438976501445,"F182M",1.842
2.0175,0.000825029188142325,"F182M",1.842
2.0185,0.000736043314947406,"F182M",1.842
2.0195,0.00066330112934127,"F182M",1.842
2.0205,0.000621300194081341,"F182M",1.842
2.0215,0.000559873541059556,"F182M",1.842
2.0225,0.000518354454876558,"F182M",1.842
2.0235,0.00047759764461163,"F182M",1.842
2.0245,0.000440994345756809,"F182M",1.842
2.0255,0.000394890626344523,"F182M",1.842
2.0265,0.000372600581381695,"F182M",1.842
2.0275,0.000341228094783806,"F182M",1.842
2.0285,0.000320830825287094,"F182M",1.842
2.0295,0.000299028393626173,"F182M",1.842
2.0305,0.000280727579700113,"F182M",1.842
2.0315,0.000254138901684234,"F182M",1.842
2.0325,0.00024755917670634,"F182M",1.842
2.0335,0.000225233125463286,"F182M",1.842
2.0345,0.000211313767402172,"F182M",1.842
2.0355,0.000193310699138162,"F182M",1.842
2.0365,0.000187047652356122,"F182M",1.842
2.0375,0.000169579464903806,"F182M",1.842
2.0385,0.000157364826359418,"F182M",1.842
2.0395,0.00014891841956405,"F182M",1.842
2.0405,0.000146956959577012,"F182M",1.842
2.0415,0.00013927266339111,"F182M",1.842
2.0425,0.000128766527695395,"F182M",1.842
2.0435,0.00012062258662408,"F182M",1.842
2.0445,0.000116453918251717,"F182M",1.842
2.0455,0.000102104648856364,"F182M",1.842
2.0465,9.49060322707739e-05,"F182M",1.842
2.0475,8.93379509934339e-05,"F182M",1.842
2.0485,8.87424607069811e-05,"F182M",1.842
2.0495,7.52158350102614e-05,"F182M",1.842
2.0505,7.61136310792214e-05,"F182M",1.842
2.0515,7.31706555012647e-05,"F182M",1.842
2.0525,6.31822068256707e-05,"F182M",1.842
2.0535,5.80262336324358e-05,"F182M",1.842
2.0545,6.23763151645159e-05,"F182M",1.842
2.0555,5.04933624281521e-05,"F182M",1.842
2.0565,5.48935677314802e-05,"F182M",1.842
2.0575,5.33408982792949e-05,"F182M",1.842
2.0585,3.50232478560465e-05,"F182M",1.842
2.0595,3.96648532773667e-05,"F182M",1.842
2.0605,4.2502804144842e-05,"F182M",1.842
2.0615,3.81797832137798e-05,"F182M",1.842
2.0625,4.0445260282962e-05,"F182M",1.842
2.0635,3.82077443545258e-05,"F182M",1.842
2.0645,1.73554130272897e-05,"F182M",1.842
2.0655,3.30414835451965e-05,"F182M",1.842
2.0665,3.08545156918429e-05,"F182M",1.842
2.0675,2.55889082228532e-05,"F182M",1.842
2.0685,1.8723804368197e-05,"F182M",1.842
2.0695,2.29622613039736e-05,"F182M",1.842
2.0705,2.35562994212734e-05,"F182M",1.842
2.0715,2.23171344736233e-05,"F182M",1.842
2.0725,1.19383840195683e-05,"F182M",1.842
2.0735,1.52569948597243e-05,"F182M",1.842
2.0745,1.09050032046979e-05,"F182M",1.842
2.0755,1.29730888635104e-05,"F182M",1.842
2.0765,3.81563211548891e-06,"F182M",1.842
2.0775,1.7412491244281e-05,"F182M",1.842
2.0785,1.91256098465328e-05,"F182M",1.842
2.0795,1.30972782715958e-05,"F182M",1.842
2.0805,3.55083242348087e-06,"F182M",1.842
2.0815,1.10183606121839e-05,"F182M",1.842
2.0825,1.04446455743396e-05,"F182M",1.842
2.0835,1.18183635278686e-05,"F182M",1.842
2.0845,8.60486794176759e-06,"F182M",1.842
2.0855,9.33281869914016e-06,"F182M",1.842
2.0865,9.3065446641615e-06,"F182M",1.842
2.0875,1.83739970093105e-06,"F182M",1.842
2.0885,4.22251662720624e-06,"F182M",1.842
2.0895,1.540540454108e-05,"F182M",1.842
2.0905,5.8943304041521e-06,"F182M",1.842
2.0915,6.7113059446107e-06,"F182M",1.842
2.0925,1.95959661415009e-06,"F182M",1.842
2.0935,1.00755303283022e-05,"F182M",1.842
2.0945,3.66167012681443e-06,"F182M",1.842
2.0955,2.93544988459133e-06,"F182M",1.842
2.0965,6.52648498784032e-06,"F182M",1.842
2.0975,6.12699884505018e-06,"F182M",1.842
2.0985,5.32248957647252e-11,"F182M",1.842
2.0995,1.00148869455577e-05,"F182M",1.842
2.1005,2.44595838817815e-06,"F182M",1.842
2.1015,0,"F182M",1.842
2.1025,0,"F182M",1.842
NA,NA,"F182M",1.842
1.68540002441406,0,"F200W",1.989
1.68640002441406,0,"F200W",1.989
1.68740002441406,8.01705697197292e-05,"F200W",1.989
1.68840002441406,8.70223026790913e-05,"F200W",1.989
1.68940002441406,9.48862676629853e-05,"F200W",1.989
1.69040002441406,0.000101901427095896,"F200W",1.989
1.69140002441406,0.000111122219428937,"F200W",1.989
1.69240002441406,0.000121589919940773,"F200W",1.989
1.69340002441406,0.000133147212335178,"F200W",1.989
1.69440002441406,0.000146138727228036,"F200W",1.989
1.69540002441406,0.000160279354159175,"F200W",1.989
1.69640002441406,0.000176377924070241,"F200W",1.989
1.69740002441406,0.000195674314441116,"F200W",1.989
1.69840002441406,0.000215723689942504,"F200W",1.989
1.69940002441406,0.000241329232317748,"F200W",1.989
1.70040002441406,0.000269608025341958,"F200W",1.989
1.70140002441406,0.000300646463883837,"F200W",1.989
1.70240002441406,0.000339377555846423,"F200W",1.989
1.70340002441406,0.000381069776900568,"F200W",1.989
1.70440002441406,0.000429125549085275,"F200W",1.989
1.70540002441406,0.00048466561907845,"F200W",1.989
1.70640002441406,0.000547789322159492,"F200W",1.989
1.70740002441406,0.000619311146971434,"F200W",1.989
1.70840002441406,0.00069931330948812,"F200W",1.989
1.70940002441406,0.00079153393789876,"F200W",1.989
1.71040002441406,0.000896810096638827,"F200W",1.989
1.71140002441406,0.00101215281256616,"F200W",1.989
1.71240002441406,0.00114682940731248,"F200W",1.989
1.71340002441406,0.00129874296073435,"F200W",1.989
1.71440002441406,0.00146565550358648,"F200W",1.989
1.71540002441406,0.0016564916986691,"F200W",1.989
1.71640002441406,0.00187985027569565,"F200W",1.989
1.71740002441406,0.00212584170293899,"F200W",1.989
1.71840002441406,0.00241460018184223,"F200W",1.989
1.71940002441406,0.00275202019891225,"F200W",1.989
1.72040002441406,0.00312479952079987,"F200W",1.989
1.72140002441406,0.00355829304744859,"F200W",1.989
1.72240002441406,0.00406394685595807,"F200W",1.989
1.72340002441406,0.00464660411695624,"F200W",1.989
1.72440002441406,0.0053311025978033,"F200W",1.989
1.72540002441406,0.00615061325877275,"F200W",1.989
1.72640002441406,0.00710186693487705,"F200W",1.989
1.72740002441406,0.00822410436481001,"F200W",1.989
1.72840002441406,0.00955859064131805,"F200W",1.989
1.72940002441406,0.0111871739678284,"F200W",1.989
1.73040002441406,0.0130744943284246,"F200W",1.989
1.73140002441406,0.0153640181134074,"F200W",1.989
1.73240002441406,0.018121309497126,"F200W",1.989
1.73340002441406,0.0211275107266457,"F200W",1.989
1.73440002441406,0.0244515809895418,"F200W",1.989
1.73540002441406,0.0278213824129469,"F200W",1.989
1.73640002441406,0.031391650442458,"F200W",1.989
1.73740002441406,0.0350928269658454,"F200W",1.989
1.73840002441406,0.0394301326511023,"F200W",1.989
1.73940002441406,0.0438905894984723,"F200W",1.989
1.74040002441406,0.048921216099275,"F200W",1.989
1.74140002441406,0.0545722797804684,"F200W",1.989
1.74240002441406,0.060543178452011,"F200W",1.989
1.74340002441406,0.0672255999634462,"F200W",1.989
1.74440002441406,0.0747148030301243,"F200W",1.989
1.74540002441406,0.0835045438433309,"F200W",1.989
1.74640002441406,0.0933464819446357,"F200W",1.989
1.74740002441406,0.105092895124283,"F200W",1.989
1.74840002441406,0.118873516199101,"F200W",1.989
1.74940002441406,0.134751554207321,"F200W",1.989
1.75040002441406,0.153191718451145,"F200W",1.989
1.75140002441406,0.173604126725864,"F200W",1.989
1.75240002441406,0.194637483543433,"F200W",1.989
1.75340002441406,0.217466344813093,"F200W",1.989
1.75440002441406,0.240370541116819,"F200W",1.989
1.75540002441406,0.26350293624849,"F200W",1.989
1.75640002441406,0.286147029775614,"F200W",1.989
1.75740002441406,0.307907460401024,"F200W",1.989
1.75840002441406,0.327143464511882,"F200W",1.989
1.75940002441406,0.345050874300835,"F200W",1.989
1.76040002441406,0.36101964322369,"F200W",1.989
1.76140002441406,0.375572149975976,"F200W",1.989
1.76240002441406,0.389131362362838,"F200W",1.989
1.76340002441406,0.402309489278615,"F200W",1.989
1.76440002441406,0.414040174022788,"F200W",1.989
1.76540002441406,0.425394054338202,"F200W",1.989
1.76640002441406,0.436053813916375,"F200W",1.989
1.76740002441406,0.445760908304359,"F200W",1.989
1.76840002441406,0.455348974450356,"F200W",1.989
1.76940002441406,0.464205358484387,"F200W",1.989
1.77040002441406,0.472460044175215,"F200W",1.989
1.77140002441406,0.479145778062965,"F200W",1.989
1.77240002441406,0.485032158981836,"F200W",1.989
1.77340002441406,0.48982774432101,"F200W",1.989
1.77440002441406,0.49352748832896,"F200W",1.989
1.77540002441406,0.496718008931336,"F200W",1.989
1.77640002441406,0.498008794858752,"F200W",1.989
1.77740002441406,0.499917140539341,"F200W",1.989
1.77840002441406,0.500081642546756,"F200W",1.989
1.77940002441406,0.501381063770892,"F200W",1.989
1.78040002441406,0.502240620567136,"F200W",1.989
1.78140002441406,0.502491670083388,"F200W",1.989
1.78240002441406,0.503143761369021,"F200W",1.989
1.78340002441406,0.503140141087501,"F200W",1.989
1.78440002441406,0.503482840095466,"F200W",1.989
1.78540002441406,0.504303467839804,"F200W",1.989
1.78640002441406,0.504653664250764,"F200W",1.989
1.78740002441406,0.505362873310527,"F200W",1.989
1.78840002441406,0.506711638229138,"F200W",1.989
1.78940002441406,0.507203552987357,"F200W",1.989
1.79040002441406,0.507730429062576,"F200W",1.989
1.79140002441406,0.508122481106636,"F200W",1.989
1.79240002441406,0.508290713257032,"F200W",1.989
1.79340002441406,0.508022536330026,"F200W",1.989
1.79440002441406,0.508121649125296,"F200W",1.989
1.79540002441406,0.506936266941793,"F200W",1.989
1.79640002441406,0.506156018091848,"F200W",1.989
1.79740002441406,0.504686281458061,"F200W",1.989
1.79840002441406,0.503231730809317,"F200W",1.989
1.79940002441406,0.50224527192592,"F200W",1.989
1.80040002441406,0.500617378689668,"F200W",1.989
1.80140002441406,0.499525334233523,"F200W",1.989
1.80240002441406,0.497780669072013,"F200W",1.989
1.80340002441406,0.496251698613126,"F200W",1.989
1.80440002441406,0.494376132481216,"F200W",1.989
1.80540002441406,0.492644412179212,"F200W",1.989
1.80640002441406,0.491534415164176,"F200W",1.989
1.80740002441406,0.491017433515422,"F200W",1.989
1.80840002441406,0.490305196041423,"F200W",1.989
1.80940002441406,0.489742020927568,"F200W",1.989
1.81040002441406,0.489517623845504,"F200W",1.989
1.81140002441406,0.488595516808248,"F200W",1.989
1.81240002441406,0.489386224218596,"F200W",1.989
1.81340002441406,0.489542544303554,"F200W",1.989
1.81440002441406,0.49043288649002,"F200W",1.989
1.81540002441406,0.491255296040826,"F200W",1.989
1.81640002441406,0.491683378371587,"F200W",1.989
1.81740002441406,0.492583203481143,"F200W",1.989
1.81840002441406,0.494113861050361,"F200W",1.989
1.81940002441406,0.49516674651642,"F200W",1.989
1.82040002441406,0.495837323851893,"F200W",1.989
1.82140002441406,0.497322573783666,"F200W",1.989
1.82240002441406,0.498810748998537,"F200W",1.989
1.82340002441406,0.499182296242993,"F200W",1.989
1.82440002441406,0.50152200426119,"F200W",1.989
1.82540002441406,0.502803410252179,"F200W",1.989
1.82640002441406,0.503936106977351,"F200W",1.989
1.82740002441406,0.504684436216834,"F200W",1.989
1.82840002441406,0.505224209673323,"F200W",1.989
1.82940002441406,0.505994674379986,"F200W",1.989
1.83040002441406,0.507581439819435,"F200W",1.989
1.83140002441406,0.507840060691638,"F200W",1.989
1.83240002441406,0.509220759865886,"F200W",1.989
1.83340002441406,0.509738855273919,"F200W",1.989
1.83440002441406,0.509779392981471,"F200W",1.989
1.83540002441406,0.509900527314698,"F200W",1.989
1.83640002441406,0.511324022260815,"F200W",1.989
1.83740002441406,0.511297488491339,"F200W",1.989
1.83840002441406,0.511636110597542,"F200W",1.989
1.83940002441406,0.511530814117768,"F200W",1.989
1.84040002441406,0.511930880914773,"F200W",1.989
1.84140002441406,0.511385046223602,"F200W",1.989
1.84240002441406,0.511679898879622,"F200W",1.989
1.84340002441406,0.511541023495748,"F200W",1.989
1.84440002441406,0.511265847646327,"F200W",1.989
1.84540002441406,0.511315603571139,"F200W",1.989
1.84640002441406,0.510203363890364,"F200W",1.989
1.84740002441406,0.509469143939504,"F200W",1.989
1.84840002441406,0.509584819133244,"F200W",1.989
1.84940002441406,0.508472575170148,"F200W",1.989
1.85040002441406,0.507397246858217,"F200W",1.989
1.85140002441406,0.50689591413007,"F200W",1.989
1.85240002441406,0.50674390665177,"F200W",1.989
1.85340002441406,0.506097413826319,"F200W",1.989
1.85440002441406,0.504416698875387,"F200W",1.989
1.85540002441406,0.503938435505504,"F200W",1.989
1.85640002441406,0.503099022758599,"F200W",1.989
1.85740002441406,0.503519904543118,"F200W",1.989
1.85840002441406,0.502872895878906,"F200W",1.989
1.85940002441406,0.502256810431246,"F200W",1.989
1.86040002441406,0.501753054268156,"F200W",1.989
1.86140002441406,0.501155370278049,"F200W",1.989
1.86240002441406,0.500427913634857,"F200W",1.989
1.86340002441406,0.500084262348314,"F200W",1.989
1.86440002441406,0.499338977477634,"F200W",1.989
1.86540002441406,0.499843061734081,"F200W",1.989
1.86640002441406,0.500190412809451,"F200W",1.989
1.86740002441406,0.499861512327146,"F200W",1.989
1.86840002441406,0.500271502375916,"F200W",1.989
1.86940002441406,0.500667113128125,"F200W",1.989
1.87040002441406,0.501417219377396,"F200W",1.989
1.87140002441406,0.502122174913016,"F200W",1.989
1.87240002441406,0.502863880695724,"F200W",1.989
1.87340002441406,0.503786332070343,"F200W",1.989
1.87440002441406,0.50460209822473,"F200W",1.989
1.87540002441406,0.50518280938692,"F200W",1.989
1.87640002441406,0.506320599280674,"F200W",1.989
1.87740002441406,0.506418484547675,"F200W",1.989
1.87840002441406,0.506865615268576,"F200W",1.989
1.87940002441406,0.507230716861016,"F200W",1.989
1.88040002441406,0.508373621663879,"F200W",1.989
1.88140002441406,0.508944839890736,"F200W",1.989
1.88240002441406,0.509527272332331,"F200W",1.989
1.88340002441406,0.510056918619894,"F200W",1.989
1.88440002441406,0.510991579689002,"F200W",1.989
1.88540002441406,0.511694836991399,"F200W",1.989
1.88640002441406,0.512456306401366,"F200W",1.989
1.88740002441406,0.512859561778264,"F200W",1.989
1.88840002441406,0.512882878050419,"F200W",1.989
1.88940002441406,0.513948804542999,"F200W",1.989
1.89040002441406,0.514170475011689,"F200W",1.989
1.89140002441406,0.514111928081723,"F200W",1.989
1.89240002441406,0.513705254579086,"F200W",1.989
1.89340002441406,0.513711951092719,"F200W",1.989
1.89440002441406,0.514247492283544,"F200W",1.989
1.89540002441406,0.514809330584003,"F200W",1.989
1.89640002441406,0.515264032808707,"F200W",1.989
1.89740002441406,0.515587813138252,"F200W",1.989
1.89840002441406,0.515767546293343,"F200W",1.989
1.89940002441406,0.516038714407879,"F200W",1.989
1.90040002441406,0.515954919903912,"F200W",1.989
1.90140002441406,0.515955556266254,"F200W",1.989
1.90240002441406,0.516901567354873,"F200W",1.989
1.90340002441406,0.516957513117437,"F200W",1.989
1.90440002441406,0.516770484923132,"F200W",1.989
1.90540002441406,0.517268887924113,"F200W",1.989
1.90640002441406,0.517299927649354,"F200W",1.989
1.90740002441406,0.517142907981757,"F200W",1.989
1.90840002441406,0.517303773554918,"F200W",1.989
1.90940002441406,0.51736919109857,"F200W",1.989
1.91040002441406,0.517846393542657,"F200W",1.989
1.91140002441406,0.517715683085329,"F200W",1.989
1.91240002441406,0.517971271726791,"F200W",1.989
1.91340002441406,0.518330823537975,"F200W",1.989
1.91440002441406,0.519262614263269,"F200W",1.989
1.91540002441406,0.518475298412536,"F200W",1.989
1.91640002441406,0.517981377236916,"F200W",1.989
1.91740002441406,0.518288422305396,"F200W",1.989
1.91840002441406,0.518273952769172,"F200W",1.989
1.91940002441406,0.518160742668896,"F200W",1.989
1.92040002441406,0.517413099390402,"F200W",1.989
1.92140002441406,0.517106588146792,"F200W",1.989
1.92240002441406,0.517815436005748,"F200W",1.989
1.92340002441406,0.516665764913686,"F200W",1.989
1.92440002441406,0.516373463466166,"F200W",1.989
1.92540002441406,0.515951795113068,"F200W",1.989
1.92640002441406,0.515250781573944,"F200W",1.989
1.92740002441406,0.514426750217788,"F200W",1.989
1.92840002441406,0.513522504189998,"F200W",1.989
1.92940002441406,0.513509073079317,"F200W",1.989
1.93040002441406,0.513228617161243,"F200W",1.989
1.93140002441406,0.512351927424019,"F200W",1.989
1.93240002441406,0.511962198319404,"F200W",1.989
1.93340002441406,0.511278289632964,"F200W",1.989
1.93440002441406,0.509977525378246,"F200W",1.989
1.93540002441406,0.509636905416959,"F200W",1.989
1.93640002441406,0.508910981332686,"F200W",1.989
1.93740002441406,0.508210132577515,"F200W",1.989
1.93840002441406,0.507776970341353,"F200W",1.989
1.93940002441406,0.507373958201746,"F200W",1.989
1.94040002441406,0.507338805980781,"F200W",1.989
1.94140002441406,0.507256080273923,"F200W",1.989
1.94240002441406,0.507437774947328,"F200W",1.989
1.94340002441406,0.508302536021653,"F200W",1.989
1.94440002441406,0.508744849447146,"F200W",1.989
1.94540002441406,0.50902144254096,"F200W",1.989
1.94640002441406,0.509146247765341,"F200W",1.989
1.94740002441406,0.509432415633615,"F200W",1.989
1.94840002441406,0.510064385346014,"F200W",1.989
1.94940002441406,0.510325542395169,"F200W",1.989
1.95040002441406,0.510994752460646,"F200W",1.989
1.95140002441406,0.511221758797361,"F200W",1.989
1.95240002441406,0.511520980055288,"F200W",1.989
1.95340002441406,0.512397290635059,"F200W",1.989
1.95440002441406,0.512516591033622,"F200W",1.989
1.95540002441406,0.512811774586588,"F200W",1.989
1.95640002441406,0.513355901785417,"F200W",1.989
1.95740002441406,0.513922612926179,"F200W",1.989
1.95840002441406,0.514005690464246,"F200W",1.989
1.95940002441406,0.513607884941306,"F200W",1.989
1.96040002441406,0.514279470050876,"F200W",1.989
1.96140002441406,0.514403408735325,"F200W",1.989
1.96240002441406,0.514334233005161,"F200W",1.989
1.96340002441406,0.514045698878835,"F200W",1.989
1.96440002441406,0.514440410670459,"F200W",1.989
1.96540002441406,0.514190507447767,"F200W",1.989
1.96640002441406,0.513911976333424,"F200W",1.989
1.96740002441406,0.51374061013124,"F200W",1.989
1.96840002441406,0.513509749042458,"F200W",1.989
1.96940002441406,0.51337735060887,"F200W",1.989
1.97040002441406,0.51240476826939,"F200W",1.989
1.97140002441406,0.513362641590572,"F200W",1.989
1.97240002441406,0.513377252038084,"F200W",1.989
1.97340002441406,0.512305675406396,"F200W",1.989
1.97440002441406,0.512174548389668,"F200W",1.989
1.97540002441406,0.511983381795985,"F200W",1.989
1.97640002441406,0.512033937546553,"F200W",1.989
1.97740002441406,0.512287449996305,"F200W",1.989
1.97840002441406,0.512247172534972,"F200W",1.989
1.97940002441406,0.511974300139682,"F200W",1.989
1.98040002441406,0.512162837308605,"F200W",1.989
1.98140002441406,0.511796065980797,"F200W",1.989
1.98240002441406,0.511984424234952,"F200W",1.989
1.98340002441406,0.512187464655644,"F200W",1.989
1.98440002441406,0.512412953603669,"F200W",1.989
1.98540002441406,0.511837755820419,"F200W",1.989
1.98640002441406,0.5123397427024,"F200W",1.989
1.98740002441406,0.512666357069591,"F200W",1.989
1.98840002441406,0.513087399123493,"F200W",1.989
1.98940002441406,0.513223523483498,"F200W",1.989
1.99040002441406,0.513490360766838,"F200W",1.989
1.99140002441406,0.513123558632202,"F200W",1.989
1.99240002441406,0.512686198578834,"F200W",1.989
1.99340002441406,0.513055474968803,"F200W",1.989
1.99440002441406,0.511811618929254,"F200W",1.989
1.99540002441406,0.510785007786796,"F200W",1.989
1.99640002441406,0.508142207661592,"F200W",1.989
1.99740002441406,0.506962457900135,"F200W",1.989
1.99840002441406,0.508269100576237,"F200W",1.989
1.99940002441406,0.510208107405222,"F200W",1.989
2.00040002441406,0.511848257889669,"F200W",1.989
2.00140002441406,0.511897559169856,"F200W",1.989
2.00240002441406,0.513257905232295,"F200W",1.989
2.00340002441406,0.514378585524792,"F200W",1.989
2.00440002441406,0.514365274215173,"F200W",1.989
2.00540002441406,0.513718652383994,"F200W",1.989
2.00640002441406,0.513453592056007,"F200W",1.989
2.00740002441406,0.512932805428741,"F200W",1.989
2.00840002441406,0.512573614275862,"F200W",1.989
2.00940002441406,0.512527821173527,"F200W",1.989
2.01040002441406,0.512742945773952,"F200W",1.989
2.01140002441406,0.512433225377219,"F200W",1.989
2.01240002441406,0.513084179742068,"F200W",1.989
2.01340002441406,0.512340266029965,"F200W",1.989
2.01440002441406,0.512882109426081,"F200W",1.989
2.01540002441406,0.513725380728397,"F200W",1.989
2.01640002441406,0.514048930713211,"F200W",1.989
2.01740002441406,0.514211221213173,"F200W",1.989
2.01840002441406,0.515036270947562,"F200W",1.989
2.01940002441406,0.515106726648716,"F200W",1.989
2.02040002441406,0.515409346718248,"F200W",1.989
2.02140002441406,0.514455857572853,"F200W",1.989
2.02240002441406,0.51572260312477,"F200W",1.989
2.02340002441406,0.516430043164921,"F200W",1.989
2.02440002441406,0.517045971360502,"F200W",1.989
2.02540002441406,0.518415739540682,"F200W",1.989
2.02640002441406,0.518881961789951,"F200W",1.989
2.02740002441406,0.518575254396271,"F200W",1.989
2.02840002441406,0.519394273194616,"F200W",1.989
2.02940002441406,0.519498691807453,"F200W",1.989
2.03040002441406,0.52001897391454,"F200W",1.989
2.03140002441406,0.520293270742773,"F200W",1.989
2.03240002441406,0.520388714086536,"F200W",1.989
2.03340002441406,0.520593346682018,"F200W",1.989
2.03440002441406,0.520437297213348,"F200W",1.989
2.03540002441406,0.520635855001471,"F200W",1.989
2.03640002441406,0.520083010197556,"F200W",1.989
2.03740002441406,0.520205826532328,"F200W",1.989
2.03840002441406,0.519941144859099,"F200W",1.989
2.03940002441406,0.519922448813788,"F200W",1.989
2.04040002441406,0.519403667398679,"F200W",1.989
2.04140002441406,0.518059406458774,"F200W",1.989
2.04240002441406,0.51807211606198,"F200W",1.989
2.04340002441406,0.516996439939507,"F200W",1.989
2.04440002441406,0.515714769830447,"F200W",1.989
2.04540002441406,0.51531253067087,"F200W",1.989
2.04640002441406,0.513509741332175,"F200W",1.989
2.04740002441406,0.51296556633138,"F200W",1.989
2.04839990234375,0.512041836637084,"F200W",1.989
2.04939990234375,0.511441690450961,"F200W",1.989
2.05039990234375,0.510854917397449,"F200W",1.989
2.05139990234375,0.510505845803125,"F200W",1.989
2.05239990234375,0.509454932583019,"F200W",1.989
2.05339990234375,0.509055486201927,"F200W",1.989
2.05439990234375,0.509115695386261,"F200W",1.989
2.05539990234375,0.508941541576553,"F200W",1.989
2.05639990234375,0.508268291222405,"F200W",1.989
2.05739990234375,0.508359212334067,"F200W",1.989
2.05839990234375,0.508601968913199,"F200W",1.989
2.05939990234375,0.508726472233818,"F200W",1.989
2.06039990234375,0.508916915416036,"F200W",1.989
2.06139990234375,0.50931487070755,"F200W",1.989
2.06239990234375,0.509988014384832,"F200W",1.989
2.06339990234375,0.51109947430124,"F200W",1.989
2.06439990234375,0.511575402257004,"F200W",1.989
2.06539990234375,0.51209483377162,"F200W",1.989
2.06639990234375,0.51296851446574,"F200W",1.989
2.06739990234375,0.514163546527654,"F200W",1.989
2.06839990234375,0.515345997030342,"F200W",1.989
2.06939990234375,0.515941992360424,"F200W",1.989
2.07039990234375,0.516950591925177,"F200W",1.989
2.07139990234375,0.518141918633438,"F200W",1.989
2.07239990234375,0.518880180608536,"F200W",1.989
2.07339990234375,0.520881185149005,"F200W",1.989
2.07439990234375,0.521396876330909,"F200W",1.989
2.07539990234375,0.521874373197995,"F200W",1.989
2.07639990234375,0.522459548063417,"F200W",1.989
2.07739990234375,0.523079488473408,"F200W",1.989
2.07839990234375,0.523458811855778,"F200W",1.989
2.07939990234375,0.523999656950143,"F200W",1.989
2.08039990234375,0.523925882563094,"F200W",1.989
2.08139990234375,0.523748862952831,"F200W",1.989
2.08239990234375,0.524590656565544,"F200W",1.989
2.08339990234375,0.524103307232484,"F200W",1.989
2.08439990234375,0.524784477120699,"F200W",1.989
2.08539990234375,0.524512855671628,"F200W",1.989
2.08639990234375,0.525021077244517,"F200W",1.989
2.08739990234375,0.524914820399558,"F200W",1.989
2.08839990234375,0.524650198472944,"F200W",1.989
2.08939990234375,0.523554406207376,"F200W",1.989
2.09039990234375,0.523376417791391,"F200W",1.989
2.09139990234375,0.521959277040852,"F200W",1.989
2.09239990234375,0.52151981405298,"F200W",1.989
2.09339990234375,0.521744743702633,"F200W",1.989
2.09439990234375,0.52134860921067,"F200W",1.989
2.09539990234375,0.521096754994659,"F200W",1.989
2.09639990234375,0.520376308199059,"F200W",1.989
2.09739990234375,0.520258786114606,"F200W",1.989
2.09839990234375,0.520120409648298,"F200W",1.989
2.09939990234375,0.520102867981993,"F200W",1.989
2.10039990234375,0.518574745341461,"F200W",1.989
2.10139990234375,0.519039434526699,"F200W",1.989
2.10239990234375,0.518169896685426,"F200W",1.989
2.10339990234375,0.518755569512139,"F200W",1.989
2.10439990234375,0.518831806798042,"F200W",1.989
2.10539990234375,0.518459797515093,"F200W",1.989
2.10639990234375,0.518150545392949,"F200W",1.989
2.10739990234375,0.517576134026305,"F200W",1.989
2.10839990234375,0.517334421509481,"F200W",1.989
2.10939990234375,0.516428129822782,"F200W",1.989
2.11039990234375,0.517018724455689,"F200W",1.989
2.11139990234375,0.516293692691087,"F200W",1.989
2.11239990234375,0.516324264443173,"F200W",1.989
2.11339990234375,0.515722388023043,"F200W",1.989
2.11439990234375,0.516102918243975,"F200W",1.989
2.11539990234375,0.515303101806213,"F200W",1.989
2.11639990234375,0.515063804343941,"F200W",1.989
2.11739990234375,0.51486953386168,"F200W",1.989
2.11839990234375,0.514876403170065,"F200W",1.989
2.11939990234375,0.514371953217706,"F200W",1.989
2.12039990234375,0.513759334084175,"F200W",1.989
2.12139990234375,0.513265023225332,"F200W",1.989
2.12239990234375,0.512604202469011,"F200W",1.989
2.12339990234375,0.512467941374718,"F200W",1.989
2.12439990234375,0.511598714213917,"F200W",1.989
2.12539990234375,0.51117376385562,"F200W",1.989
2.12639990234375,0.51055313334734,"F200W",1.989
2.12739990234375,0.510652737342163,"F200W",1.989
2.12839990234375,0.509574114437752,"F200W",1.989
2.12939990234375,0.51022184758752,"F200W",1.989
2.13039990234375,0.509081980613041,"F200W",1.989
2.13139990234375,0.508557109957913,"F200W",1.989
2.13239990234375,0.509035683383149,"F200W",1.989
2.13339990234375,0.508614020222969,"F200W",1.989
2.13439990234375,0.508893200171121,"F200W",1.989
2.13539990234375,0.508123411240889,"F200W",1.989
2.13639990234375,0.508395576721851,"F200W",1.989
2.13739990234375,0.508106255677037,"F200W",1.989
2.13839990234375,0.508017018067739,"F200W",1.989
2.13939990234375,0.508333424974843,"F200W",1.989
2.14039990234375,0.508764657468258,"F200W",1.989
2.14139990234375,0.508544145410621,"F200W",1.989
2.14239990234375,0.509982074606824,"F200W",1.989
2.14339990234375,0.509788150428957,"F200W",1.989
2.14439990234375,0.510522477383791,"F200W",1.989
2.14539990234375,0.511237497469142,"F200W",1.989
2.14639990234375,0.511304814309783,"F200W",1.989
2.14739990234375,0.511557571538802,"F200W",1.989
2.14839990234375,0.511914998807001,"F200W",1.989
2.14939990234375,0.511332885612948,"F200W",1.989
2.15039990234375,0.512333959019172,"F200W",1.989
2.15139990234375,0.51171375385511,"F200W",1.989
2.15239990234375,0.512116521605487,"F200W",1.989
2.15339990234375,0.511241651268199,"F200W",1.989
2.15439990234375,0.511641261680786,"F200W",1.989
2.15539990234375,0.510873063018006,"F200W",1.989
2.15639990234375,0.51080474177997,"F200W",1.989
2.15739990234375,0.510273350380681,"F200W",1.989
2.15839990234375,0.510141373153115,"F200W",1.989
2.15939990234375,0.510044694499832,"F200W",1.989
2.16039990234375,0.508701099546212,"F200W",1.989
2.16139990234375,0.508148782779115,"F200W",1.989
2.16239990234375,0.506418916082185,"F200W",1.989
2.16339990234375,0.505554020832991,"F200W",1.989
2.16439990234375,0.504536110910004,"F200W",1.989
2.16539990234375,0.503589375348286,"F200W",1.989
2.16639990234375,0.502875264076198,"F200W",1.989
2.16739990234375,0.501342624440797,"F200W",1.989
2.16839990234375,0.501088966161069,"F200W",1.989
2.16939990234375,0.499273688597715,"F200W",1.989
2.17039990234375,0.498368528820644,"F200W",1.989
2.17139990234375,0.496680564979513,"F200W",1.989
2.17239990234375,0.496730417143786,"F200W",1.989
2.17339990234375,0.495572576313582,"F200W",1.989
2.17439990234375,0.49496564802623,"F200W",1.989
2.17539990234375,0.494493772643942,"F200W",1.989
2.17639990234375,0.49409887674656,"F200W",1.989
2.17739990234375,0.493640854742477,"F200W",1.989
2.17839990234375,0.492632679103651,"F200W",1.989
2.17939990234375,0.492489819046878,"F200W",1.989
2.18039990234375,0.492537592529027,"F200W",1.989
2.18139990234375,0.491948152887178,"F200W",1.989
2.18239990234375,0.491344666597525,"F200W",1.989
2.18339990234375,0.49127691718457,"F200W",1.989
2.18439990234375,0.491455751283759,"F200W",1.989
2.18539990234375,0.492988233391269,"F200W",1.989
2.18639990234375,0.493274213521231,"F200W",1.989
2.18739990234375,0.492947203296356,"F200W",1.989
2.18839990234375,0.493924494497437,"F200W",1.989
2.18939990234375,0.493748336711636,"F200W",1.989
2.19039990234375,0.494482310873832,"F200W",1.989
2.19139990234375,0.495528347112483,"F200W",1.989
2.19239990234375,0.495896599408749,"F200W",1.989
2.19339990234375,0.49649575472044,"F200W",1.989
2.19439990234375,0.497503739420438,"F200W",1.989
2.19539990234375,0.497822323540014,"F200W",1.989
2.19639990234375,0.498549352994222,"F200W",1.989
2.19739990234375,0.499872680131365,"F200W",1.989
2.19839990234375,0.501113048456408,"F200W",1.989
2.19939990234375,0.501967728035266,"F200W",1.989
2.20039990234375,0.503575154478952,"F200W",1.989
2.20139990234375,0.503692054702204,"F200W",1.989
2.20239990234375,0.50500945480458,"F200W",1.989
2.20339990234375,0.505530014997267,"F200W",1.989
2.20439990234375,0.506673870254392,"F200W",1.989
2.20539990234375,0.506838689848156,"F200W",1.989
2.20639990234375,0.506481305211221,"F200W",1.989
2.20739990234375,0.505680211026738,"F200W",1.989
2.20839990234375,0.504478023999598,"F200W",1.989
2.20939990234375,0.50305967860553,"F200W",1.989
2.21039990234375,0.501237828233833,"F200W",1.989
2.21139990234375,0.498237363840766,"F200W",1.989
2.21239990234375,0.494360871970111,"F200W",1.989
2.21339990234375,0.489179158963385,"F200W",1.989
2.21439990234375,0.481803028217021,"F200W",1.989
2.21539990234375,0.474779552084995,"F200W",1.989
2.21639990234375,0.46415958697255,"F200W",1.989
2.21739990234375,0.453341967283133,"F200W",1.989
2.21839990234375,0.440325023658223,"F200W",1.989
2.21939990234375,0.425169980789462,"F200W",1.989
2.22039990234375,0.408770212447464,"F200W",1.989
2.22139990234375,0.39090067171775,"F200W",1.989
2.22239990234375,0.371731290138318,"F200W",1.989
2.22339990234375,0.350969427123798,"F200W",1.989
2.22439990234375,0.329112473230365,"F200W",1.989
2.22539990234375,0.306771764801892,"F200W",1.989
2.22639990234375,0.285143762478389,"F200W",1.989
2.22739990234375,0.264325234055767,"F200W",1.989
2.22839990234375,0.243873812904344,"F200W",1.989
2.22939990234375,0.224524820057035,"F200W",1.989
2.23039990234375,0.206382319756542,"F200W",1.989
2.23139990234375,0.188943441947706,"F200W",1.989
2.23239990234375,0.173088671650917,"F200W",1.989
2.23339990234375,0.158524057303831,"F200W",1.989
2.23439990234375,0.144899045304198,"F200W",1.989
2.23539990234375,0.131813097805245,"F200W",1.989
2.23639990234375,0.119756165815903,"F200W",1.989
2.23739990234375,0.107888054774857,"F200W",1.989
2.23839990234375,0.0967283332855761,"F200W",1.989
2.23939990234375,0.0868421155591918,"F200W",1.989
2.24039990234375,0.0774688173241591,"F200W",1.989
2.24139990234375,0.0687777926476165,"F200W",1.989
2.24239990234375,0.0609679367341193,"F200W",1.989
2.24339990234375,0.0538173981002983,"F200W",1.989
2.24439990234375,0.0471584962531546,"F200W",1.989
2.24539990234375,0.0414470707658834,"F200W",1.989
2.24639990234375,0.0363572704935757,"F200W",1.989
2.24739990234375,0.0317512290914431,"F200W",1.989
2.24839990234375,0.0277435948285265,"F200W",1.989
2.24939990234375,0.0241827810543684,"F200W",1.989
2.25039990234375,0.0210073912553042,"F200W",1.989
2.25139990234375,0.0182789355459992,"F200W",1.989
2.25239990234375,0.0159800982662338,"F200W",1.989
2.25339990234375,0.0139392005948175,"F200W",1.989
2.25439990234375,0.0121351155438642,"F200W",1.989
2.25539990234375,0.0105961350031456,"F200W",1.989
2.25639990234375,0.00920630638694036,"F200W",1.989
2.25739990234375,0.00800496271839501,"F200W",1.989
2.25839990234375,0.00700173227489516,"F200W",1.989
2.25939990234375,0.00611778773781379,"F200W",1.989
2.26039990234375,0.0053367492568498,"F200W",1.989
2.26139990234375,0.00466926434137694,"F200W",1.989
2.26239990234375,0.00407321967947004,"F200W",1.989
2.26339990234375,0.0035555349311848,"F200W",1.989
2.26439990234375,0.00312340626850926,"F200W",1.989
2.26539990234375,0.00274951958710605,"F200W",1.989
2.26639990234375,0.00241564462243223,"F200W",1.989
2.26739990234375,0.0021350543005774,"F200W",1.989
2.26839990234375,0.00188847393615338,"F200W",1.989
2.26939990234375,0.00167197415581011,"F200W",1.989
2.27039990234375,0.00148838669614853,"F200W",1.989
2.27139990234375,0.00132828729644641,"F200W",1.989
2.27239990234375,0.00118695497331963,"F200W",1.989
2.27339990234375,0.00106842466861181,"F200W",1.989
2.27439990234375,0.000956754949277174,"F200W",1.989
2.27539990234375,0.000860511233522197,"F200W",1.989
2.27639990234375,0.000773958971758608,"F200W",1.989
2.27739990234375,0.000702472175975124,"F200W",1.989
2.27839990234375,0.000636888180107718,"F200W",1.989
2.27939990234375,0.000577975021060207,"F200W",1.989
2.28039990234375,0.000529460735513861,"F200W",1.989
2.28139990234375,0.000480723517297929,"F200W",1.989
2.28239990234375,0.000436786800975858,"F200W",1.989
2.28339990234375,0.000401966523430618,"F200W",1.989
2.28439990234375,0.000370082053018387,"F200W",1.989
2.28539990234375,0.000340843817615656,"F200W",1.989
2.28639990234375,0.000311768756411696,"F200W",1.989
2.28739990234375,0.000286557697609883,"F200W",1.989
2.28839990234375,0.000266333589249707,"F200W",1.989
2.28939990234375,0.000242961060219046,"F200W",1.989
2.29039990234375,0.000226019545525462,"F200W",1.989
2.29139990234375,0.000209483185972299,"F200W",1.989
2.29239990234375,0.000192897903511455,"F200W",1.989
2.29339990234375,0.000176847965645384,"F200W",1.989
2.29439990234375,0.000164508954628949,"F200W",1.989
2.29539990234375,0.00015319372347305,"F200W",1.989
2.29639990234375,0.000141083440281755,"F200W",1.989
2.29739990234375,0.00013348654184632,"F200W",1.989
2.29839990234375,0.000122738462367085,"F200W",1.989
2.29939990234375,0.000115243532381095,"F200W",1.989
2.30039990234375,0.000107494615181734,"F200W",1.989
2.30139990234375,0,"F200W",1.989
2.30239990234375,0,"F200W",1.989
NA,NA,"F200W",1.989
1.89859997558594,0,"F210M",2.099
1.89959997558594,0,"F210M",2.099
1.90059997558594,6.79638023290385e-06,"F210M",2.099
1.90159997558594,6.89766291987523e-06,"F210M",2.099
1.90259997558594,7.53407693876387e-06,"F210M",2.099
1.90359997558594,8.5212013865172e-06,"F210M",2.099
1.90459997558594,8.74808059222654e-06,"F210M",2.099
1.90559997558594,9.6024560724378e-06,"F210M",2.099
1.90659997558594,9.52904957641274e-06,"F210M",2.099
1.90759997558594,1.0627948675801e-05,"F210M",2.099
1.90859997558594,1.23334655549057e-05,"F210M",2.099
1.90959997558594,1.23218937901564e-05,"F210M",2.099
1.91059997558594,1.45101269260367e-05,"F210M",2.099
1.91159997558594,1.51141926578637e-05,"F210M",2.099
1.91259997558594,1.5374729821544e-05,"F210M",2.099
1.91359997558594,1.89275019648417e-05,"F210M",2.099
1.91459997558594,1.98339785679944e-05,"F210M",2.099
1.91559997558594,2.1924602547392e-05,"F210M",2.099
1.91659997558594,2.38020748425287e-05,"F210M",2.099
1.91759997558594,2.6454809310471e-05,"F210M",2.099
1.91859997558594,2.96618567360298e-05,"F210M",2.099
1.91959997558594,3.29556847441855e-05,"F210M",2.099
1.92059997558594,3.61698067170884e-05,"F210M",2.099
1.92159997558594,3.87541634553477e-05,"F210M",2.099
1.92259997558594,4.50146403702291e-05,"F210M",2.099
1.92359997558594,4.90119406669941e-05,"F210M",2.099
1.92459997558594,5.43035548307581e-05,"F210M",2.099
1.92559997558594,6.17773063995525e-05,"F210M",2.099
1.92659997558594,6.88011747094262e-05,"F210M",2.099
1.92759997558594,7.54926964082578e-05,"F210M",2.099
1.92859997558594,8.32106778137041e-05,"F210M",2.099
1.92959997558594,9.86343043514039e-05,"F210M",2.099
1.93059997558594,0.00010574098983884,"F210M",2.099
1.93159997558594,0.000118666349567184,"F210M",2.099
1.93259997558594,0.000133884417931488,"F210M",2.099
1.93359997558594,0.000149743889652035,"F210M",2.099
1.93459997558594,0.000172356216374371,"F210M",2.099
1.93559997558594,0.000189584443968332,"F210M",2.099
1.93659997558594,0.000215264441247551,"F210M",2.099
1.93759997558594,0.000243010428419455,"F210M",2.099
1.93859997558594,0.000272175678437487,"F210M",2.099
1.93959997558594,0.000304573958881788,"F210M",2.099
1.94059997558594,0.000345320492569601,"F210M",2.099
1.94159997558594,0.000401945553233049,"F210M",2.099
1.94259997558594,0.000439185834137856,"F210M",2.099
1.94359997558594,0.000507080424534814,"F210M",2.099
1.94459997558594,0.000569531441706258,"F210M",2.099
1.94559997558594,0.000650975574466649,"F210M",2.099
1.94659997558594,0.000730626842555262,"F210M",2.099
1.94759997558594,0.000843442654818713,"F210M",2.099
1.94859997558594,0.000960769595524884,"F210M",2.099
1.94959997558594,0.0010563295709254,"F210M",2.099
1.95059997558594,0.00122484440545645,"F210M",2.099
1.95159997558594,0.0013881694096188,"F210M",2.099
1.95259997558594,0.00159777799153183,"F210M",2.099
1.95359997558594,0.001801907113119,"F210M",2.099
1.95459997558594,0.00206190578131799,"F210M",2.099
1.95559997558594,0.00242522773670954,"F210M",2.099
1.95659997558594,0.00272239494583422,"F210M",2.099
1.95759997558594,0.00309492582610496,"F210M",2.099
1.95859997558594,0.00364546812388842,"F210M",2.099
1.95959997558594,0.00413063950535255,"F210M",2.099
1.96059997558594,0.0048331369190139,"F210M",2.099
1.96159997558594,0.00548056553169277,"F210M",2.099
1.96259997558594,0.0062534137279067,"F210M",2.099
1.96359997558594,0.00736147922605153,"F210M",2.099
1.96459997558594,0.00848755686821943,"F210M",2.099
1.96559997558594,0.00988228198568028,"F210M",2.099
1.96659997558594,0.0113911689314637,"F210M",2.099
1.96759997558594,0.0132885694392078,"F210M",2.099
1.96859997558594,0.0150780765632211,"F210M",2.099
1.96959997558594,0.0176133614786555,"F210M",2.099
1.97059997558594,0.0214351716684976,"F210M",2.099
1.97159997558594,0.0242729568925377,"F210M",2.099
1.97259997558594,0.0278145914146491,"F210M",2.099
1.97359997558594,0.0313777737525504,"F210M",2.099
1.97459997558594,0.0363524332795257,"F210M",2.099
1.97559997558594,0.0397385458826129,"F210M",2.099
1.97659997558594,0.0447811023084254,"F210M",2.099
1.97759997558594,0.0508459663535401,"F210M",2.099
1.97859997558594,0.0549615734431133,"F210M",2.099
1.97959997558594,0.0634018391183966,"F210M",2.099
1.98059997558594,0.0698330631404143,"F210M",2.099
1.98159997558594,0.0784256003143208,"F210M",2.099
1.98259997558594,0.08691841326437,"F210M",2.099
1.98359997558594,0.0973382676298661,"F210M",2.099
1.98459997558594,0.110647864157655,"F210M",2.099
1.98559997558594,0.121998052386956,"F210M",2.099
1.98659997558594,0.140942380604986,"F210M",2.099
1.98759997558594,0.15999475092362,"F210M",2.099
1.98859997558594,0.182128429499247,"F210M",2.099
1.98959997558594,0.209682389993468,"F210M",2.099
1.99059997558594,0.227708691384434,"F210M",2.099
1.99159997558594,0.257023981527359,"F210M",2.099
1.99259997558594,0.283714196138145,"F210M",2.099
1.99359997558594,0.310798621335627,"F210M",2.099
1.99459997558594,0.338719330895821,"F210M",2.099
1.99559997558594,0.364263889587918,"F210M",2.099
1.99659997558594,0.387709028578396,"F210M",2.099
1.99759997558594,0.403963726712737,"F210M",2.099
1.99859997558594,0.42085447692326,"F210M",2.099
1.99959997558594,0.442409714774621,"F210M",2.099
2.00059997558594,0.462482145425868,"F210M",2.099
2.00159997558594,0.473137668088956,"F210M",2.099
2.00259997558594,0.485103469226757,"F210M",2.099
2.00359997558594,0.486031319322849,"F210M",2.099
2.00459997558594,0.494106468841786,"F210M",2.099
2.00559997558594,0.504873802564734,"F210M",2.099
2.00659997558594,0.508137842487482,"F210M",2.099
2.00759997558594,0.51051508640064,"F210M",2.099
2.00859997558594,0.511969042568444,"F210M",2.099
2.00959997558594,0.51342909859505,"F210M",2.099
2.01059997558594,0.509007127256132,"F210M",2.099
2.01159997558594,0.516105660758842,"F210M",2.099
2.01259997558594,0.513074140801791,"F210M",2.099
2.01359997558594,0.516191024235137,"F210M",2.099
2.01459997558594,0.51831022883345,"F210M",2.099
2.01559997558594,0.513788872959983,"F210M",2.099
2.01659997558594,0.518805010592678,"F210M",2.099
2.01759997558594,0.512566041116691,"F210M",2.099
2.01859997558594,0.51385812067035,"F210M",2.099
2.01959997558594,0.517261597725004,"F210M",2.099
2.02059997558594,0.513487824239328,"F210M",2.099
2.02159997558594,0.51589592192603,"F210M",2.099
2.02259997558594,0.51013296977987,"F210M",2.099
2.02359997558594,0.51795119650357,"F210M",2.099
2.02459997558594,0.510685912800564,"F210M",2.099
2.02559997558594,0.519596842892841,"F210M",2.099
2.02659997558594,0.513021518869612,"F210M",2.099
2.02759997558594,0.51587862475546,"F210M",2.099
2.02859997558594,0.51160600536376,"F210M",2.099
2.02959997558594,0.514233622451601,"F210M",2.099
2.03059997558594,0.516295252685995,"F210M",2.099
2.03159997558594,0.510856824945666,"F210M",2.099
2.03259997558594,0.517177763638152,"F210M",2.099
2.03359997558594,0.517481490510134,"F210M",2.099
2.03459997558594,0.511518783480985,"F210M",2.099
2.03559997558594,0.507595694298384,"F210M",2.099
2.03659997558594,0.52154278453995,"F210M",2.099
2.03759997558594,0.512403848540342,"F210M",2.099
2.03859997558594,0.516176438703725,"F210M",2.099
2.03959997558594,0.511843192541524,"F210M",2.099
2.04059997558594,0.505266234239996,"F210M",2.099
2.04159997558594,0.515679807172485,"F210M",2.099
2.04259997558594,0.509189831908275,"F210M",2.099
2.04359997558594,0.509762833850938,"F210M",2.099
2.04459997558594,0.508148135247205,"F210M",2.099
2.04559997558594,0.509415336382632,"F210M",2.099
2.04659997558594,0.508713358747865,"F210M",2.099
2.04759997558594,0.510160252588611,"F210M",2.099
2.04860009765625,0.503176093774646,"F210M",2.099
2.04960009765625,0.497974494846699,"F210M",2.099
2.05060009765625,0.516364919697894,"F210M",2.099
2.05160009765625,0.504649132031325,"F210M",2.099
2.05260009765625,0.506742796797522,"F210M",2.099
2.05360009765625,0.508270898085926,"F210M",2.099
2.05460009765625,0.504214013730391,"F210M",2.099
2.05560009765625,0.502378610323676,"F210M",2.099
2.05660009765625,0.50766998330521,"F210M",2.099
2.05760009765625,0.505997348963577,"F210M",2.099
2.05860009765625,0.508521091024758,"F210M",2.099
2.05960009765625,0.50429425627097,"F210M",2.099
2.06060009765625,0.514401197069225,"F210M",2.099
2.06160009765625,0.508633455834252,"F210M",2.099
2.06260009765625,0.517728878698691,"F210M",2.099
2.06360009765625,0.506960695636083,"F210M",2.099
2.06460009765625,0.509678343542964,"F210M",2.099
2.06560009765625,0.513829577304986,"F210M",2.099
2.06660009765625,0.512336686734548,"F210M",2.099
2.06760009765625,0.513609072822621,"F210M",2.099
2.06860009765625,0.520847033063313,"F210M",2.099
2.06960009765625,0.51743685586683,"F210M",2.099
2.07060009765625,0.520582151453806,"F210M",2.099
2.07160009765625,0.522043897185407,"F210M",2.099
2.07260009765625,0.519167795885902,"F210M",2.099
2.07360009765625,0.522483709746956,"F210M",2.099
2.07460009765625,0.518451587233175,"F210M",2.099
2.07560009765625,0.521695412721611,"F210M",2.099
2.07660009765625,0.520145552834498,"F210M",2.099
2.07760009765625,0.522749677218788,"F210M",2.099
2.07860009765625,0.522083257395405,"F210M",2.099
2.07960009765625,0.523053374702774,"F210M",2.099
2.08060009765625,0.518256575166506,"F210M",2.099
2.08160009765625,0.527203987537209,"F210M",2.099
2.08260009765625,0.515735979911168,"F210M",2.099
2.08360009765625,0.530133983115287,"F210M",2.099
2.08460009765625,0.522168775325247,"F210M",2.099
2.08560009765625,0.523137573023577,"F210M",2.099
2.08660009765625,0.524536022348566,"F210M",2.099
2.08760009765625,0.521540979635054,"F210M",2.099
2.08860009765625,0.530760738444427,"F210M",2.099
2.08960009765625,0.523517762295497,"F210M",2.099
2.09060009765625,0.522480034444543,"F210M",2.099
2.09160009765625,0.516039717299132,"F210M",2.099
2.09260009765625,0.521428516901352,"F210M",2.099
2.09360009765625,0.523980044653627,"F210M",2.099
2.09460009765625,0.5325621329002,"F210M",2.099
2.09560009765625,0.516961389486924,"F210M",2.099
2.09660009765625,0.52721248805913,"F210M",2.099
2.09760009765625,0.517559255884236,"F210M",2.099
2.09860009765625,0.518361821575922,"F210M",2.099
2.09960009765625,0.530306720393388,"F210M",2.099
2.10060009765625,0.518639461159132,"F210M",2.099
2.10160009765625,0.515734728779022,"F210M",2.099
2.10260009765625,0.516935674834122,"F210M",2.099
2.10360009765625,0.522297215023761,"F210M",2.099
2.10460009765625,0.512969205016806,"F210M",2.099
2.10560009765625,0.519161492399954,"F210M",2.099
2.10660009765625,0.520208560807409,"F210M",2.099
2.10760009765625,0.505517049683207,"F210M",2.099
2.10860009765625,0.525535761908304,"F210M",2.099
2.10960009765625,0.517298448037741,"F210M",2.099
2.11060009765625,0.51289381890082,"F210M",2.099
2.11160009765625,0.514835730110229,"F210M",2.099
2.11260009765625,0.512258101766825,"F210M",2.099
2.11360009765625,0.522981819884184,"F210M",2.099
2.11460009765625,0.513220955759045,"F210M",2.099
2.11560009765625,0.515979789556052,"F210M",2.099
2.11660009765625,0.509600979176163,"F210M",2.099
2.11760009765625,0.521168081387889,"F210M",2.099
2.11860009765625,0.515823736200366,"F210M",2.099
2.11960009765625,0.518051655050703,"F210M",2.099
2.12060009765625,0.514212192627689,"F210M",2.099
2.12160009765625,0.513059108157823,"F210M",2.099
2.12260009765625,0.513160459419113,"F210M",2.099
2.12360009765625,0.513215725122979,"F210M",2.099
2.12460009765625,0.511619076868712,"F210M",2.099
2.12560009765625,0.518288454356296,"F210M",2.099
2.12660009765625,0.517307892485808,"F210M",2.099
2.12760009765625,0.511944845305556,"F210M",2.099
2.12860009765625,0.523697288265711,"F210M",2.099
2.12960009765625,0.516325260484202,"F210M",2.099
2.13060009765625,0.521774698960776,"F210M",2.099
2.13160009765625,0.513891087604711,"F210M",2.099
2.13260009765625,0.513395403312661,"F210M",2.099
2.13360009765625,0.519138163180596,"F210M",2.099
2.13460009765625,0.51471192174752,"F210M",2.099
2.13560009765625,0.521155563786094,"F210M",2.099
2.13660009765625,0.513490481980923,"F210M",2.099
2.13760009765625,0.517052895911529,"F210M",2.099
2.13860009765625,0.514543048361005,"F210M",2.099
2.13960009765625,0.521705720809394,"F210M",2.099
2.14060009765625,0.514671575956206,"F210M",2.099
2.14160009765625,0.513155316474105,"F210M",2.099
2.14260009765625,0.516782668562944,"F210M",2.099
2.14360009765625,0.516593085051187,"F210M",2.099
2.14460009765625,0.510662237944042,"F210M",2.099
2.14560009765625,0.517229281105327,"F210M",2.099
2.14660009765625,0.517552030178571,"F210M",2.099
2.14760009765625,0.515261197115663,"F210M",2.099
2.14860009765625,0.510968712089018,"F210M",2.099
2.14960009765625,0.514658175436478,"F210M",2.099
2.15060009765625,0.511481334177019,"F210M",2.099
2.15160009765625,0.50975334872377,"F210M",2.099
2.15260009765625,0.509395262133366,"F210M",2.099
2.15360009765625,0.5106603604774,"F210M",2.099
2.15460009765625,0.511691757890425,"F210M",2.099
2.15560009765625,0.511597117127814,"F210M",2.099
2.15660009765625,0.515543337253599,"F210M",2.099
2.15760009765625,0.505688929044785,"F210M",2.099
2.15860009765625,0.511806556560232,"F210M",2.099
2.15960009765625,0.506095154165885,"F210M",2.099
2.16060009765625,0.506575841551343,"F210M",2.099
2.16160009765625,0.50574422312127,"F210M",2.099
2.16260009765625,0.508818712054175,"F210M",2.099
2.16360009765625,0.505050180537654,"F210M",2.099
2.16460009765625,0.497124815809635,"F210M",2.099
2.16560009765625,0.50843170890178,"F210M",2.099
2.16660009765625,0.500842303658883,"F210M",2.099
2.16760009765625,0.505370353808153,"F210M",2.099
2.16860009765625,0.49794933085758,"F210M",2.099
2.16960009765625,0.506218577330192,"F210M",2.099
2.17060009765625,0.499024505729253,"F210M",2.099
2.17160009765625,0.497720984185627,"F210M",2.099
2.17260009765625,0.505441969542119,"F210M",2.099
2.17360009765625,0.492760468930056,"F210M",2.099
2.17460009765625,0.497928165213059,"F210M",2.099
2.17560009765625,0.505623075971366,"F210M",2.099
2.17660009765625,0.498950932749596,"F210M",2.099
2.17760009765625,0.499358863397263,"F210M",2.099
2.17860009765625,0.493913077422195,"F210M",2.099
2.17960009765625,0.491789783032373,"F210M",2.099
2.18060009765625,0.502899294280655,"F210M",2.099
2.18160009765625,0.498615724221095,"F210M",2.099
2.18260009765625,0.495932319425523,"F210M",2.099
2.18360009765625,0.496463541182653,"F210M",2.099
2.18460009765625,0.486795059352542,"F210M",2.099
2.18560009765625,0.492214716592744,"F210M",2.099
2.18660009765625,0.483516959427808,"F210M",2.099
2.18760009765625,0.481569779426592,"F210M",2.099
2.18860009765625,0.475349651975521,"F210M",2.099
2.18960009765625,0.472018687712767,"F210M",2.099
2.19060009765625,0.460586790356938,"F210M",2.099
2.19160009765625,0.448774264217337,"F210M",2.099
2.19260009765625,0.437181634038248,"F210M",2.099
2.19360009765625,0.416939893837989,"F210M",2.099
2.19460009765625,0.404303205762264,"F210M",2.099
2.19560009765625,0.38215990164736,"F210M",2.099
2.19660009765625,0.360755627910318,"F210M",2.099
2.19760009765625,0.339226520666169,"F210M",2.099
2.19860009765625,0.313555940313659,"F210M",2.099
2.19960009765625,0.291327063419836,"F210M",2.099
2.20060009765625,0.267863829419249,"F210M",2.099
2.20160009765625,0.255132197249467,"F210M",2.099
2.20260009765625,0.232612585644843,"F210M",2.099
2.20360009765625,0.21406417763567,"F210M",2.099
2.20460009765625,0.200542947349642,"F210M",2.099
2.20560009765625,0.184532081993042,"F210M",2.099
2.20660009765625,0.172512906832609,"F210M",2.099
2.20760009765625,0.157029054023515,"F210M",2.099
2.20860009765625,0.144467203249831,"F210M",2.099
2.20960009765625,0.131389323256224,"F210M",2.099
2.21060009765625,0.119491295772667,"F210M",2.099
2.21160009765625,0.10739860521098,"F210M",2.099
2.21260009765625,0.0947867807528992,"F210M",2.099
2.21360009765625,0.0864916025924195,"F210M",2.099
2.21460009765625,0.076520430525247,"F210M",2.099
2.21560009765625,0.0670994728528634,"F210M",2.099
2.21660009765625,0.0585033774771893,"F210M",2.099
2.21760009765625,0.0502872106938261,"F210M",2.099
2.21860009765625,0.0438208837791468,"F210M",2.099
2.21960009765625,0.0384686221900402,"F210M",2.099
2.22060009765625,0.0337136759064962,"F210M",2.099
2.22160009765625,0.0285322883669802,"F210M",2.099
2.22260009765625,0.0247497776645823,"F210M",2.099
2.22360009765625,0.0212417717653574,"F210M",2.099
2.22460009765625,0.0184267950165627,"F210M",2.099
2.22560009765625,0.0159834199366246,"F210M",2.099
2.22660009765625,0.0137367309870693,"F210M",2.099
2.22760009765625,0.0118149893957703,"F210M",2.099
2.22860009765625,0.0104853601556334,"F210M",2.099
2.22960009765625,0.00907111726580664,"F210M",2.099
2.23060009765625,0.00789061967403673,"F210M",2.099
2.23160009765625,0.00686548475885965,"F210M",2.099
2.23260009765625,0.0059607710941573,"F210M",2.099
2.23360009765625,0.00519052801455869,"F210M",2.099
2.23460009765625,0.00454397703030414,"F210M",2.099
2.23560009765625,0.00398691042774031,"F210M",2.099
2.23660009765625,0.00347487140577801,"F210M",2.099
2.23760009765625,0.00306666482253883,"F210M",2.099
2.23860009765625,0.0026837714826789,"F210M",2.099
2.23960009765625,0.0023450217456825,"F210M",2.099
2.24060009765625,0.00207583695072282,"F210M",2.099
2.24160009765625,0.00178527910583796,"F210M",2.099
2.24260009765625,0.00162946319253784,"F210M",2.099
2.24360009765625,0.00141285566123071,"F210M",2.099
2.24460009765625,0.00126723043851109,"F210M",2.099
2.24560009765625,0.00110393542747204,"F210M",2.099
2.24660009765625,0.00097277953014228,"F210M",2.099
2.24760009765625,0.000865746859846913,"F210M",2.099
2.24860009765625,0.000760480896004545,"F210M",2.099
2.24960009765625,0.000693393865838753,"F210M",2.099
2.25060009765625,0.000605987343394288,"F210M",2.099
2.25160009765625,0.000531237490180642,"F210M",2.099
2.25260009765625,0.000480391717933705,"F210M",2.099
2.25360009765625,0.000426518610855587,"F210M",2.099
2.25460009765625,0.000375559564539878,"F210M",2.099
2.25560009765625,0.000333458295220144,"F210M",2.099
2.25660009765625,0.000301871049677335,"F210M",2.099
2.25760009765625,0.000273936831926329,"F210M",2.099
2.25860009765625,0.000244463756413362,"F210M",2.099
2.25960009765625,0.000219372371470165,"F210M",2.099
2.26060009765625,0.000192870398492542,"F210M",2.099
2.26160009765625,0.000177032513728186,"F210M",2.099
2.26260009765625,0.000156619506759532,"F210M",2.099
2.26360009765625,0.000143159229491875,"F210M",2.099
2.26460009765625,0.00012808669430927,"F210M",2.099
2.26560009765625,0.000119876707173858,"F210M",2.099
2.26660009765625,9.7955593736502e-05,"F210M",2.099
2.26760009765625,9.25683572985959e-05,"F210M",2.099
2.26860009765625,8.82191804952444e-05,"F210M",2.099
2.26960009765625,7.85238431329642e-05,"F210M",2.099
2.27060009765625,7.15717628198304e-05,"F210M",2.099
2.27160009765625,6.89837162251821e-05,"F210M",2.099
2.27260009765625,6.27309664685945e-05,"F210M",2.099
2.27360009765625,5.59934420095454e-05,"F210M",2.099
2.27460009765625,5.15645990662703e-05,"F210M",2.099
2.27560009765625,4.94044683826594e-05,"F210M",2.099
2.27660009765625,4.49440703929023e-05,"F210M",2.099
2.27760009765625,4.25272125848899e-05,"F210M",2.099
2.27860009765625,3.80336318511247e-05,"F210M",2.099
2.27960009765625,3.60635334083336e-05,"F210M",2.099
2.28060009765625,3.54908150265265e-05,"F210M",2.099
2.28160009765625,3.17256882934542e-05,"F210M",2.099
2.28260009765625,3.04485376098918e-05,"F210M",2.099
2.28360009765625,2.75515302834525e-05,"F210M",2.099
2.28460009765625,2.38004364300436e-05,"F210M",2.099
2.28560009765625,2.46920340499631e-05,"F210M",2.099
2.28660009765625,2.20557685222683e-05,"F210M",2.099
2.28760009765625,2.20024778887888e-05,"F210M",2.099
2.28860009765625,2.16628377814672e-05,"F210M",2.099
2.28960009765625,1.97453023137905e-05,"F210M",2.099
2.29060009765625,1.85501279320665e-05,"F210M",2.099
2.29160009765625,1.90197761642833e-05,"F210M",2.099
2.29260009765625,1.8275303930493e-05,"F210M",2.099
2.29360009765625,1.67683635516514e-05,"F210M",2.099
2.29460009765625,1.64043636218847e-05,"F210M",2.099
2.29560009765625,1.50628783541957e-05,"F210M",2.099
2.29660009765625,1.4096630110355e-05,"F210M",2.099
2.29760009765625,1.39039349566214e-05,"F210M",2.099
2.29860009765625,1.30764475248801e-05,"F210M",2.099
2.29960009765625,1.30206915268987e-05,"F210M",2.099
2.30060009765625,1.15534880207422e-05,"F210M",2.099
2.30160009765625,1.15741708965098e-05,"F210M",2.099
2.30260009765625,0,"F210M",2.099
2.30360009765625,0,"F210M",2.099
NA,NA,"F210M",2.099
2.298648795,0,"F277W",2.77
2.299849761,0,"F277W",2.77
2.301050727,1.48679235715307e-06,"F277W",2.77
2.302251693,1.68128646297129e-06,"F277W",2.77
2.303452659,1.89026477835247e-06,"F277W",2.77
2.304653625,2.12329760787556e-06,"F277W",2.77
2.305854591,2.39065050360335e-06,"F277W",2.77
2.307055557,2.90268513620744e-06,"F277W",2.77
2.308256523,3.23941451729691e-06,"F277W",2.77
2.309457488,3.67024780541764e-06,"F277W",2.77
2.310658454,4.14822522532698e-06,"F277W",2.77
2.31185942,4.69110392283402e-06,"F277W",2.77
2.313060386,5.83591305766644e-06,"F277W",2.77
2.314261352,6.62669111241774e-06,"F277W",2.77
2.315462318,7.58708734886101e-06,"F277W",2.77
2.316663284,8.74456813787975e-06,"F277W",2.77
2.31786425,1.00298593312286e-05,"F277W",2.77
2.319065216,1.27108065987962e-05,"F277W",2.77
2.320266182,1.44694621108832e-05,"F277W",2.77
2.321467148,1.66129377504049e-05,"F277W",2.77
2.322668114,1.90664812624818e-05,"F277W",2.77
2.32386908,2.17760659094964e-05,"F277W",2.77
2.325070046,2.70985843167801e-05,"F277W",2.77
2.326271012,3.03516477838288e-05,"F277W",2.77
2.327471977,3.42935686323701e-05,"F277W",2.77
2.328672943,3.88171046817225e-05,"F277W",2.77
2.329873909,4.38625670021098e-05,"F277W",2.77
2.331074875,5.24547801332073e-05,"F277W",2.77
2.332275841,5.87015625444982e-05,"F277W",2.77
2.333476807,6.61580827399773e-05,"F277W",2.77
2.334677773,7.48360485304446e-05,"F277W",2.77
2.335878739,8.4838855739421e-05,"F277W",2.77
2.337079705,0.000100246984448647,"F277W",2.77
2.338280671,0.000114023243882441,"F277W",2.77
2.339481637,0.00012967503092762,"F277W",2.77
2.340682603,0.000147917856707258,"F277W",2.77
2.341883569,0.00016855158938415,"F277W",2.77
2.343084535,0.000194637519213821,"F277W",2.77
2.344285501,0.000221682081649092,"F277W",2.77
2.345486466,0.000253405169302267,"F277W",2.77
2.346687432,0.000290509707900793,"F277W",2.77
2.347888398,0.000333538822731708,"F277W",2.77
2.349089364,0.00038681828983387,"F277W",2.77
2.35029033,0.000449393908950658,"F277W",2.77
2.351491296,0.000525236086920077,"F277W",2.77
2.352692262,0.000616904433863804,"F277W",2.77
2.353893228,0.000727678427576461,"F277W",2.77
2.355094194,0.000872429087260594,"F277W",2.77
2.35629516,0.00103867596450824,"F277W",2.77
2.357496126,0.00123824621133268,"F277W",2.77
2.358697092,0.00147574620978215,"F277W",2.77
2.359898058,0.00175623468647586,"F277W",2.77
2.361099024,0.00212927069668489,"F277W",2.77
2.362299989,0.00251759094737908,"F277W",2.77
2.363500955,0.00295856991854994,"F277W",2.77
2.364701921,0.00345200886876062,"F277W",2.77
2.365902887,0.00399665861278132,"F277W",2.77
2.367103853,0.00468728124489497,"F277W",2.77
2.368304819,0.00533100255229454,"F277W",2.77
2.369505785,0.00601342386198625,"F277W",2.77
2.370706751,0.00673039792257332,"F277W",2.77
2.371907717,0.00748115239627587,"F277W",2.77
2.373108683,0.00835396303471189,"F277W",2.77
2.374309649,0.00916581144500846,"F277W",2.77
2.375510615,0.00995153762080258,"F277W",2.77
2.376711581,0.0108051977238524,"F277W",2.77
2.377912547,0.0117332298160279,"F277W",2.77
2.379113513,0.0127676527358226,"F277W",2.77
2.380314478,0.0139005541876245,"F277W",2.77
2.381515444,0.0151712107657528,"F277W",2.77
2.38271641,0.0166118599939578,"F277W",2.77
2.383917376,0.0182570430099179,"F277W",2.77
2.385118342,0.0201643064310532,"F277W",2.77
2.386319308,0.0223463413235351,"F277W",2.77
2.387520274,0.0248838452181819,"F277W",2.77
2.38872124,0.0278451616911399,"F277W",2.77
2.389922206,0.0313057208883202,"F277W",2.77
2.391123172,0.0353742273877645,"F277W",2.77
2.392324138,0.0400966483244874,"F277W",2.77
2.393525104,0.0455818810669359,"F277W",2.77
2.39472607,0.0519093121076605,"F277W",2.77
2.395927036,0.0591395802720174,"F277W",2.77
2.397128002,0.0673389957460077,"F277W",2.77
2.398328967,0.0764027339491257,"F277W",2.77
2.399529933,0.0862717749722261,"F277W",2.77
2.400730899,0.0967824124557809,"F277W",2.77
2.401931865,0.107710963861443,"F277W",2.77
2.403132831,0.118853906087691,"F277W",2.77
2.404333797,0.12977467962868,"F277W",2.77
2.405534763,0.140254092090865,"F277W",2.77
2.406735729,0.150049652418886,"F277W",2.77
2.407936695,0.158994314694414,"F277W",2.77
2.409137661,0.167117611746747,"F277W",2.77
2.410338627,0.174251315860182,"F277W",2.77
2.411539593,0.180610822352569,"F277W",2.77
2.412740559,0.186394098405771,"F277W",2.77
2.413941525,0.191852040469347,"F277W",2.77
2.415142491,0.197370566603948,"F277W",2.77
2.416343456,0.202990199500193,"F277W",2.77
2.417544422,0.209047702457188,"F277W",2.77
2.418745388,0.215705782333572,"F277W",2.77
2.419946354,0.22304620535722,"F277W",2.77
2.42114732,0.231186799014642,"F277W",2.77
2.422348286,0.239768402005138,"F277W",2.77
2.423549252,0.248721303471258,"F277W",2.77
2.424750218,0.257792403494179,"F277W",2.77
2.425951184,0.26670074118064,"F277W",2.77
2.42715215,0.275323260409349,"F277W",2.77
2.428353116,0.283134543153128,"F277W",2.77
2.429554082,0.290117138187336,"F277W",2.77
2.430755048,0.296194625098065,"F277W",2.77
2.431956014,0.301378571981556,"F277W",2.77
2.43315698,0.305921941283424,"F277W",2.77
2.434357945,0.309651400395851,"F277W",2.77
2.435558911,0.312912405052303,"F277W",2.77
2.436759877,0.315893479751709,"F277W",2.77
2.437960843,0.318772255812763,"F277W",2.77
2.439161809,0.321869439745668,"F277W",2.77
2.440362775,0.32497322107785,"F277W",2.77
2.441563741,0.328339832217727,"F277W",2.77
2.442764707,0.332031945799657,"F277W",2.77
2.443965673,0.336088302527526,"F277W",2.77
2.445166639,0.340694802830642,"F277W",2.77
2.446367605,0.345495209545168,"F277W",2.77
2.447568571,0.350630491318778,"F277W",2.77
2.448769537,0.35605151265543,"F277W",2.77
2.449970503,0.361694937132876,"F277W",2.77
2.451171469,0.36690425368799,"F277W",2.77
2.452372434,0.372357847760618,"F277W",2.77
2.4535734,0.377769915935323,"F277W",2.77
2.454774366,0.383046516313237,"F277W",2.77
2.455975332,0.388103499176613,"F277W",2.77
2.457176298,0.392655856922243,"F277W",2.77
2.458377264,0.39706174784256,"F277W",2.77
2.45957823,0.401065242971458,"F277W",2.77
2.460779196,0.404637522893039,"F277W",2.77
2.461980162,0.407766092217175,"F277W",2.77
2.463181128,0.410232516620676,"F277W",2.77
2.464382094,0.412505042222877,"F277W",2.77
2.46558306,0.414391409326757,"F277W",2.77
2.466784026,0.415929357164936,"F277W",2.77
2.467984992,0.41716194719946,"F277W",2.77
2.469185958,0.418127437370867,"F277W",2.77
2.470386923,0.418886967125066,"F277W",2.77
2.471587889,0.419697200115059,"F277W",2.77
2.472788855,0.42015338717907,"F277W",2.77
2.473989821,0.420732556223053,"F277W",2.77
2.475190787,0.421010333446945,"F277W",2.77
2.476391753,0.421243294276515,"F277W",2.77
2.477592719,0.421667481625217,"F277W",2.77
2.478793685,0.421847026098282,"F277W",2.77
2.479994651,0.422230634044455,"F277W",2.77
2.481195617,0.422370804890132,"F277W",2.77
2.482396583,0.422724618344675,"F277W",2.77
2.483597549,0.423055819191567,"F277W",2.77
2.484798515,0.423360298574922,"F277W",2.77
2.485999481,0.423405451497414,"F277W",2.77
2.487200446,0.423623113297312,"F277W",2.77
2.488401412,0.423789691718501,"F277W",2.77
2.489602378,0.423672029629864,"F277W",2.77
2.490803344,0.42370812579437,"F277W",2.77
2.49200431,0.423663565256425,"F277W",2.77
2.493205276,0.423541114618307,"F277W",2.77
2.494406242,0.423333678851112,"F277W",2.77
2.495607208,0.423039723682506,"F277W",2.77
2.496808174,0.422662003501287,"F277W",2.77
2.49800914,0.422203981322089,"F277W",2.77
2.499210106,0.421667922567478,"F277W",2.77
2.500411072,0.421060684628706,"F277W",2.77
2.501612038,0.42040009519789,"F277W",2.77
2.502813004,0.419685243277631,"F277W",2.77
2.50401397,0.418934291662261,"F277W",2.77
2.505214935,0.41814345986482,"F277W",2.77
2.506415901,0.417331549161455,"F277W",2.77
2.507616867,0.416505828263029,"F277W",2.77
2.508817833,0.415681491487461,"F277W",2.77
2.510018799,0.414879728752695,"F277W",2.77
2.511219765,0.414087341283953,"F277W",2.77
2.512420731,0.413325374068661,"F277W",2.77
2.513621697,0.412605504048293,"F277W",2.77
2.514822663,0.411932240481828,"F277W",2.77
2.516023629,0.411326436956623,"F277W",2.77
2.517224595,0.410771580118535,"F277W",2.77
2.518425561,0.410282188942032,"F277W",2.77
2.519626527,0.409862937402979,"F277W",2.77
2.520827493,0.409519770957886,"F277W",2.77
2.522028459,0.409241947743132,"F277W",2.77
2.523229424,0.40904143315318,"F277W",2.77
2.52443039,0.40892114234394,"F277W",2.77
2.525631356,0.408879453638745,"F277W",2.77
2.526832322,0.408915020170956,"F277W",2.77
2.528033288,0.409033548199347,"F277W",2.77
2.529234254,0.409225303057955,"F277W",2.77
2.53043522,0.409488734024968,"F277W",2.77
2.531636186,0.409821734904489,"F277W",2.77
2.532837152,0.410220743447037,"F277W",2.77
2.534038118,0.410686830471782,"F277W",2.77
2.535239084,0.411206601048923,"F277W",2.77
2.53644005,0.41177973136684,"F277W",2.77
2.537641016,0.412397216188985,"F277W",2.77
2.538841982,0.413054321475967,"F277W",2.77
2.540042948,0.41375530590542,"F277W",2.77
2.541243913,0.414478452806979,"F277W",2.77
2.542444879,0.415225832726531,"F277W",2.77
2.543645845,0.415989592356299,"F277W",2.77
2.544846811,0.41676417226405,"F277W",2.77
2.546047777,0.417556421475215,"F277W",2.77
2.547248743,0.418341109726865,"F277W",2.77
2.548449709,0.419123645423862,"F277W",2.77
2.549650675,0.419898811904138,"F277W",2.77
2.550851641,0.420663485476483,"F277W",2.77
2.552052607,0.421494963752406,"F277W",2.77
2.553253573,0.422261367438516,"F277W",2.77
2.554454539,0.423005660812728,"F277W",2.77
2.555655505,0.423724699469818,"F277W",2.77
2.556856471,0.424415817656909,"F277W",2.77
2.558057437,0.425128639064152,"F277W",2.77
2.559258402,0.425761128562139,"F277W",2.77
2.560459368,0.426361935789232,"F277W",2.77
2.561660334,0.42693483916289,"F277W",2.77
2.5628613,0.42747771567631,"F277W",2.77
2.564062266,0.428044847835222,"F277W",2.77
2.565263232,0.428527502669405,"F277W",2.77
2.566464198,0.428984361287756,"F277W",2.77
2.567665164,0.429420983338322,"F277W",2.77
2.56886613,0.429827988370661,"F277W",2.77
2.570067096,0.430266701953455,"F277W",2.77
2.571268062,0.430634516744987,"F277W",2.77
2.572469028,0.430979861281298,"F277W",2.77
2.573669994,0.431311402992722,"F277W",2.77
2.57487096,0.431636390075025,"F277W",2.77
2.576071926,0.43200794030484,"F277W",2.77
2.577272891,0.432307706997084,"F277W",2.77
2.578473857,0.432608037218838,"F277W",2.77
2.579674823,0.432899256486095,"F277W",2.77
2.580875789,0.433186655278793,"F277W",2.77
2.582076755,0.433542165059643,"F277W",2.77
2.583277721,0.433876674102613,"F277W",2.77
2.584478687,0.434212979607834,"F277W",2.77
2.585679653,0.434551094706452,"F277W",2.77
2.586880619,0.434894988471781,"F277W",2.77
2.588081585,0.435345090345691,"F277W",2.77
2.589282551,0.435695762438314,"F277W",2.77
2.590483517,0.436030828069194,"F277W",2.77
2.591684483,0.436367327304247,"F277W",2.77
2.592885449,0.436717482054771,"F277W",2.77
2.594086414,0.437172297940167,"F277W",2.77
2.59528738,0.437516560422436,"F277W",2.77
2.596488346,0.437854076621918,"F277W",2.77
2.597689312,0.438184758900436,"F277W",2.77
2.598890278,0.438507048050157,"F277W",2.77
2.600091244,0.438940195144717,"F277W",2.77
2.60129221,0.438777825134389,"F277W",2.77
2.602493176,0.438504451397134,"F277W",2.77
2.603694142,0.43821641967436,"F277W",2.77
2.604895108,0.437909952921998,"F277W",2.77
2.606096074,0.437139758033829,"F277W",2.77
2.60729704,0.436796127572827,"F277W",2.77
2.608498006,0.436431631802771,"F277W",2.77
2.609698972,0.436045662785803,"F277W",2.77
2.610899938,0.435646389095434,"F277W",2.77
2.612100903,0.434776267645247,"F277W",2.77
2.613301869,0.434320908532096,"F277W",2.77
2.614502835,0.433094218196379,"F277W",2.77
2.615703801,0.43306368340918,"F277W",2.77
2.616904767,0.433007970944283,"F277W",2.77
2.618105733,0.432965199856528,"F277W",2.77
2.619306699,0.432890176302245,"F277W",2.77
2.620507665,0.432800332304843,"F277W",2.77
2.621708631,0.432703531611696,"F277W",2.77
2.622909597,0.432597169379064,"F277W",2.77
2.624110563,0.432502059215638,"F277W",2.77
2.625311529,0.432390012684336,"F277W",2.77
2.626512495,0.432274766638181,"F277W",2.77
2.627713461,0.432155366183067,"F277W",2.77
2.628914427,0.43204621916758,"F277W",2.77
2.630115392,0.431958268026398,"F277W",2.77
2.631316358,0.431867490277641,"F277W",2.77
2.632517324,0.431794603806111,"F277W",2.77
2.63371829,0.431728713524793,"F277W",2.77
2.634919256,0.431678874983908,"F277W",2.77
2.636120222,0.43167190721677,"F277W",2.77
2.637321188,0.431661258125695,"F277W",2.77
2.638522154,0.431667618470964,"F277W",2.77
2.63972312,0.43169955185264,"F277W",2.77
2.640924086,0.431748603593885,"F277W",2.77
2.642125052,0.431834431270614,"F277W",2.77
2.643326018,0.431929089936368,"F277W",2.77
2.644526984,0.432047679010716,"F277W",2.77
2.64572795,0.43218818582517,"F277W",2.77
2.646928916,0.432351061247452,"F277W",2.77
2.648129881,0.432550155394262,"F277W",2.77
2.649330847,0.432750714607218,"F277W",2.77
2.650531813,0.432972572479589,"F277W",2.77
2.651732779,0.432234722824456,"F277W",2.77
2.652933745,0.432358665046052,"F277W",2.77
2.654134711,0.4323534088666,"F277W",2.77
2.655335677,0.432474340900555,"F277W",2.77
2.656536643,0.432597364666975,"F277W",2.77
2.657737609,0.43272556232539,"F277W",2.77
2.658938575,0.432855801249718,"F277W",2.77
2.660139541,0.43280531775659,"F277W",2.77
2.661340507,0.432877468495975,"F277W",2.77
2.662541473,0.432946650005357,"F277W",2.77
2.663742439,0.433006149536578,"F277W",2.77
2.664943405,0.433066625764887,"F277W",2.77
2.66614437,0.432877114315651,"F277W",2.77
2.667345336,0.432911841983811,"F277W",2.77
2.668546302,0.432949178621358,"F277W",2.77
2.669747268,0.432978163488507,"F277W",2.77
2.670948234,0.433009444274784,"F277W",2.77
2.6721492,0.432821915895324,"F277W",2.77
2.673350166,0.432849879436496,"F277W",2.77
2.674551132,0.432872353452719,"F277W",2.77
2.675752098,0.432903937417263,"F277W",2.77
2.676953064,0.432931698707338,"F277W",2.77
2.67815403,0.432778828514054,"F277W",2.77
2.679354996,0.432787458170461,"F277W",2.77
2.680555962,0.432781685835647,"F277W",2.77
2.681756928,0.432763719460206,"F277W",2.77
2.682957894,0.432726691034202,"F277W",2.77
2.684158859,0.432571308961746,"F277W",2.77
2.685359825,0.432513906245705,"F277W",2.77
2.686560791,0.432438841786371,"F277W",2.77
2.687761757,0.432354552311884,"F277W",2.77
2.688962723,0.432266358447831,"F277W",2.77
2.690163689,0.432134394409675,"F277W",2.77
2.691364655,0.43205307537542,"F277W",2.77
2.692565621,0.431973364213639,"F277W",2.77
2.693766587,0.431898502407448,"F277W",2.77
2.694967553,0.43183142375936,"F277W",2.77
2.696168519,0.431788543294353,"F277W",2.77
2.697369485,0.431744663533078,"F277W",2.77
2.698570451,0.431712755205391,"F277W",2.77
2.699771417,0.431695999058769,"F277W",2.77
2.700972383,0.432557013666601,"F277W",2.77
2.702173348,0.432751114095679,"F277W",2.77
2.703374314,0.432831651504732,"F277W",2.77
2.70457528,0.432913917250564,"F277W",2.77
2.705776246,0.432999089343708,"F277W",2.77
2.706977212,0.433084170722451,"F277W",2.77
2.708178178,0.433290679214438,"F277W",2.77
2.709379144,0.433383321833334,"F277W",2.77
2.71058011,0.43347260621415,"F277W",2.77
2.711781076,0.433561815381795,"F277W",2.77
2.712982042,0.433646149925554,"F277W",2.77
2.714183008,0.433845283874028,"F277W",2.77
2.715383974,0.433921642790072,"F277W",2.77
2.71658494,0.433988869132419,"F277W",2.77
2.717785906,0.434056354161223,"F277W",2.77
2.718986871,0.434117950511456,"F277W",2.77
2.720187837,0.434287250979524,"F277W",2.77
2.721388803,0.434337834213684,"F277W",2.77
2.722589769,0.43438816225827,"F277W",2.77
2.723790735,0.43443805980191,"F277W",2.77
2.724991701,0.434483904516206,"F277W",2.77
2.726192667,0.434654330933577,"F277W",2.77
2.727393633,0.434697880357348,"F277W",2.77
2.728594599,0.4347339866307,"F277W",2.77
2.729795565,0.434775849950708,"F277W",2.77
2.730996531,0.434805332075695,"F277W",2.77
2.732197497,0.43495213842657,"F277W",2.77
2.733398463,0.434980490585597,"F277W",2.77
2.734599429,0.435006402825007,"F277W",2.77
2.735800395,0.435030399003895,"F277W",2.77
2.73700136,0.435174022768773,"F277W",2.77
2.738202326,0.435209358316813,"F277W",2.77
2.739403292,0.435252032575647,"F277W",2.77
2.740604258,0.435308677143223,"F277W",2.77
2.741805224,0.435370256132349,"F277W",2.77
2.74300619,0.435558781409923,"F277W",2.77
2.744207156,0.435646514505634,"F277W",2.77
2.745408122,0.435747552442424,"F277W",2.77
2.746609088,0.435862484627104,"F277W",2.77
2.747810054,0.43598471283523,"F277W",2.77
2.74901102,0.436238647152141,"F277W",2.77
2.750211986,0.436388594086659,"F277W",2.77
2.751412952,0.43588207148717,"F277W",2.77
2.752613918,0.435395420276947,"F277W",2.77
2.753814884,0.434926289360237,"F277W",2.77
2.755015849,0.433926388185677,"F277W",2.77
2.756216815,0.433488286750386,"F277W",2.77
2.757417781,0.4330695566874,"F277W",2.77
2.758618747,0.432662610965907,"F277W",2.77
2.759819713,0.432272644083974,"F277W",2.77
2.761020679,0.431358365064451,"F277W",2.77
2.762221645,0.430998314937964,"F277W",2.77
2.763422611,0.431271552937072,"F277W",2.77
2.764623577,0.431404829140372,"F277W",2.77
2.765824543,0.431560586982558,"F277W",2.77
2.767025509,0.431679024231302,"F277W",2.77
2.768226475,0.431882048917572,"F277W",2.77
2.769427441,0.432101831977476,"F277W",2.77
2.770628407,0.432335621772848,"F277W",2.77
2.771829373,0.432587548726493,"F277W",2.77
2.773030338,0.432850831460352,"F277W",2.77
2.774231304,0.433135577555839,"F277W",2.77
2.77543227,0.433426158188882,"F277W",2.77
2.776633236,0.433725595317492,"F277W",2.77
2.777834202,0.434027648827802,"F277W",2.77
2.779035168,0.434380246990483,"F277W",2.77
2.780236134,0.434694424775318,"F277W",2.77
2.7814371,0.435005348131757,"F277W",2.77
2.782638066,0.435312360450049,"F277W",2.77
2.783839032,0.435612103544345,"F277W",2.77
2.785039998,0.435994476446196,"F277W",2.77
2.786240964,0.436286954190102,"F277W",2.77
2.78744193,0.436569974882406,"F277W",2.77
2.788642896,0.436842808197408,"F277W",2.77
2.789843862,0.437101841999512,"F277W",2.77
2.791044827,0.43745142366052,"F277W",2.77
2.792245793,0.437684625147369,"F277W",2.77
2.793446759,0.43790326175519,"F277W",2.77
2.794647725,0.438101497319601,"F277W",2.77
2.795848691,0.438285405342902,"F277W",2.77
2.797049657,0.438549725787553,"F277W",2.77
2.798250623,0.438694881393763,"F277W",2.77
2.799451589,0.43882196422718,"F277W",2.77
2.800652555,0.438932105226548,"F277W",2.77
2.801853521,0.439027691053564,"F277W",2.77
2.803054487,0.43917642466618,"F277W",2.77
2.804255453,0.439235229388706,"F277W",2.77
2.805456419,0.439277880616088,"F277W",2.77
2.806657385,0.439309482827805,"F277W",2.77
2.807858351,0.439328466948357,"F277W",2.77
2.809059316,0.439362531082069,"F277W",2.77
2.810260282,0.439350630896963,"F277W",2.77
2.811461248,0.439329102379628,"F277W",2.77
2.812662214,0.439301747551573,"F277W",2.77
2.81386318,0.439267056208281,"F277W",2.77
2.815064146,0.439195813233692,"F277W",2.77
2.816265112,0.439142064652464,"F277W",2.77
2.817466078,0.439088948031891,"F277W",2.77
2.818667044,0.43903413065845,"F277W",2.77
2.81986801,0.438983823287192,"F277W",2.77
2.821068976,0.438843226750258,"F277W",2.77
2.822269942,0.438873387476425,"F277W",2.77
2.823470908,0.438908844680911,"F277W",2.77
2.824671874,0.438951188214839,"F277W",2.77
2.825872839,0.439000217826951,"F277W",2.77
2.827073805,0.438995435465752,"F277W",2.77
2.828274771,0.439052100469261,"F277W",2.77
2.829475737,0.439116161735791,"F277W",2.77
2.830676703,0.439192958897444,"F277W",2.77
2.831877669,0.439278185836058,"F277W",2.77
2.833078635,0.439280226731762,"F277W",2.77
2.834279601,0.439381013295767,"F277W",2.77
2.835480567,0.439495199059952,"F277W",2.77
2.836681533,0.439620875090933,"F277W",2.77
2.837882499,0.439757700664561,"F277W",2.77
2.839083465,0.439797257301026,"F277W",2.77
2.840284431,0.439957648596733,"F277W",2.77
2.841485397,0.440130414267424,"F277W",2.77
2.842686363,0.440313632729906,"F277W",2.77
2.843887328,0.440509072851379,"F277W",2.77
2.845088294,0.440609936160982,"F277W",2.77
2.84628926,0.440828187965529,"F277W",2.77
2.847490226,0.441057160620399,"F277W",2.77
2.848691192,0.441296580195281,"F277W",2.77
2.849892158,0.441541717689503,"F277W",2.77
2.851093124,0.441719307093066,"F277W",2.77
2.85229409,0.441986526805392,"F277W",2.77
2.853495056,0.44226267975515,"F277W",2.77
2.854696022,0.442545777818756,"F277W",2.77
2.855896988,0.442835117651634,"F277W",2.77
2.857097954,0.443089468109383,"F277W",2.77
2.85829892,0.443395857651408,"F277W",2.77
2.859499886,0.443708056727956,"F277W",2.77
2.860700852,0.444023186618706,"F277W",2.77
2.861901817,0.444341647136133,"F277W",2.77
2.863102783,0.444663521920512,"F277W",2.77
2.864303749,0.444995577705667,"F277W",2.77
2.865504715,0.445329611541775,"F277W",2.77
2.866705681,0.445665853484398,"F277W",2.77
2.867906647,0.446001121951812,"F277W",2.77
2.869107613,0.446377199337593,"F277W",2.77
2.870308579,0.446718542080643,"F277W",2.77
2.871509545,0.447060415161607,"F277W",2.77
2.872710511,0.447399792180134,"F277W",2.77
2.873911477,0.447736983104865,"F277W",2.77
2.875112443,0.448134202084329,"F277W",2.77
2.876313409,0.448466710363438,"F277W",2.77
2.877514375,0.44879385157681,"F277W",2.77
2.878715341,0.449114549770209,"F277W",2.77
2.879916306,0.449426770018971,"F277W",2.77
2.881117272,0.449805035260391,"F277W",2.77
2.882318238,0.450099709433549,"F277W",2.77
2.883519204,0.450382708793824,"F277W",2.77
2.88472017,0.450654306385998,"F277W",2.77
2.885921136,0.450912481212235,"F277W",2.77
2.887122102,0.451221459530353,"F277W",2.77
2.888323068,0.451445615073653,"F277W",2.77
2.889524034,0.451653696909554,"F277W",2.77
2.890725,0.451842910315851,"F277W",2.77
2.891925966,0.45201493571582,"F277W",2.77
2.893126932,0.452202371691044,"F277W",2.77
2.894327898,0.452328940852864,"F277W",2.77
2.895528864,0.452432383811045,"F277W",2.77
2.89672983,0.452514214500663,"F277W",2.77
2.897930795,0.452573650811597,"F277W",2.77
2.899131761,0.4526011502208,"F277W",2.77
2.900332727,0.452607866545406,"F277W",2.77
2.901533693,0.452591417699547,"F277W",2.77
2.902734659,0.452549777149171,"F277W",2.77
2.903935625,0.452486082665961,"F277W",2.77
2.905136591,0.452332528559447,"F277W",2.77
2.906337557,0.452214344580075,"F277W",2.77
2.907538523,0.452073534132063,"F277W",2.77
2.908739489,0.451911674541832,"F277W",2.77
2.909940455,0.451728797385418,"F277W",2.77
2.911141421,0.451401403788907,"F277W",2.77
2.912342387,0.451173243318613,"F277W",2.77
2.913543353,0.450928840072318,"F277W",2.77
2.914744319,0.450669185517958,"F277W",2.77
2.915945284,0.450397499538762,"F277W",2.77
2.91714625,0.449936610180857,"F277W",2.77
2.918347216,0.449639441162832,"F277W",2.77
2.919548182,0.449337949746494,"F277W",2.77
2.920749148,0.44903354032971,"F277W",2.77
2.921950114,0.448728559514924,"F277W",2.77
2.92315108,0.448206311693592,"F277W",2.77
2.924352046,0.447900022342607,"F277W",2.77
2.925553012,0.447599686172164,"F277W",2.77
2.926753978,0.447307620627048,"F277W",2.77
2.927954944,0.447025485098513,"F277W",2.77
2.92915591,0.446517498250601,"F277W",2.77
2.930356876,0.44625889925849,"F277W",2.77
2.931557842,0.446014583108415,"F277W",2.77
2.932758808,0.445787153174216,"F277W",2.77
2.933959773,0.445578787016125,"F277W",2.77
2.935160739,0.445156142607518,"F277W",2.77
2.936361705,0.444991593360957,"F277W",2.77
2.937562671,0.444849733574653,"F277W",2.77
2.938763637,0.444730431327207,"F277W",2.77
2.939964603,0.444634464426,"F277W",2.77
2.941165569,0.444390187992516,"F277W",2.77
2.942366535,0.444384916885852,"F277W",2.77
2.943567501,0.444404130175943,"F277W",2.77
2.944768467,0.44444797979367,"F277W",2.77
2.945969433,0.444515032929013,"F277W",2.77
2.947170399,0.444476490955941,"F277W",2.77
2.948371365,0.444596293919866,"F277W",2.77
2.949572331,0.444736359513953,"F277W",2.77
2.950773296,0.444895212141848,"F277W",2.77
2.951974262,0.44507131924923,"F277W",2.77
2.953175228,0.445195036381748,"F277W",2.77
2.954376194,0.445409947593912,"F277W",2.77
2.95557716,0.445636693503855,"F277W",2.77
2.956778126,0.445874364422218,"F277W",2.77
2.957979092,0.44612007062863,"F277W",2.77
2.959180058,0.446372888842637,"F277W",2.77
2.960381024,0.446639079802668,"F277W",2.77
2.96158199,0.44690718809173,"F277W",2.77
2.962782956,0.447175702491735,"F277W",2.77
2.963983922,0.447443593649622,"F277W",2.77
2.965184888,0.447781717007388,"F277W",2.77
2.966385854,0.448051951302366,"F277W",2.77
2.96758682,0.448314818293664,"F277W",2.77
2.968787785,0.448570218570345,"F277W",2.77
2.969988751,0.448817731205501,"F277W",2.77
2.971189717,0.449195810993366,"F277W",2.77
2.972390683,0.449433629754735,"F277W",2.77
2.973591649,0.449659776003385,"F277W",2.77
2.974792615,0.449875871949698,"F277W",2.77
2.975993581,0.450081553213791,"F277W",2.77
2.977194547,0.450474185650542,"F277W",2.77
2.978395513,0.450667503365768,"F277W",2.77
2.979596479,0.450851770754984,"F277W",2.77
2.980797445,0.451027639410862,"F277W",2.77
2.981998411,0.451197142285018,"F277W",2.77
2.983199377,0.451596704415004,"F277W",2.77
2.984400343,0.451759488034118,"F277W",2.77
2.985601309,0.451916585845557,"F277W",2.77
2.986802274,0.452072784784177,"F277W",2.77
2.98800324,0.4524839080839,"F277W",2.77
2.989204206,0.452641824724368,"F277W",2.77
2.990405172,0.452800120905162,"F277W",2.77
2.991606138,0.452963223524458,"F277W",2.77
2.992807104,0.453130697067252,"F277W",2.77
2.99400807,0.453567734180494,"F277W",2.77
2.995209036,0.453751069162031,"F277W",2.77
2.996410002,0.453943957128166,"F277W",2.77
2.997610968,0.45414717797217,"F277W",2.77
2.998811934,0.454365072119288,"F277W",2.77
3.0000129,0.454609225952386,"F277W",2.77
3.001213866,0.454890209635327,"F277W",2.77
3.002414832,0.455186671765729,"F277W",2.77
3.003615798,0.455498857081851,"F277W",2.77
3.004816763,0.455826222933053,"F277W",2.77
3.006017729,0.456391804042256,"F277W",2.77
3.007218695,0.456745108129224,"F277W",2.77
3.008419661,0.457111968480544,"F277W",2.77
3.009620627,0.457492645142974,"F277W",2.77
3.010821593,0.457884332357696,"F277W",2.77
3.012022559,0.458461604789521,"F277W",2.77
3.013223525,0.458865423675518,"F277W",2.77
3.014424491,0.459278517415872,"F277W",2.77
3.015625457,0.459695755319875,"F277W",2.77
3.016826423,0.460118074439923,"F277W",2.77
3.018027389,0.460657536382422,"F277W",2.77
3.019228355,0.461072549846358,"F277W",2.77
3.020429321,0.461484691184411,"F277W",2.77
3.021630287,0.461893117691661,"F277W",2.77
3.022831252,0.462291415201888,"F277W",2.77
3.024032218,0.462737335019724,"F277W",2.77
3.025233184,0.463103346898146,"F277W",2.77
3.02643415,0.46345593001811,"F277W",2.77
3.027635116,0.463791008667446,"F277W",2.77
3.028836082,0.464107010102473,"F277W",2.77
3.030037048,0.464402487259714,"F277W",2.77
3.031238014,0.464667168604862,"F277W",2.77
3.03243898,0.464911556299354,"F277W",2.77
3.033639946,0.465133143728902,"F277W",2.77
3.034840912,0.465332039083794,"F277W",2.77
3.036041878,0.465457506876231,"F277W",2.77
3.037242844,0.465601130784353,"F277W",2.77
3.03844381,0.465719400975559,"F277W",2.77
3.039644776,0.465815990822789,"F277W",2.77
3.040845741,0.465888218875194,"F277W",2.77
3.042046707,0.465859291288031,"F277W",2.77
3.043247673,0.465883592915567,"F277W",2.77
3.044448639,0.465890827119558,"F277W",2.77
3.045649605,0.465881267240915,"F277W",2.77
3.046850571,0.465858966028025,"F277W",2.77
3.048051537,0.465727086725312,"F277W",2.77
3.049252503,0.465681236454927,"F277W",2.77
3.050453469,0.465629607166768,"F277W",2.77
3.051654435,0.465573298119607,"F277W",2.77
3.052855401,0.465518195703104,"F277W",2.77
3.054056367,0.465367805500705,"F277W",2.77
3.055257333,0.465321834578231,"F277W",2.77
3.056458299,0.465280610502496,"F277W",2.77
3.057659264,0.465251322406442,"F277W",2.77
3.05886023,0.46523277186495,"F277W",2.77
3.060061196,0.465151487592192,"F277W",2.77
3.061262162,0.465177037713921,"F277W",2.77
3.062463128,0.465222716629016,"F277W",2.77
3.063664094,0.465288057233136,"F277W",2.77
3.06486506,0.465375426200431,"F277W",2.77
3.066066026,0.465442108920274,"F277W",2.77
3.067266992,0.465579115714266,"F277W",2.77
3.068467958,0.465738346658456,"F277W",2.77
3.069668924,0.465915724329438,"F277W",2.77
3.07086989,0.46611440499455,"F277W",2.77
3.072070856,0.466322704317058,"F277W",2.77
3.073271822,0.466558734653686,"F277W",2.77
3.074472788,0.466801146062641,"F277W",2.77
3.075673753,0.467049614752614,"F277W",2.77
3.076874719,0.46729629161126,"F277W",2.77
3.078075685,0.467575811655895,"F277W",2.77
3.079276651,0.467810199484329,"F277W",2.77
3.080477617,0.46802066453725,"F277W",2.77
3.081678583,0.468197630732783,"F277W",2.77
3.082879549,0.468327827931114,"F277W",2.77
3.084080515,0.468486196771313,"F277W",2.77
3.085281481,0.468497946557167,"F277W",2.77
3.086482447,0.468427252735085,"F277W",2.77
3.087683413,0.468253369377449,"F277W",2.77
3.088884379,0.467962871567267,"F277W",2.77
3.090085345,0.467649035119822,"F277W",2.77
3.091286311,0.467058928214123,"F277W",2.77
3.092487277,0.46628717912266,"F277W",2.77
3.093688242,0.465306783125465,"F277W",2.77
3.094889208,0.464092734921557,"F277W",2.77
3.096090174,0.462770413414568,"F277W",2.77
3.09729114,0.461014217181144,"F277W",2.77
3.098492106,0.458933579242156,"F277W",2.77
3.099693072,0.45651127602102,"F277W",2.77
3.100894038,0.453715115549466,"F277W",2.77
3.102095004,0.450681980223484,"F277W",2.77
3.10329597,0.447045186660686,"F277W",2.77
3.104496936,0.442953407419373,"F277W",2.77
3.105697902,0.438377293069674,"F277W",2.77
3.106898868,0.433289409506241,"F277W",2.77
3.108099834,0.42785857526418,"F277W",2.77
3.1093008,0.421720884518853,"F277W",2.77
3.110501766,0.415032594923214,"F277W",2.77
3.111702731,0.407796020780616,"F277W",2.77
3.112903697,0.400020171144982,"F277W",2.77
3.114104663,0.39186458300852,"F277W",2.77
3.115305629,0.383019550469258,"F277W",2.77
3.116506595,0.373679075770693,"F277W",2.77
3.117707561,0.363869501744965,"F277W",2.77
3.118908527,0.353612951318235,"F277W",2.77
3.120109493,0.343093969817086,"F277W",2.77
3.121310459,0.332085612584075,"F277W",2.77
3.122511425,0.320768501252715,"F277W",2.77
3.123712391,0.309196977007071,"F277W",2.77
3.124913357,0.29743090478926,"F277W",2.77
3.126114323,0.285629738270902,"F277W",2.77
3.127315289,0.27363250928558,"F277W",2.77
3.128516255,0.261612575211169,"F277W",2.77
3.12971722,0.249630708933234,"F277W",2.77
3.130918186,0.237737451184944,"F277W",2.77
3.132119152,0.22605637699909,"F277W",2.77
3.133320118,0.214494481279804,"F277W",2.77
3.134521084,0.203175145903943,"F277W",2.77
3.13572205,0.192136422748119,"F277W",2.77
3.136923016,0.181416623617459,"F277W",2.77
3.138123982,0.171095452996728,"F277W",2.77
3.139324948,0.161102185345852,"F277W",2.77
3.140525914,0.151507432879029,"F277W",2.77
3.14172688,0.142327078628914,"F277W",2.77
3.142927846,0.133573302607824,"F277W",2.77
3.144128812,0.125273630747898,"F277W",2.77
3.145329778,0.117376732240015,"F277W",2.77
3.146530744,0.109910680122733,"F277W",2.77
3.147731709,0.102866555573339,"F277W",2.77
3.148932675,0.0962367436154902,"F277W",2.77
3.150133641,0.0900200994713225,"F277W",2.77
3.151334607,0.0841781771497483,"F277W",2.77
3.152535573,0.0787084138308245,"F277W",2.77
3.153736539,0.0735960317280975,"F277W",2.77
3.154937505,0.0688231802688306,"F277W",2.77
3.156138471,0.0643770916870369,"F277W",2.77
3.157339437,0.0602274955221548,"F277W",2.77
3.158540403,0.0563628184290815,"F277W",2.77
3.159741369,0.0527689979511868,"F277W",2.77
3.160942335,0.0494262701781072,"F277W",2.77
3.162143301,0.0463229825696893,"F277W",2.77
3.163344267,0.0434350214327202,"F277W",2.77
3.164545233,0.0407508659678301,"F277W",2.77
3.165746198,0.0382589168885434,"F277W",2.77
3.166947164,0.0359426774972076,"F277W",2.77
3.16814813,0.0337929626127023,"F277W",2.77
3.169349096,0.0317919764864143,"F277W",2.77
3.170550062,0.0299328045424826,"F277W",2.77
3.171751028,0.0282040230027253,"F277W",2.77
3.172951994,0.0265961040331017,"F277W",2.77
3.17415296,0.0251012622810239,"F277W",2.77
3.175353926,0.0237074133002054,"F277W",2.77
3.176554892,0.0224110147137051,"F277W",2.77
3.177755858,0.0212026232547915,"F277W",2.77
3.178956824,0.0200765093980947,"F277W",2.77
3.18015779,0.0190254701736809,"F277W",2.77
3.181358756,0.0180435116187603,"F277W",2.77
3.182559721,0.0171269139938886,"F277W",2.77
3.183760687,0.0162686466943212,"F277W",2.77
3.184961653,0.0154670142437081,"F277W",2.77
3.186162619,0.014715370216164,"F277W",2.77
3.187363585,0.014011236314944,"F277W",2.77
3.188564551,0.0133508994995045,"F277W",2.77
3.189765517,0.0127306332427511,"F277W",2.77
3.190966483,0.0121493008315843,"F277W",2.77
3.192167449,0.0116018455055336,"F277W",2.77
3.193368415,0.0110880247065655,"F277W",2.77
3.194569381,0.0106034934194677,"F277W",2.77
3.195770347,0.01014717851734,"F277W",2.77
3.196971313,0.00971674517290543,"F277W",2.77
3.198172279,0.00930937226354462,"F277W",2.77
3.199373245,0.00892483039686554,"F277W",2.77
3.20057421,0.00855840612734122,"F277W",2.77
3.201775176,0.00821141493715642,"F277W",2.77
3.202976142,0.00788124111847244,"F277W",2.77
3.204177108,0.00756712685120764,"F277W",2.77
3.205378074,0.0072684924552848,"F277W",2.77
3.20657904,0.00698273754824371,"F277W",2.77
3.207780006,0.00671131625070664,"F277W",2.77
3.208980972,0.00645143131095677,"F277W",2.77
3.210181938,0.00620413208973937,"F277W",2.77
3.211382904,0.00596703029895341,"F277W",2.77
3.21258387,0.00573907325984598,"F277W",2.77
3.213784836,0.00552156746930957,"F277W",2.77
3.214985802,0.00531155665528873,"F277W",2.77
3.216186768,0.00511042973960112,"F277W",2.77
3.217387734,0.0049156615710568,"F277W",2.77
3.218588699,0.00472756424461391,"F277W",2.77
3.219789665,0.00454646766338998,"F277W",2.77
3.220990631,0.00437120444494541,"F277W",2.77
3.222191597,0.00420295227905534,"F277W",2.77
3.223392563,0.00403896926965973,"F277W",2.77
3.224593529,0.00388078114788981,"F277W",2.77
3.225794495,0.00372751907034767,"F277W",2.77
3.226995461,0.00357897535398938,"F277W",2.77
3.228196427,0.00343556573216417,"F277W",2.77
3.229397393,0.00329542400743801,"F277W",2.77
3.230598359,0.00316055149043005,"F277W",2.77
3.231799325,0.00302899575361394,"F277W",2.77
3.233000291,0.00290121316220336,"F277W",2.77
3.234201257,0.00277787048546105,"F277W",2.77
3.235402223,0.00265734307881564,"F277W",2.77
3.236603188,0.0025415164319812,"F277W",2.77
3.237804154,0.00242858265983697,"F277W",2.77
3.23900512,0.00231934867148562,"F277W",2.77
3.240206086,0.00221352179204827,"F277W",2.77
3.241407052,0.00211081298673501,"F277W",2.77
3.242608018,0.00201237934387708,"F277W",2.77
3.243808984,0.00191614409257821,"F277W",2.77
3.24500995,0.00182405669354358,"F277W",2.77
3.246210916,0.00173551592365059,"F277W",2.77
3.247411882,0.00165025135530208,"F277W",2.77
3.248612848,0.00156874238336924,"F277W",2.77
3.249813814,0.00148937234742838,"F277W",2.77
3.25101478,0.0014136168895116,"F277W",2.77
3.252215746,0.00134040859467341,"F277W",2.77
3.253416712,0.00127059238236902,"F277W",2.77
3.254617677,0.00120402045580441,"F277W",2.77
3.255818643,0.00113932030133915,"F277W",2.77
3.257019609,0.00107813540791493,"F277W",2.77
3.258220575,0.00101925266395382,"F277W",2.77
3.259421541,0.000963317297434144,"F277W",2.77
3.260622507,0.000910082844862315,"F277W",2.77
3.261823473,0.000859107263243739,"F277W",2.77
3.263024439,0.000811285388905146,"F277W",2.77
3.264225405,0.000764724873136653,"F277W",2.77
3.265426371,0.000720540183111903,"F277W",2.77
3.266627337,0.000678473299821614,"F277W",2.77
3.267828303,0.00063810397703673,"F277W",2.77
3.269029269,0.000600612668823409,"F277W",2.77
3.270230235,0.000564615886677517,"F277W",2.77
3.271431201,0.000530933985994096,"F277W",2.77
3.272632166,0.00049882989990219,"F277W",2.77
3.273833132,0.000468311158767419,"F277W",2.77
3.275034098,0.000440376229021128,"F277W",2.77
3.276235064,0.000413430058073252,"F277W",2.77
3.27743603,0.000388927278109915,"F277W",2.77
3.278636996,0.000365832382628253,"F277W",2.77
3.279837962,0.00034346493349626,"F277W",2.77
3.281038928,0.00032317281669782,"F277W",2.77
3.282239894,0.000303531017811939,"F277W",2.77
3.28344086,0.000285572648361095,"F277W",2.77
3.284641826,0.000268374325751028,"F277W",2.77
3.285842792,0.000252304699712297,"F277W",2.77
3.287043758,0.000238084272773123,"F277W",2.77
3.288244724,0.000224028570360165,"F277W",2.77
3.289445689,0.000211585963981923,"F277W",2.77
3.290646655,0.000199678869239451,"F277W",2.77
3.291847621,0.000188556743993732,"F277W",2.77
3.293048587,0.000178742537805977,"F277W",2.77
3.294249553,0.000168907641639778,"F277W",2.77
3.295450519,0.000160061311083867,"F277W",2.77
3.296651485,0.000151328004082842,"F277W",2.77
3.297852451,0.000143028733585963,"F277W",2.77
3.299053417,0.000135715211002644,"F277W",2.77
3.300254383,0.000128164536738673,"F277W",2.77
3.301455349,0.000121365768603414,"F277W",2.77
3.302656315,0.000114874461174007,"F277W",2.77
3.303857281,0.000108741268167869,"F277W",2.77
3.305058247,0.000103667120599994,"F277W",2.77
3.306259213,9.84492695425363e-05,"F277W",2.77
3.307460178,9.3922458975352e-05,"F277W",2.77
3.308661144,8.96561543404785e-05,"F277W",2.77
3.30986211,8.56051908255254e-05,"F277W",2.77
3.311063076,8.23177418700483e-05,"F277W",2.77
3.312264042,7.886047189832e-05,"F277W",2.77
3.313465008,7.60208154467768e-05,"F277W",2.77
3.314665974,7.33644549557084e-05,"F277W",2.77
3.31586694,7.07238554949453e-05,"F277W",2.77
3.317067906,6.89834516185338e-05,"F277W",2.77
3.318268872,6.6901013948766e-05,"F277W",2.77
3.319469838,6.49983898749455e-05,"F277W",2.77
3.320670804,6.31317226134466e-05,"F277W",2.77
3.32187177,6.13361289715308e-05,"F277W",2.77
3.323072736,6.04688492146571e-05,"F277W",2.77
3.324273702,5.91148557977673e-05,"F277W",2.77
3.325474667,5.74453023699219e-05,"F277W",2.77
3.326675633,5.59643294341876e-05,"F277W",2.77
3.327876599,5.46456317561135e-05,"F277W",2.77
3.329077565,5.38696721210191e-05,"F277W",2.77
3.330278531,5.29795033657888e-05,"F277W",2.77
3.331479497,5.15471148123141e-05,"F277W",2.77
3.332680463,5.0180770833216e-05,"F277W",2.77
3.333881429,4.85199726374343e-05,"F277W",2.77
3.335082395,4.72376251982155e-05,"F277W",2.77
3.336283361,4.56071510802075e-05,"F277W",2.77
3.337484327,4.38821257209732e-05,"F277W",2.77
3.338685293,4.24651635635559e-05,"F277W",2.77
3.339886259,4.10263875079848e-05,"F277W",2.77
3.341087225,4.03114525886184e-05,"F277W",2.77
3.342288191,3.95700154326193e-05,"F277W",2.77
3.343489156,3.84322001329967e-05,"F277W",2.77
3.344690122,3.76642057937666e-05,"F277W",2.77
3.345891088,3.69286496947525e-05,"F277W",2.77
3.347092054,3.61309516574113e-05,"F277W",2.77
3.34829302,3.52928767530059e-05,"F277W",2.77
3.349493986,3.42542559992094e-05,"F277W",2.77
3.350694952,3.35392295460744e-05,"F277W",2.77
3.351895918,3.28535727813038e-05,"F277W",2.77
3.353096884,3.2370810221557e-05,"F277W",2.77
3.35429785,3.20374876852139e-05,"F277W",2.77
3.355498816,3.14877441111e-05,"F277W",2.77
3.356699782,3.10172077465596e-05,"F277W",2.77
3.357900748,3.05154296744785e-05,"F277W",2.77
3.359101714,2.98760815750735e-05,"F277W",2.77
3.36030268,2.94029047093219e-05,"F277W",2.77
3.361503645,2.88787189914955e-05,"F277W",2.77
3.362704611,2.85407357541987e-05,"F277W",2.77
3.363905577,2.83669370310387e-05,"F277W",2.77
3.365106543,2.812733679001e-05,"F277W",2.77
3.366307509,2.8173719211459e-05,"F277W",2.77
3.367508475,2.85005579013882e-05,"F277W",2.77
3.368709441,2.87860514305066e-05,"F277W",2.77
3.369910407,2.89871184579926e-05,"F277W",2.77
3.371111373,2.87899806194721e-05,"F277W",2.77
3.372312339,2.85623563216742e-05,"F277W",2.77
3.373513305,2.84343032081873e-05,"F277W",2.77
3.374714271,2.84248305151282e-05,"F277W",2.77
3.375915237,2.85093441571949e-05,"F277W",2.77
3.377116203,2.85142472264307e-05,"F277W",2.77
3.378317169,2.85191480992259e-05,"F277W",2.77
3.379518134,2.89832601093168e-05,"F277W",2.77
3.3807191,2.96323395353258e-05,"F277W",2.77
3.381920066,3.01969375932497e-05,"F277W",2.77
3.383121032,3.05429738801395e-05,"F277W",2.77
3.384321998,3.05410193768135e-05,"F277W",2.77
3.385522964,3.06280697094746e-05,"F277W",2.77
3.38672393,3.07946171346488e-05,"F277W",2.77
3.387924896,3.10572837992614e-05,"F277W",2.77
3.389125862,3.12246260236169e-05,"F277W",2.77
3.390326828,3.10222288304375e-05,"F277W",2.77
3.391527794,3.08662701902912e-05,"F277W",2.77
3.39272876,3.13570746698944e-05,"F277W",2.77
3.393929726,3.20527825951274e-05,"F277W",2.77
3.395130692,3.2751833193839e-05,"F277W",2.77
3.396331658,3.34108856809008e-05,"F277W",2.77
3.397532623,3.42442825969427e-05,"F277W",2.77
3.398733589,3.5242557421221e-05,"F277W",2.77
3.399934555,3.65152739777236e-05,"F277W",2.77
3.401135521,3.79101796037403e-05,"F277W",2.77
3.402336487,3.88293168936679e-05,"F277W",2.77
3.403537453,3.95724308323345e-05,"F277W",2.77
3.404738419,4.03344980589499e-05,"F277W",2.77
3.405939385,4.1046309311789e-05,"F277W",2.77
3.407140351,4.15452635070941e-05,"F277W",2.77
3.408341317,4.2243324692723e-05,"F277W",2.77
3.409542283,4.33010486227492e-05,"F277W",2.77
3.410743249,4.43437381013629e-05,"F277W",2.77
3.411944215,4.59219955090363e-05,"F277W",2.77
3.413145181,4.78488029223472e-05,"F277W",2.77
3.414346146,4.93459011635446e-05,"F277W",2.77
3.415547112,5.04683922278196e-05,"F277W",2.77
3.416748078,5.16190604725576e-05,"F277W",2.77
3.417949044,5.25515993048917e-05,"F277W",2.77
3.41915001,5.35857141035936e-05,"F277W",2.77
3.420350976,5.45358655291614e-05,"F277W",2.77
3.421551942,5.49009880696528e-05,"F277W",2.77
3.422752908,5.51704930529394e-05,"F277W",2.77
3.423953874,5.58637599533674e-05,"F277W",2.77
3.42515484,5.72454473086407e-05,"F277W",2.77
3.426355806,5.83191830343744e-05,"F277W",2.77
3.427556772,5.85909031090081e-05,"F277W",2.77
3.428757738,5.8560047295324e-05,"F277W",2.77
3.429958704,5.84827082324851e-05,"F277W",2.77
3.43115967,5.9116245130517e-05,"F277W",2.77
3.432360635,6.02263653168002e-05,"F277W",2.77
3.433561601,6.05724192903021e-05,"F277W",2.77
3.434762567,6.0484431852392e-05,"F277W",2.77
3.435963533,6.08910036226565e-05,"F277W",2.77
3.437164499,6.13463680067169e-05,"F277W",2.77
3.438365465,6.19135072531476e-05,"F277W",2.77
3.439566431,6.25638048654297e-05,"F277W",2.77
3.440767397,6.2403063545745e-05,"F277W",2.77
3.441968363,6.23403310694024e-05,"F277W",2.77
3.443169329,6.27663337085792e-05,"F277W",2.77
3.444370295,6.337532576881e-05,"F277W",2.77
3.445571261,6.38594598167026e-05,"F277W",2.77
3.446772227,6.40961236051614e-05,"F277W",2.77
3.447973193,6.4806413553181e-05,"F277W",2.77
3.449174159,6.56548615143608e-05,"F277W",2.77
3.450375124,6.59203527398006e-05,"F277W",2.77
3.45157609,6.62163376203307e-05,"F277W",2.77
3.452777056,6.57575601900594e-05,"F277W",2.77
3.453978022,6.47801144555706e-05,"F277W",2.77
3.455178988,6.45263523539476e-05,"F277W",2.77
3.456379954,6.41688879294384e-05,"F277W",2.77
3.45758092,6.32746235212237e-05,"F277W",2.77
3.458781886,6.26407811435463e-05,"F277W",2.77
3.459982852,6.20016273800623e-05,"F277W",2.77
3.461183818,6.15102902177788e-05,"F277W",2.77
3.462384784,6.18690086532216e-05,"F277W",2.77
3.46358575,6.20463988475909e-05,"F277W",2.77
3.464786716,6.25540066644386e-05,"F277W",2.77
3.465987682,6.33784372547612e-05,"F277W",2.77
3.467188648,6.36856974057843e-05,"F277W",2.77
3.468389613,6.39530030669251e-05,"F277W",2.77
3.469590579,6.39813781384451e-05,"F277W",2.77
3.470791545,6.36737868257454e-05,"F277W",2.77
3.471992511,6.34939821540621e-05,"F277W",2.77
3.473193477,6.30796176298819e-05,"F277W",2.77
3.474394443,6.21581817522006e-05,"F277W",2.77
3.475595409,6.10469597771778e-05,"F277W",2.77
3.476796375,5.95871645755903e-05,"F277W",2.77
3.477997341,5.84749451736066e-05,"F277W",2.77
3.479198307,5.77381709201202e-05,"F277W",2.77
3.480399273,5.66928535114462e-05,"F277W",2.77
3.481600239,5.61050514532778e-05,"F277W",2.77
3.482801205,5.55279006678627e-05,"F277W",2.77
3.484002171,5.50284979133607e-05,"F277W",2.77
3.485203137,5.53256004400599e-05,"F277W",2.77
3.486404102,5.50198198065549e-05,"F277W",2.77
3.487605068,5.42419835528068e-05,"F277W",2.77
3.488806034,5.38182038268917e-05,"F277W",2.77
3.490007,5.27151076768995e-05,"F277W",2.77
3.491207966,5.18870503945222e-05,"F277W",2.77
3.492408932,5.17572229058206e-05,"F277W",2.77
3.493609898,5.07632863816067e-05,"F277W",2.77
3.494810864,5.01440153642973e-05,"F277W",2.77
3.49601183,5.05086245354227e-05,"F277W",2.77
3.497212796,5.05308587493241e-05,"F277W",2.77
3.498413762,5.11148533252757e-05,"F277W",2.77
3.499614728,5.16670211743817e-05,"F277W",2.77
3.500815694,5.07926503715134e-05,"F277W",2.77
3.50201666,5.03017279428142e-05,"F277W",2.77
3.503217626,5.009238136289e-05,"F277W",2.77
3.504418591,4.91390897284758e-05,"F277W",2.77
3.505619557,4.88988958136216e-05,"F277W",2.77
3.506820523,4.86085667972532e-05,"F277W",2.77
3.508021489,4.82027353916426e-05,"F277W",2.77
3.509222455,0,"F277W",2.77
3.510423421,0,"F277W",2.77
NA,NA,"F277W",2.77
2.947035769,0,"F335M",3.365
2.948387,0,"F335M",3.365
2.949738231,1.03144851224894e-05,"F335M",3.365
2.951089462,1.1161232453274e-05,"F335M",3.365
2.952440694,1.38463341462421e-05,"F335M",3.365
2.953791925,1.52277068653278e-05,"F335M",3.365
2.955143156,1.5189382071715e-05,"F335M",3.365
2.956494388,1.41491160947595e-05,"F335M",3.365
2.957845619,1.50205111999187e-05,"F335M",3.365
2.959196851,1.84328186144232e-05,"F335M",3.365
2.960548082,1.92855272781022e-05,"F335M",3.365
2.961899314,2.00564363171425e-05,"F335M",3.365
2.963250545,2.03270225077388e-05,"F335M",3.365
2.964601776,2.30318871081605e-05,"F335M",3.365
2.965953008,2.45176204629615e-05,"F335M",3.365
2.967304239,2.67458349502602e-05,"F335M",3.365
2.968655471,2.74586902620971e-05,"F335M",3.365
2.970006702,2.94187831675517e-05,"F335M",3.365
2.971357934,2.85393807094656e-05,"F335M",3.365
2.972709165,2.9565365119727e-05,"F335M",3.365
2.974060397,3.12339379102224e-05,"F335M",3.365
2.975411628,3.55520817492331e-05,"F335M",3.365
2.976762859,3.62346081009642e-05,"F335M",3.365
2.978114091,4.0309070640056e-05,"F335M",3.365
2.979465322,4.32671228389741e-05,"F335M",3.365
2.980816554,4.49706368800469e-05,"F335M",3.365
2.982167785,4.86858234330045e-05,"F335M",3.365
2.983519017,4.88891840931269e-05,"F335M",3.365
2.984870248,5.10461064742886e-05,"F335M",3.365
2.986221479,5.11210306632221e-05,"F335M",3.365
2.987572711,5.41242864791223e-05,"F335M",3.365
2.988923942,5.7601744968479e-05,"F335M",3.365
2.990275174,6.19754145287761e-05,"F335M",3.365
2.991626405,6.72479212114718e-05,"F335M",3.365
2.992977637,7.38481133130013e-05,"F335M",3.365
2.994328868,7.92361321376882e-05,"F335M",3.365
2.9956801,8.01107277040666e-05,"F335M",3.365
2.997031331,8.50095676392409e-05,"F335M",3.365
2.998382562,8.94041554302281e-05,"F335M",3.365
2.999733794,9.41974658679752e-05,"F335M",3.365
3.001085025,9.99771628308712e-05,"F335M",3.365
3.002436257,0.000107897645382158,"F335M",3.365
3.003787488,0.000111183215829424,"F335M",3.365
3.00513872,0.000110027835613505,"F335M",3.365
3.006489951,0.000103843128076776,"F335M",3.365
3.007841182,0.000108947106136123,"F335M",3.365
3.009192414,0.000118626261571373,"F335M",3.365
3.010543645,0.000120978450973481,"F335M",3.365
3.011894877,0.000122584821634681,"F335M",3.365
3.013246108,0.000126406876248918,"F335M",3.365
3.01459734,0.000128300908409445,"F335M",3.365
3.015948571,0.000125135405129264,"F335M",3.365
3.017299803,0.000126094747254426,"F335M",3.365
3.018651034,0.000126592887808249,"F335M",3.365
3.020002265,0.000124027073600703,"F335M",3.365
3.021353497,0.00012024379521161,"F335M",3.365
3.022704728,0.000121747286667528,"F335M",3.365
3.02405596,0.000119395953915316,"F335M",3.365
3.025407191,0.000125290625228441,"F335M",3.365
3.026758423,0.000131923733962824,"F335M",3.365
3.028109654,0.000138031143414206,"F335M",3.365
3.029460886,0.000145811294003868,"F335M",3.365
3.030812117,0.000151331391264806,"F335M",3.365
3.032163348,0.00015429979040492,"F335M",3.365
3.03351458,0.000157274535322152,"F335M",3.365
3.034865811,0.000161707946212268,"F335M",3.365
3.036217043,0.000167992245672227,"F335M",3.365
3.037568274,0.000175551439625386,"F335M",3.365
3.038919506,0.000179322015760412,"F335M",3.365
3.040270737,0.000187308503738819,"F335M",3.365
3.041621968,0.000192622094668183,"F335M",3.365
3.0429732,0.000203340204925095,"F335M",3.365
3.044324431,0.000211545760433742,"F335M",3.365
3.045675663,0.000224596161376027,"F335M",3.365
3.047026894,0.000236558120845152,"F335M",3.365
3.048378126,0.000251581021116834,"F335M",3.365
3.049729357,0.000262500645795528,"F335M",3.365
3.051080589,0.000275619209357128,"F335M",3.365
3.05243182,0.00029087079731804,"F335M",3.365
3.053783051,0.000308205263098377,"F335M",3.365
3.055134283,0.000325928507600513,"F335M",3.365
3.056485514,0.000341682353619065,"F335M",3.365
3.057836746,0.000359467209751007,"F335M",3.365
3.059187977,0.000380581104784081,"F335M",3.365
3.060539209,0.00040385793791213,"F335M",3.365
3.06189044,0.000426811799614049,"F335M",3.365
3.063241671,0.000453793833261293,"F335M",3.365
3.064592903,0.000482134138754208,"F335M",3.365
3.065944134,0.000512463263944891,"F335M",3.365
3.067295366,0.000538900942113161,"F335M",3.365
3.068646597,0.000569515058015333,"F335M",3.365
3.069997829,0.000597500424867043,"F335M",3.365
3.07134906,0.000632205367431792,"F335M",3.365
3.072700292,0.000667729249719513,"F335M",3.365
3.074051523,0.000706740078692521,"F335M",3.365
3.075402754,0.00074279764195697,"F335M",3.365
3.076753986,0.000788110396947134,"F335M",3.365
3.078105217,0.000830868597341137,"F335M",3.365
3.079456449,0.000878697858744107,"F335M",3.365
3.08080768,0.000926621946785159,"F335M",3.365
3.082158912,0.000977928995542737,"F335M",3.365
3.083510143,0.00102749018903758,"F335M",3.365
3.084861374,0.00108852170816035,"F335M",3.365
3.086212606,0.00115011876293144,"F335M",3.365
3.087563837,0.00121497125386109,"F335M",3.365
3.088915069,0.0012791958265765,"F335M",3.365
3.0902663,0.0013535340062726,"F335M",3.365
3.091617532,0.00143129674494225,"F335M",3.365
3.092968763,0.00151779326502437,"F335M",3.365
3.094319995,0.0016044674726785,"F335M",3.365
3.095671226,0.00169879184009,"F335M",3.365
3.097022457,0.00180128017286448,"F335M",3.365
3.098373689,0.0019172722869705,"F335M",3.365
3.09972492,0.00204651879322741,"F335M",3.365
3.101076152,0.00218401339494874,"F335M",3.365
3.102427383,0.00232316594446717,"F335M",3.365
3.103778615,0.00248052514221718,"F335M",3.365
3.105129846,0.00265186972406932,"F335M",3.365
3.106481078,0.00283521807833482,"F335M",3.365
3.107832309,0.00304023464932621,"F335M",3.365
3.10918354,0.00326885010920479,"F335M",3.365
3.110534772,0.00351856241238051,"F335M",3.365
3.111886003,0.0037910997049207,"F335M",3.365
3.113237235,0.0040917538439348,"F335M",3.365
3.114588466,0.00443381571334706,"F335M",3.365
3.115939698,0.00481419930858351,"F335M",3.365
3.117290929,0.00523663059095477,"F335M",3.365
3.11864216,0.00570034801828751,"F335M",3.365
3.119993392,0.00621632781261494,"F335M",3.365
3.121344623,0.00679789619386886,"F335M",3.365
3.122695855,0.00744870759861965,"F335M",3.365
3.124047086,0.00817656334235784,"F335M",3.365
3.125398318,0.00899534023326315,"F335M",3.365
3.126749549,0.00991267478814026,"F335M",3.365
3.128100781,0.0109461365127955,"F335M",3.365
3.129452012,0.0121017642595629,"F335M",3.365
3.130803243,0.013403711091444,"F335M",3.365
3.132154475,0.0148801249957749,"F335M",3.365
3.133505706,0.0165441916758744,"F335M",3.365
3.134856938,0.0184163305600458,"F335M",3.365
3.136208169,0.0205408562395243,"F335M",3.365
3.137559401,0.0229299739210361,"F335M",3.365
3.138910632,0.0256326515974386,"F335M",3.365
3.140261863,0.0286825085138988,"F335M",3.365
3.141613095,0.0321177426392389,"F335M",3.365
3.142964326,0.0359803503092785,"F335M",3.365
3.144315558,0.0403371120352578,"F335M",3.365
3.145666789,0.0452007688444337,"F335M",3.365
3.147018021,0.0506407440216006,"F335M",3.365
3.148369252,0.056663624991118,"F335M",3.365
3.149720484,0.063336771816205,"F335M",3.365
3.151071715,0.0706543557125639,"F335M",3.365
3.152422946,0.0786378157502358,"F335M",3.365
3.153774178,0.0872708201015917,"F335M",3.365
3.155125409,0.0965404687029688,"F335M",3.365
3.156476641,0.106399577896458,"F335M",3.365
3.157827872,0.116729335384556,"F335M",3.365
3.159179104,0.12751569298573,"F335M",3.365
3.160530335,0.13861662699876,"F335M",3.365
3.161881566,0.149929076678885,"F335M",3.365
3.163232798,0.161466206364381,"F335M",3.365
3.164584029,0.172934110648919,"F335M",3.365
3.165935261,0.184462990799962,"F335M",3.365
3.167286492,0.195906321307736,"F335M",3.365
3.168637724,0.207222084361927,"F335M",3.365
3.169988955,0.218476862385564,"F335M",3.365
3.171340187,0.229533130734741,"F335M",3.365
3.172691418,0.240515967072721,"F335M",3.365
3.174042649,0.251392469741928,"F335M",3.365
3.175393881,0.262131244265828,"F335M",3.365
3.176745112,0.272834290932142,"F335M",3.365
3.178096344,0.283364692414107,"F335M",3.365
3.179447575,0.293809167972887,"F335M",3.365
3.180798807,0.304131020416185,"F335M",3.365
3.182150038,0.314247672773248,"F335M",3.365
3.18350127,0.324227258469926,"F335M",3.365
3.184852501,0.333942461713328,"F335M",3.365
3.186203732,0.343413750130183,"F335M",3.365
3.187554964,0.352649004919637,"F335M",3.365
3.188906195,0.361500839692565,"F335M",3.365
3.190257427,0.370059672815709,"F335M",3.365
3.191608658,0.378275350663302,"F335M",3.365
3.19295989,0.386092636458418,"F335M",3.365
3.194311121,0.393581760613386,"F335M",3.365
3.195662352,0.400658619861487,"F335M",3.365
3.197013584,0.407370903716014,"F335M",3.365
3.198364815,0.413751937399004,"F335M",3.365
3.199716047,0.419708815610204,"F335M",3.365
3.201067278,0.425355302397369,"F335M",3.365
3.20241851,0.430662389018984,"F335M",3.365
3.203769741,0.435599429524041,"F335M",3.365
3.205120973,0.440247379913429,"F335M",3.365
3.206472204,0.444580700201055,"F335M",3.365
3.207823435,0.448612707254446,"F335M",3.365
3.209174667,0.452389264798143,"F335M",3.365
3.210525898,0.455867126298611,"F335M",3.365
3.21187713,0.459099559924203,"F335M",3.365
3.213228361,0.462121886215134,"F335M",3.365
3.214579593,0.464887642038342,"F335M",3.365
3.215930824,0.467469359211466,"F335M",3.365
3.217282055,0.469837034632079,"F335M",3.365
3.218633287,0.472008177803509,"F335M",3.365
3.219984518,0.474013998915527,"F335M",3.365
3.22133575,0.475869845505856,"F335M",3.365
3.222686981,0.477579255316292,"F335M",3.365
3.224038213,0.479147932631796,"F335M",3.365
3.225389444,0.480590872310463,"F335M",3.365
3.226740676,0.481895287908276,"F335M",3.365
3.228091907,0.483074408645832,"F335M",3.365
3.229443138,0.48418464556323,"F335M",3.365
3.23079437,0.485197707232614,"F335M",3.365
3.232145601,0.486085313637913,"F335M",3.365
3.233496833,0.48693354245889,"F335M",3.365
3.234848064,0.487704208988386,"F335M",3.365
3.236199296,0.488384879765015,"F335M",3.365
3.237550527,0.489027648923463,"F335M",3.365
3.238901759,0.489619217242899,"F335M",3.365
3.24025299,0.490096309131777,"F335M",3.365
3.241604221,0.490583009707578,"F335M",3.365
3.242955453,0.491022349057383,"F335M",3.365
3.244306684,0.491373295440608,"F335M",3.365
3.245657916,0.491744379930403,"F335M",3.365
3.247009147,0.49201012788118,"F335M",3.365
3.248360379,0.492303608103299,"F335M",3.365
3.24971161,0.492540752123902,"F335M",3.365
3.251062841,0.492691926550202,"F335M",3.365
3.252414073,0.492902051954717,"F335M",3.365
3.253765304,0.493110860071103,"F335M",3.365
3.255116536,0.49321944124508,"F335M",3.365
3.256467767,0.493391695646651,"F335M",3.365
3.257818999,0.493541850187921,"F335M",3.365
3.25917023,0.493626527829546,"F335M",3.365
3.260521462,0.493775523058275,"F335M",3.365
3.261872693,0.493910119409746,"F335M",3.365
3.263223924,0.493965107635121,"F335M",3.365
3.264575156,0.494084475372058,"F335M",3.365
3.265926387,0.49421398869133,"F335M",3.365
3.267277619,0.494276396179045,"F335M",3.365
3.26862885,0.494419793315946,"F335M",3.365
3.269980082,0.494563359615037,"F335M",3.365
3.271331313,0.494664279433923,"F335M",3.365
3.272682544,0.494818083411087,"F335M",3.365
3.274033776,0.494922813510229,"F335M",3.365
3.275385007,0.495095288029225,"F335M",3.365
3.276736239,0.495286095497233,"F335M",3.365
3.27808747,0.495448268256086,"F335M",3.365
3.279438702,0.495665821149557,"F335M",3.365
3.280789933,0.495892132923918,"F335M",3.365
3.282141165,0.496080422334059,"F335M",3.365
3.283492396,0.496313473630592,"F335M",3.365
3.284843627,0.496544183810843,"F335M",3.365
3.286194859,0.496783323843118,"F335M",3.365
3.28754609,0.497039769424241,"F335M",3.365
3.288897322,0.497303159163087,"F335M",3.365
3.290248553,0.497572646958761,"F335M",3.365
3.291599785,0.497851257534171,"F335M",3.365
3.292951016,0.498131400522333,"F335M",3.365
3.294302247,0.498419656133122,"F335M",3.365
3.295653479,0.498692743323966,"F335M",3.365
3.29700471,0.498985575873601,"F335M",3.365
3.298355942,0.499266612164298,"F335M",3.365
3.299707173,0.499527333162314,"F335M",3.365
3.301058405,0.499824653315301,"F335M",3.365
3.302409636,0.500066319268123,"F335M",3.365
3.303760868,0.500312172038095,"F335M",3.365
3.305112099,0.500628931050511,"F335M",3.365
3.30646333,0.500854268342606,"F335M",3.365
3.307814562,0.501076276700418,"F335M",3.365
3.309165793,0.501376119395371,"F335M",3.365
3.310517025,0.50158747852173,"F335M",3.365
3.311868256,0.501794718898434,"F335M",3.365
3.313219488,0.502127434150994,"F335M",3.365
3.314570719,0.502338957465952,"F335M",3.365
3.315921951,0.502542273327889,"F335M",3.365
3.317273182,0.502880354106961,"F335M",3.365
3.318624413,0.503077196768585,"F335M",3.365
3.319975645,0.50327551763308,"F335M",3.365
3.321326876,0.503602271358117,"F335M",3.365
3.322678108,0.503791513658327,"F335M",3.365
3.324029339,0.504153603018044,"F335M",3.365
3.325380571,0.504371134890803,"F335M",3.365
3.326731802,0.504602286347264,"F335M",3.365
3.328083033,0.50501058007617,"F335M",3.365
3.329434265,0.505245175311787,"F335M",3.365
3.330785496,0.505475697934454,"F335M",3.365
3.332136728,0.505890135465692,"F335M",3.365
3.333487959,0.506150424891355,"F335M",3.365
3.334839191,0.506439070001063,"F335M",3.365
3.336190422,0.506915601155173,"F335M",3.365
3.337541654,0.50722018094464,"F335M",3.365
3.338892885,0.507544314100365,"F335M",3.365
3.340244116,0.508062521449636,"F335M",3.365
3.341595348,0.508410251218208,"F335M",3.365
3.342946579,0.5087496138703,"F335M",3.365
3.344297811,0.509300518960305,"F335M",3.365
3.345649042,0.509683302653363,"F335M",3.365
3.347000274,0.510272449015427,"F335M",3.365
3.348351505,0.51068147947997,"F335M",3.365
3.349702736,0.511092696052812,"F335M",3.365
3.351053968,0.51169991995756,"F335M",3.365
3.352405199,0.512113357558167,"F335M",3.365
3.353756431,0.512536745562926,"F335M",3.365
3.355107662,0.513134102741232,"F335M",3.365
3.356458894,0.51354341016963,"F335M",3.365
3.357810125,0.513953649789022,"F335M",3.365
3.359161357,0.51454242850592,"F335M",3.365
3.360512588,0.514960816089214,"F335M",3.365
3.361863819,0.515360689765363,"F335M",3.365
3.363215051,0.515913668034552,"F335M",3.365
3.364566282,0.516275947138304,"F335M",3.365
3.365917514,0.516625256673733,"F335M",3.365
3.367268745,0.517125803769409,"F335M",3.365
3.368619977,0.517452919296423,"F335M",3.365
3.369971208,0.517772536553832,"F335M",3.365
3.371322439,0.518227963897197,"F335M",3.365
3.372673671,0.51852038113383,"F335M",3.365
3.374024902,0.518929318855855,"F335M",3.365
3.375376134,0.519179445360378,"F335M",3.365
3.376727365,0.51941407056985,"F335M",3.365
3.378078597,0.519764434091131,"F335M",3.365
3.379429828,0.519981612861198,"F335M",3.365
3.38078106,0.520194085830837,"F335M",3.365
3.382132291,0.520525821190316,"F335M",3.365
3.383483522,0.520740805703284,"F335M",3.365
3.384834754,0.520962244670795,"F335M",3.365
3.386185985,0.521278385630822,"F335M",3.365
3.387537217,0.521478835734935,"F335M",3.365
3.388888448,0.52168386018152,"F335M",3.365
3.39023968,0.52197562350657,"F335M",3.365
3.391590911,0.522183816163059,"F335M",3.365
3.392942143,0.522396877221784,"F335M",3.365
3.394293374,0.522696544729453,"F335M",3.365
3.395644605,0.522917320660118,"F335M",3.365
3.396995837,0.523132456075801,"F335M",3.365
3.398347068,0.523426826948179,"F335M",3.365
3.3996983,0.523657096690171,"F335M",3.365
3.401049531,0.523983720734447,"F335M",3.365
3.402400763,0.524256991852512,"F335M",3.365
3.403751994,0.52453899949129,"F335M",3.365
3.405103225,0.524900544372774,"F335M",3.365
3.406454457,0.5252126416673,"F335M",3.365
3.407805688,0.52555004670416,"F335M",3.365
3.40915692,0.525957541004518,"F335M",3.365
3.410508151,0.526317648658095,"F335M",3.365
3.411859383,0.526693638428171,"F335M",3.365
3.413210614,0.527129183469419,"F335M",3.365
3.414561846,0.52751901657968,"F335M",3.365
3.415913077,0.527906279008722,"F335M",3.365
3.417264308,0.528349003342298,"F335M",3.365
3.41861554,0.528744537119079,"F335M",3.365
3.419966771,0.529130741307882,"F335M",3.365
3.421318003,0.529563034096624,"F335M",3.365
3.422669234,0.529933982853377,"F335M",3.365
3.424020466,0.530341394989643,"F335M",3.365
3.425371697,0.53067514525146,"F335M",3.365
3.426722928,0.530988319957792,"F335M",3.365
3.42807416,0.531353838558562,"F335M",3.365
3.429425391,0.531650073136409,"F335M",3.365
3.430776623,0.531949909116852,"F335M",3.365
3.432127854,0.532331457928755,"F335M",3.365
3.433479086,0.532642542297154,"F335M",3.365
3.434830317,0.532878869562505,"F335M",3.365
3.436181549,0.533063156142478,"F335M",3.365
3.43753278,0.533095779082855,"F335M",3.365
3.438884011,0.533102643620819,"F335M",3.365
3.440235243,0.533158102365957,"F335M",3.365
3.441586474,0.533128292387804,"F335M",3.365
3.442937706,0.53307801373907,"F335M",3.365
3.444288937,0.533079937766198,"F335M",3.365
3.445640169,0.532993846698818,"F335M",3.365
3.4469914,0.53287960695914,"F335M",3.365
3.448342631,0.532833708939838,"F335M",3.365
3.449693863,0.532708639269418,"F335M",3.365
3.451045094,0.532667231612287,"F335M",3.365
3.452396326,0.532551347306798,"F335M",3.365
3.453747557,0.532441790615789,"F335M",3.365
3.455098789,0.532448233655786,"F335M",3.365
3.45645002,0.532401652537802,"F335M",3.365
3.457801252,0.532393254012436,"F335M",3.365
3.459152483,0.532522469640253,"F335M",3.365
3.460503714,0.532597341548202,"F335M",3.365
3.461854946,0.532735355990551,"F335M",3.365
3.463206177,0.533036648958006,"F335M",3.365
3.464557409,0.533305045649743,"F335M",3.365
3.46590864,0.533651742777907,"F335M",3.365
3.467259872,0.53417298141038,"F335M",3.365
3.468611103,0.534673169090556,"F335M",3.365
3.469962335,0.535249302673424,"F335M",3.365
3.471313566,0.536009602055076,"F335M",3.365
3.472664797,0.536748581020361,"F335M",3.365
3.474016029,0.537655569652772,"F335M",3.365
3.47536726,0.538520194707153,"F335M",3.365
3.476718492,0.539435070338293,"F335M",3.365
3.478069723,0.540502602424195,"F335M",3.365
3.479420955,0.541499595879235,"F335M",3.365
3.480772186,0.542506312104504,"F335M",3.365
3.482123417,0.543625159573252,"F335M",3.365
3.483474649,0.544589493266325,"F335M",3.365
3.48482588,0.54548350058801,"F335M",3.365
3.486177112,0.546389952247136,"F335M",3.365
3.487528343,0.547039747747707,"F335M",3.365
3.488879575,0.547521919225827,"F335M",3.365
3.490230806,0.547857918442959,"F335M",3.365
3.491582038,0.547811196098013,"F335M",3.365
3.492933269,0.547468141417326,"F335M",3.365
3.4942845,0.54686820713088,"F335M",3.365
3.495635732,0.54578163298081,"F335M",3.365
3.496986963,0.544233841290185,"F335M",3.365
3.498338195,0.542272496110468,"F335M",3.365
3.499689426,0.539635468766498,"F335M",3.365
3.501040658,0.536484083238632,"F335M",3.365
3.502391889,0.532630199091045,"F335M",3.365
3.50374312,0.528124913728458,"F335M",3.365
3.505094352,0.523017350157772,"F335M",3.365
3.506445583,0.517153007514509,"F335M",3.365
3.507796815,0.510570612428542,"F335M",3.365
3.509148046,0.503279461078794,"F335M",3.365
3.510499278,0.495212726877363,"F335M",3.365
3.511850509,0.486454579824352,"F335M",3.365
3.513201741,0.47715496298911,"F335M",3.365
3.514552972,0.467231258241323,"F335M",3.365
3.515904203,0.456844499969939,"F335M",3.365
3.517255435,0.446122301912777,"F335M",3.365
3.518606666,0.434898119257047,"F335M",3.365
3.519957898,0.423283012171653,"F335M",3.365
3.521309129,0.411390742598338,"F335M",3.365
3.522660361,0.399210291269548,"F335M",3.365
3.524011592,0.386906238422991,"F335M",3.365
3.525362824,0.374455957826831,"F335M",3.365
3.526714055,0.361993720149204,"F335M",3.365
3.528065286,0.349586119555816,"F335M",3.365
3.529416518,0.337202158003253,"F335M",3.365
3.530767749,0.324982725577472,"F335M",3.365
3.532118981,0.312984312254457,"F335M",3.365
3.533470212,0.30118806935379,"F335M",3.365
3.534821444,0.289658647499849,"F335M",3.365
3.536172675,0.278440612505156,"F335M",3.365
3.537523906,0.267527707829721,"F335M",3.365
3.538875138,0.256928585421067,"F335M",3.365
3.540226369,0.246690488196783,"F335M",3.365
3.541577601,0.236793547741099,"F335M",3.365
3.542928832,0.227238942689,"F335M",3.365
3.544280064,0.218069132725841,"F335M",3.365
3.545631295,0.209230975794845,"F335M",3.365
3.546982527,0.200737758819832,"F335M",3.365
3.548333758,0.192605471247619,"F335M",3.365
3.549684989,0.184773839406786,"F335M",3.365
3.551036221,0.177285011054755,"F335M",3.365
3.552387452,0.17009113551582,"F335M",3.365
3.553738684,0.163178979733251,"F335M",3.365
3.555089915,0.156571119386656,"F335M",3.365
3.556441147,0.150211734910292,"F335M",3.365
3.557792378,0.144111112818489,"F335M",3.365
3.559143609,0.138269167958268,"F335M",3.365
3.560494841,0.132638866536122,"F335M",3.365
3.561846072,0.127235004738196,"F335M",3.365
3.563197304,0.12203458791874,"F335M",3.365
3.564548535,0.117011918311185,"F335M",3.365
3.565899767,0.112182371879988,"F335M",3.365
3.567250998,0.10752185591732,"F335M",3.365
3.56860223,0.103024592819839,"F335M",3.365
3.569953461,0.0986829918661312,"F335M",3.365
3.571304692,0.0944862493241305,"F335M",3.365
3.572655924,0.0904284850638068,"F335M",3.365
3.574007155,0.0865032514289583,"F335M",3.365
3.575358387,0.082703078655766,"F335M",3.365
3.576709618,0.0790331398698728,"F335M",3.365
3.57806085,0.0754718479573609,"F335M",3.365
3.579412081,0.0720239020415911,"F335M",3.365
3.580763312,0.068682517206421,"F335M",3.365
3.582114544,0.0654523173032706,"F335M",3.365
3.583465775,0.0623363515426274,"F335M",3.365
3.584817007,0.059318430705547,"F335M",3.365
3.586168238,0.0564091039702349,"F335M",3.365
3.58751947,0.0535990259214854,"F335M",3.365
3.588870701,0.0508835149284394,"F335M",3.365
3.590221933,0.0482824932134238,"F335M",3.365
3.591573164,0.0457736098236223,"F335M",3.365
3.592924395,0.0433613720199774,"F335M",3.365
3.594275627,0.0410603692623965,"F335M",3.365
3.595626858,0.0388422112577629,"F335M",3.365
3.59697809,0.0367254131376464,"F335M",3.365
3.598329321,0.0347117494020806,"F335M",3.365
3.599680553,0.0327796471851122,"F335M",3.365
3.601031784,0.0309467689022428,"F335M",3.365
3.602383016,0.0291976059851939,"F335M",3.365
3.603734247,0.0275367311484499,"F335M",3.365
3.605085478,0.0259684616972767,"F335M",3.365
3.60643671,0.0244725892913689,"F335M",3.365
3.607787941,0.0230639683923694,"F335M",3.365
3.609139173,0.0217373816974527,"F335M",3.365
3.610490404,0.0204722117004692,"F335M",3.365
3.611841636,0.0192887768530157,"F335M",3.365
3.613192867,0.0181750774932639,"F335M",3.365
3.614544098,0.0171241132134264,"F335M",3.365
3.61589533,0.0161410380931087,"F335M",3.365
3.617246561,0.0152124205627159,"F335M",3.365
3.618597793,0.014342646365621,"F335M",3.365
3.619949024,0.0135276206261485,"F335M",3.365
3.621300256,0.0127561027822715,"F335M",3.365
3.622651487,0.0120361183431676,"F335M",3.365
3.624002719,0.0113606389578003,"F335M",3.365
3.62535395,0.010726976215778,"F335M",3.365
3.626705181,0.0101416164981352,"F335M",3.365
3.628056413,0.00958200437720409,"F335M",3.365
3.629407644,0.00905595292341049,"F335M",3.365
3.630758876,0.00857184587072836,"F335M",3.365
3.632110107,0.00811302840165067,"F335M",3.365
3.633461339,0.00768731039146898,"F335M",3.365
3.63481257,0.00728804093752167,"F335M",3.365
3.636163801,0.00690740267079839,"F335M",3.365
3.637515033,0.0065529902716369,"F335M",3.365
3.638866264,0.00621993247995258,"F335M",3.365
3.640217496,0.00591360654503358,"F335M",3.365
3.641568727,0.0056303757158264,"F335M",3.365
3.642919959,0.00535369320727494,"F335M",3.365
3.64427119,0.00509573693956453,"F335M",3.365
3.645622422,0.00485719381556035,"F335M",3.365
3.646973653,0.0046283052495187,"F335M",3.365
3.648324884,0.00441848246093252,"F335M",3.365
3.649676116,0.00421783614006929,"F335M",3.365
3.651027347,0.00402531886239722,"F335M",3.365
3.652378579,0.00385228607833761,"F335M",3.365
3.65372981,0.00368404784395305,"F335M",3.365
3.655081042,0.00352689696019946,"F335M",3.365
3.656432273,0.0033841901552723,"F335M",3.365
3.657783504,0.00324134947034276,"F335M",3.365
3.659134736,0.00311017193964296,"F335M",3.365
3.660485967,0.00299128824955771,"F335M",3.365
3.661837199,0.00287465464363565,"F335M",3.365
3.66318843,0.00276690622306845,"F335M",3.365
3.664539662,0.00266184727490359,"F335M",3.365
3.665890893,0.00255963755594965,"F335M",3.365
3.667242125,0.00246866044268212,"F335M",3.365
3.668593356,0.00237906959204835,"F335M",3.365
3.669944587,0.00229450254923264,"F335M",3.365
3.671295819,0.00221923245112962,"F335M",3.365
3.67264705,0.00214202356842229,"F335M",3.365
3.673998282,0.00206917435712188,"F335M",3.365
3.675349513,0.00200134984139425,"F335M",3.365
3.676700745,0.00193250310634977,"F335M",3.365
3.678051976,0.00187314436368989,"F335M",3.365
3.679403208,0.00181724145885082,"F335M",3.365
3.680754439,0.00175980877044641,"F335M",3.365
3.68210567,0.00171034407090627,"F335M",3.365
3.683456902,0.00166002765424953,"F335M",3.365
3.684808133,0.00161151715058777,"F335M",3.365
3.686159365,0.00157119101798047,"F335M",3.365
3.687510596,0.00152168247231949,"F335M",3.365
3.688861828,0.00147192848141174,"F335M",3.365
3.690213059,0.00143279330478688,"F335M",3.365
3.69156429,0.00139399890985153,"F335M",3.365
3.692915522,0.0013591761336632,"F335M",3.365
3.694266753,0.00132631135863346,"F335M",3.365
3.695617985,0.0012892344025882,"F335M",3.365
3.696969216,0.00125687344721667,"F335M",3.365
3.698320448,0.00122487760360603,"F335M",3.365
3.699671679,0.00118930071006037,"F335M",3.365
3.701022911,0.00115874539725628,"F335M",3.365
3.702374142,0.0011282548929573,"F335M",3.365
3.703725373,0.00109699363683431,"F335M",3.365
3.705076605,0.00107013253259555,"F335M",3.365
3.706427836,0.00104203215532557,"F335M",3.365
3.707779068,0.00101511664286155,"F335M",3.365
3.709130299,0.000990521758796104,"F335M",3.365
3.710481531,0.000961318962392242,"F335M",3.365
3.711832762,0.000933021470829303,"F335M",3.365
3.713183993,0.000906816949722724,"F335M",3.365
3.714535225,0.000878768140603578,"F335M",3.365
3.715886456,0.000855604325350766,"F335M",3.365
3.717237688,0.000834694317086976,"F335M",3.365
3.718588919,0.000810608840872507,"F335M",3.365
3.719940151,0.000788234836997732,"F335M",3.365
3.721291382,0.000765885577413195,"F335M",3.365
3.722642614,0.000743445768660009,"F335M",3.365
3.723993845,0.000722620893456083,"F335M",3.365
3.725345076,0.000697725094942768,"F335M",3.365
3.726696308,0.000673399183672987,"F335M",3.365
3.728047539,0.000653257113968104,"F335M",3.365
3.729398771,0.000630011603123264,"F335M",3.365
3.730750002,0.000607718648351937,"F335M",3.365
3.732101234,0.000587933928438597,"F335M",3.365
3.733452465,0.000565050640071815,"F335M",3.365
3.734803696,0.000545030210652728,"F335M",3.365
3.736154928,0.000526392394395387,"F335M",3.365
3.737506159,0.000503984130719139,"F335M",3.365
3.738857391,0.000485792331954541,"F335M",3.365
3.740208622,0.000468678875095655,"F335M",3.365
3.741559854,0.000446689817612179,"F335M",3.365
3.742911085,0.000427175515303863,"F335M",3.365
3.744262317,0.0004087474716564,"F335M",3.365
3.745613548,0.00038991410962188,"F335M",3.365
3.746964779,0.000375203583839004,"F335M",3.365
3.748316011,0.000358021858859664,"F335M",3.365
3.749667242,0.000339204115573407,"F335M",3.365
3.751018474,0.000325823272287777,"F335M",3.365
3.752369705,0.000311289828153519,"F335M",3.365
3.753720937,0.000296096838168853,"F335M",3.365
3.755072168,0.00028444351973192,"F335M",3.365
3.7564234,0.000268918723187819,"F335M",3.365
3.757774631,0.000252843066651413,"F335M",3.365
3.759125862,0.000242401977062403,"F335M",3.365
3.760477094,0.000230712686832166,"F335M",3.365
3.761828325,0.000218691853891674,"F335M",3.365
3.763179557,0.000209151957950798,"F335M",3.365
3.764530788,0.000198006455672768,"F335M",3.365
3.76588202,0.000188746610313759,"F335M",3.365
3.767233251,0.000181650395902487,"F335M",3.365
3.768584482,0.000170761030964073,"F335M",3.365
3.769935714,0.00016087883440224,"F335M",3.365
3.771286945,0.000154466568016972,"F335M",3.365
3.772638177,0.000146857754330648,"F335M",3.365
3.773989408,0.000141111220103176,"F335M",3.365
3.77534064,0.000137036092898378,"F335M",3.365
3.776691871,0.000129812052392225,"F335M",3.365
3.778043103,0.000123358881363406,"F335M",3.365
3.779394334,0.000115761997516907,"F335M",3.365
3.780745565,0.000107911565284253,"F335M",3.365
3.782096797,0.000104749929823081,"F335M",3.365
3.783448028,0.000103993703108108,"F335M",3.365
3.78479926,0.000100459928128106,"F335M",3.365
3.786150491,9.745464562226e-05,"F335M",3.365
3.787501723,9.4434946146327e-05,"F335M",3.365
3.788852954,8.90057985905229e-05,"F335M",3.365
3.790204185,8.63133920851959e-05,"F335M",3.365
3.791555417,8.41508249256634e-05,"F335M",3.365
3.792906648,7.84137668288205e-05,"F335M",3.365
3.79425788,7.56379692289828e-05,"F335M",3.365
3.795609111,7.51503040120744e-05,"F335M",3.365
3.796960343,7.26313724181429e-05,"F335M",3.365
3.798311574,7.39615496241307e-05,"F335M",3.365
3.799662806,7.55166662272985e-05,"F335M",3.365
3.801014037,7.19267591593738e-05,"F335M",3.365
3.802365268,7.06297592938324e-05,"F335M",3.365
3.8037165,6.956552469204e-05,"F335M",3.365
3.805067731,6.7151442910113e-05,"F335M",3.365
3.806418963,6.84637169760775e-05,"F335M",3.365
3.807770194,6.68901880932029e-05,"F335M",3.365
3.809121426,6.15927984054217e-05,"F335M",3.365
3.810472657,6.08365744735987e-05,"F335M",3.365
3.811823889,6.04346094621855e-05,"F335M",3.365
3.81317512,5.78144767379257e-05,"F335M",3.365
3.814526351,5.63371145864914e-05,"F335M",3.365
3.815877583,5.43753697225002e-05,"F335M",3.365
3.817228814,5.20311669622997e-05,"F335M",3.365
3.818580046,5.1527387637199e-05,"F335M",3.365
3.819931277,5.09794441106025e-05,"F335M",3.365
3.821282509,4.9907185219422e-05,"F335M",3.365
3.82263374,4.99786279053802e-05,"F335M",3.365
3.823984971,5.11049165953329e-05,"F335M",3.365
3.825336203,5.13680067158579e-05,"F335M",3.365
3.826687434,5.32307355168872e-05,"F335M",3.365
3.828038666,5.46401284322417e-05,"F335M",3.365
3.829389897,5.35763962939399e-05,"F335M",3.365
3.830741129,5.30832219826299e-05,"F335M",3.365
3.83209236,5.25326303529896e-05,"F335M",3.365
3.833443592,5.12585043553069e-05,"F335M",3.365
3.834794823,5.36480959233191e-05,"F335M",3.365
3.836146054,5.38752572438942e-05,"F335M",3.365
3.837497286,4.81855921894347e-05,"F335M",3.365
3.838848517,4.52452712063742e-05,"F335M",3.365
3.840199749,4.48949479356481e-05,"F335M",3.365
3.84155098,4.40756783570503e-05,"F335M",3.365
3.842902212,4.65324661034852e-05,"F335M",3.365
3.844253443,4.58515623122636e-05,"F335M",3.365
3.845604674,4.22505141482159e-05,"F335M",3.365
3.846955906,4.15762160223981e-05,"F335M",3.365
3.848307137,4.07239605712205e-05,"F335M",3.365
3.849658369,3.97063268670124e-05,"F335M",3.365
3.8510096,4.12126599316801e-05,"F335M",3.365
3.852360832,4.32570761113582e-05,"F335M",3.365
3.853712063,3.99707167263073e-05,"F335M",3.365
3.855063295,3.96567215697134e-05,"F335M",3.365
3.856414526,4.15136828366939e-05,"F335M",3.365
3.857765757,4.15171015926418e-05,"F335M",3.365
3.859116989,4.08769853225418e-05,"F335M",3.365
3.86046822,4.14907081801135e-05,"F335M",3.365
3.861819452,3.78816980346047e-05,"F335M",3.365
3.863170683,3.80273660749984e-05,"F335M",3.365
3.864521915,4.11318152980614e-05,"F335M",3.365
3.865873146,4.07258540782358e-05,"F335M",3.365
3.867224377,4.0502905496577e-05,"F335M",3.365
3.868575609,4.12953869077743e-05,"F335M",3.365
3.86992684,3.9916297828106e-05,"F335M",3.365
3.871278072,3.88886699205459e-05,"F335M",3.365
3.872629303,3.88354295555077e-05,"F335M",3.365
3.873980535,3.74293849004656e-05,"F335M",3.365
3.875331766,3.71481386852881e-05,"F335M",3.365
3.876682998,3.77882264006447e-05,"F335M",3.365
3.878034229,3.56006458579096e-05,"F335M",3.365
3.87938546,3.31416004766541e-05,"F335M",3.365
3.880736692,3.5647778907526e-05,"F335M",3.365
3.882087923,3.79185312550827e-05,"F335M",3.365
3.883439155,3.69538006351157e-05,"F335M",3.365
3.884790386,3.59212896241237e-05,"F335M",3.365
3.886141618,3.29148709523753e-05,"F335M",3.365
3.887492849,2.962382418635e-05,"F335M",3.365
3.888844081,2.90278385922398e-05,"F335M",3.365
3.890195312,3.05887770365789e-05,"F335M",3.365
3.891546543,3.26944983139652e-05,"F335M",3.365
3.892897775,3.62463208111871e-05,"F335M",3.365
3.894249006,4.03455166392566e-05,"F335M",3.365
3.895600238,4.09898522852259e-05,"F335M",3.365
3.896951469,4.11614420600645e-05,"F335M",3.365
3.898302701,4.01313585150352e-05,"F335M",3.365
3.899653932,3.74927818272202e-05,"F335M",3.365
3.901005163,0,"F335M",3.365
3.902356394,0,"F335M",3.365
NA,NA,"F335M",3.365
2.988923941,0,"F356W",3.563
2.990275173,0,"F356W",3.563
2.991626405,0.000114387116033003,"F356W",3.563
2.992977637,0.000123206105827762,"F356W",3.563
2.994328868,0.000132746702225591,"F356W",3.563
2.9956801,0.000142236690356885,"F356W",3.563
2.997031331,0.000151990429812998,"F356W",3.563
2.998382562,0.000162969825693615,"F356W",3.563
2.999733794,0.000174697900823123,"F356W",3.563
3.001085025,0.000187531183375871,"F356W",3.563
3.002436257,0.000201081514120422,"F356W",3.563
3.003787488,0.000215102303872217,"F356W",3.563
3.00513872,0.000229890072763518,"F356W",3.563
3.006489951,0.000246141166435899,"F356W",3.563
3.007841182,0.000264024060299466,"F356W",3.563
3.009192414,0.000282938646446977,"F356W",3.563
3.010543645,0.000302612647364231,"F356W",3.563
3.011894877,0.000323656146655109,"F356W",3.563
3.013246108,0.00034637648929914,"F356W",3.563
3.01459734,0.000370651614680997,"F356W",3.563
3.015948571,0.000397191086125073,"F356W",3.563
3.017299803,0.000424786595416878,"F356W",3.563
3.018651034,0.000453972115459729,"F356W",3.563
3.020002265,0.000485140985779031,"F356W",3.563
3.021353497,0.000518596397663061,"F356W",3.563
3.022704728,0.000553862699391237,"F356W",3.563
3.02405596,0.000591646244338813,"F356W",3.563
3.025407191,0.000632027141943286,"F356W",3.563
3.026758423,0.000674400792843957,"F356W",3.563
3.028109654,0.000720191850963022,"F356W",3.563
3.029460886,0.000770110128290912,"F356W",3.563
3.030812117,0.000823408135436621,"F356W",3.563
3.032163348,0.000880225683693354,"F356W",3.563
3.03351458,0.000941552325206047,"F356W",3.563
3.034865811,0.00100723787287728,"F356W",3.563
3.036217043,0.00107752933467053,"F356W",3.563
3.037568274,0.00115380327572748,"F356W",3.563
3.038919506,0.00123621105413249,"F356W",3.563
3.040270737,0.00132461699320756,"F356W",3.563
3.041621968,0.00142055140578319,"F356W",3.563
3.0429732,0.00152416694723231,"F356W",3.563
3.044324431,0.00163651317283153,"F356W",3.563
3.045675663,0.00175839509141264,"F356W",3.563
3.047026894,0.00189029558393007,"F356W",3.563
3.048378126,0.00203334391730571,"F356W",3.563
3.049729357,0.00218861820614519,"F356W",3.563
3.051080589,0.00235599196281837,"F356W",3.563
3.05243182,0.00253857334588327,"F356W",3.563
3.053783051,0.0027372072797541,"F356W",3.563
3.055134283,0.00295274596785638,"F356W",3.563
3.056485514,0.00318828070181724,"F356W",3.563
3.057836746,0.00344475341775036,"F356W",3.563
3.059187977,0.0037236727005342,"F356W",3.563
3.060539209,0.00402842140099922,"F356W",3.563
3.06189044,0.00436086707824145,"F356W",3.563
3.063241671,0.00472296362523939,"F356W",3.563
3.064592903,0.005118938667455,"F356W",3.563
3.065944134,0.00555070143126903,"F356W",3.563
3.067295366,0.00602194306826403,"F356W",3.563
3.068646597,0.00653785969655796,"F356W",3.563
3.069997829,0.00710191165638823,"F356W",3.563
3.07134906,0.00771869833555876,"F356W",3.563
3.072700292,0.0083945099476494,"F356W",3.563
3.074051523,0.00913411499139386,"F356W",3.563
3.075402754,0.00994372028416481,"F356W",3.563
3.076753986,0.0108295145703551,"F356W",3.563
3.078105217,0.0118004555082251,"F356W",3.563
3.079456449,0.0128623720631026,"F356W",3.563
3.08080768,0.0140245366219194,"F356W",3.563
3.082158912,0.0152979392786723,"F356W",3.563
3.083510143,0.0166890454203782,"F356W",3.563
3.084861374,0.0182105340252064,"F356W",3.563
3.086212606,0.019878232375143,"F356W",3.563
3.087563837,0.0216966159242073,"F356W",3.563
3.088915069,0.0236815940762356,"F356W",3.563
3.0902663,0.0258543715997582,"F356W",3.563
3.091617532,0.0282183705119618,"F356W",3.563
3.092968763,0.0307950133811313,"F356W",3.563
3.094319995,0.0336104641106081,"F356W",3.563
3.095671226,0.0366626766938097,"F356W",3.563
3.097022457,0.0399924895999069,"F356W",3.563
3.098373689,0.0435950993907263,"F356W",3.563
3.09972492,0.0475013204496797,"F356W",3.563
3.101076152,0.0517492544030189,"F356W",3.563
3.102427383,0.0563220146490462,"F356W",3.563
3.103778615,0.0612569650333406,"F356W",3.563
3.105129846,0.0666013311543159,"F356W",3.563
3.106481078,0.0723228507329365,"F356W",3.563
3.107832309,0.0784642942807212,"F356W",3.563
3.10918354,0.0850749111597946,"F356W",3.563
3.110534772,0.0921042484451516,"F356W",3.563
3.111886003,0.0995970213770126,"F356W",3.563
3.113237235,0.107605542440344,"F356W",3.563
3.114588466,0.116051018181817,"F356W",3.563
3.115939698,0.124970037517323,"F356W",3.563
3.117290929,0.134417428981442,"F356W",3.563
3.11864216,0.144270200751503,"F356W",3.563
3.119993392,0.154569066620003,"F356W",3.563
3.121344623,0.16534940316981,"F356W",3.563
3.122695855,0.17646034700542,"F356W",3.563
3.124047086,0.187996329602468,"F356W",3.563
3.125398318,0.199776170701634,"F356W",3.563
3.126749549,0.211826821158653,"F356W",3.563
3.128100781,0.224163964571135,"F356W",3.563
3.129452012,0.236594245964412,"F356W",3.563
3.130803243,0.24912353558285,"F356W",3.563
3.132154475,0.261779555270682,"F356W",3.563
3.133505706,0.274336745892493,"F356W",3.563
3.134856938,0.286806738259443,"F356W",3.563
3.136208169,0.299220900568675,"F356W",3.563
3.137559401,0.311329426706844,"F356W",3.563
3.138910632,0.323170658744339,"F356W",3.563
3.140261863,0.334748909026556,"F356W",3.563
3.141613095,0.345856583875658,"F356W",3.563
3.142964326,0.356519058503147,"F356W",3.563
3.144315558,0.366753281872352,"F356W",3.563
3.145666789,0.376378394186148,"F356W",3.563
3.147018021,0.385486996219956,"F356W",3.563
3.148369252,0.393935574374466,"F356W",3.563
3.149720484,0.401768051652453,"F356W",3.563
3.151071715,0.409035681619864,"F356W",3.563
3.152422946,0.415623592180237,"F356W",3.563
3.153774178,0.421589626056962,"F356W",3.563
3.155125409,0.427014461669829,"F356W",3.563
3.156476641,0.431815288386759,"F356W",3.563
3.157827872,0.436079279966388,"F356W",3.563
3.159179104,0.439879301542043,"F356W",3.563
3.160530335,0.443167793001128,"F356W",3.563
3.161881566,0.446033189591561,"F356W",3.563
3.163232798,0.448539146547989,"F356W",3.563
3.164584029,0.450677524529065,"F356W",3.563
3.165935261,0.452512232655635,"F356W",3.563
3.167286492,0.45410676471424,"F356W",3.563
3.168637724,0.455450039552545,"F356W",3.563
3.169988955,0.456595410384608,"F356W",3.563
3.171340187,0.457586791224892,"F356W",3.563
3.172691418,0.458426087261738,"F356W",3.563
3.174042649,0.459158481519739,"F356W",3.563
3.175393881,0.4597917908856,"F356W",3.563
3.176745112,0.46034914186975,"F356W",3.563
3.178096344,0.460856248329554,"F356W",3.563
3.179447575,0.461313115320129,"F356W",3.563
3.180798807,0.461741452488609,"F356W",3.563
3.182150038,0.462147912423295,"F356W",3.563
3.18350127,0.462532684170127,"F356W",3.563
3.184852501,0.462902673451728,"F356W",3.563
3.186203732,0.463269746511624,"F356W",3.563
3.187554964,0.463629933406025,"F356W",3.563
3.188906195,0.463984032449928,"F356W",3.563
3.190257427,0.464334358660246,"F356W",3.563
3.191608658,0.464677930945645,"F356W",3.563
3.19295989,0.465023615016139,"F356W",3.563
3.194311121,0.465372574906342,"F356W",3.563
3.195662352,0.465717026697015,"F356W",3.563
3.197013584,0.466060207213697,"F356W",3.563
3.198364815,0.466397924234089,"F356W",3.563
3.199716047,0.466731947836895,"F356W",3.563
3.201067278,0.46707054247955,"F356W",3.563
3.20241851,0.467397315148502,"F356W",3.563
3.203769741,0.467719572561799,"F356W",3.563
3.205120973,0.468035677651718,"F356W",3.563
3.206472204,0.468344744902505,"F356W",3.563
3.207823435,0.468642493370235,"F356W",3.563
3.209174667,0.468934324925826,"F356W",3.563
3.210525898,0.46921656566086,"F356W",3.563
3.21187713,0.469496672569542,"F356W",3.563
3.213228361,0.469768700679615,"F356W",3.563
3.214579593,0.470039105703996,"F356W",3.563
3.215930824,0.470304219680707,"F356W",3.563
3.217282055,0.470561958199836,"F356W",3.563
3.218633287,0.470830869742262,"F356W",3.563
3.219984518,0.4711009778651,"F356W",3.563
3.22133575,0.471360186739684,"F356W",3.563
3.222686981,0.471627540403154,"F356W",3.563
3.224038213,0.47187948006712,"F356W",3.563
3.225389444,0.472150529723653,"F356W",3.563
3.226740676,0.47242918221018,"F356W",3.563
3.228091907,0.472679551398229,"F356W",3.563
3.229443138,0.472958301581105,"F356W",3.563
3.23079437,0.473236301513693,"F356W",3.563
3.232145601,0.473486806154783,"F356W",3.563
3.233496833,0.473774848937113,"F356W",3.563
3.234848064,0.474069804809095,"F356W",3.563
3.236199296,0.474323615228502,"F356W",3.563
3.237550527,0.474624167253828,"F356W",3.563
3.238901759,0.474932113675356,"F356W",3.563
3.24025299,0.475193862464148,"F356W",3.563
3.241604221,0.475512802949418,"F356W",3.563
3.242955453,0.475831999669376,"F356W",3.563
3.244306684,0.476096853496126,"F356W",3.563
3.245657916,0.476414518885453,"F356W",3.563
3.247009147,0.476670029539656,"F356W",3.563
3.248360379,0.476980869089026,"F356W",3.563
3.24971161,0.477293442052428,"F356W",3.563
3.251062841,0.477532790984051,"F356W",3.563
3.252414073,0.477837826649727,"F356W",3.563
3.253765304,0.478139352020317,"F356W",3.563
3.255116536,0.478369155308829,"F356W",3.563
3.256467767,0.478673221644224,"F356W",3.563
3.257818999,0.478976638221853,"F356W",3.563
3.25917023,0.479208802524195,"F356W",3.563
3.260521462,0.47950742625202,"F356W",3.563
3.261872693,0.479803080933304,"F356W",3.563
3.263223924,0.480019296081771,"F356W",3.563
3.264575156,0.480310131387325,"F356W",3.563
3.265926387,0.480593779315887,"F356W",3.563
3.267277619,0.480809602375446,"F356W",3.563
3.26862885,0.481091940470994,"F356W",3.563
3.269980082,0.481371644189788,"F356W",3.563
3.271331313,0.481589221902336,"F356W",3.563
3.272682544,0.481873826668711,"F356W",3.563
3.274033776,0.482107084063009,"F356W",3.563
3.275385007,0.48239630783238,"F356W",3.563
3.276736239,0.482689308955292,"F356W",3.563
3.27808747,0.482933891651297,"F356W",3.563
3.279438702,0.483233148610786,"F356W",3.563
3.280789933,0.483534450474255,"F356W",3.563
3.282141165,0.483812202920541,"F356W",3.563
3.283492396,0.484125757293855,"F356W",3.563
3.284843627,0.484442975766091,"F356W",3.563
3.286194859,0.484749606265211,"F356W",3.563
3.28754609,0.48508172733838,"F356W",3.563
3.288897322,0.485425390827132,"F356W",3.563
3.290248553,0.485775313870661,"F356W",3.563
3.291599785,0.486139274738309,"F356W",3.563
3.292951016,0.486506670666736,"F356W",3.563
3.294302247,0.486907443735309,"F356W",3.563
3.295653479,0.487297690233779,"F356W",3.563
3.29700471,0.487730559059343,"F356W",3.563
3.298355942,0.488137034903131,"F356W",3.563
3.299707173,0.488547831832871,"F356W",3.563
3.301058405,0.489021750498718,"F356W",3.563
3.302409636,0.489446978670344,"F356W",3.563
3.303760868,0.489880617205606,"F356W",3.563
3.305112099,0.490390157116005,"F356W",3.563
3.30646333,0.490838745409412,"F356W",3.563
3.307814562,0.491292466416192,"F356W",3.563
3.309165793,0.491851731664662,"F356W",3.563
3.310517025,0.492324131438189,"F356W",3.563
3.311868256,0.492799999604432,"F356W",3.563
3.313219488,0.49339827218465,"F356W",3.563
3.314570719,0.493886250397435,"F356W",3.563
3.315921951,0.494377623381516,"F356W",3.563
3.317273182,0.494995832900911,"F356W",3.563
3.318624413,0.495484307080056,"F356W",3.563
3.319975645,0.495965849090662,"F356W",3.563
3.321326876,0.496595444007785,"F356W",3.563
3.322678108,0.497074266943517,"F356W",3.563
3.324029339,0.497707560588467,"F356W",3.563
3.325380571,0.498179010893206,"F356W",3.563
3.326731802,0.49864140750029,"F356W",3.563
3.328083033,0.499276591765272,"F356W",3.563
3.329434265,0.49973293945506,"F356W",3.563
3.330785496,0.500188856028079,"F356W",3.563
3.332136728,0.500795033991007,"F356W",3.563
3.333487959,0.50122486528117,"F356W",3.563
3.334839191,0.501648205708953,"F356W",3.563
3.336190422,0.502244264894433,"F356W",3.563
3.337541654,0.502660191050702,"F356W",3.563
3.338892885,0.503065612764932,"F356W",3.563
3.340244116,0.503652753405594,"F356W",3.563
3.341595348,0.504044937385084,"F356W",3.563
3.342946579,0.504433041369208,"F356W",3.563
3.344297811,0.505003541882267,"F356W",3.563
3.345649042,0.505379503389633,"F356W",3.563
3.347000274,0.505939059752497,"F356W",3.563
3.348351505,0.506300572918639,"F356W",3.563
3.349702736,0.506663559581271,"F356W",3.563
3.351053968,0.507206893591803,"F356W",3.563
3.352405199,0.507561058326949,"F356W",3.563
3.353756431,0.507909707565382,"F356W",3.563
3.355107662,0.508437211103823,"F356W",3.563
3.356458894,0.508780586937982,"F356W",3.563
3.357810125,0.509121650333203,"F356W",3.563
3.359161357,0.509640920970543,"F356W",3.563
3.360512588,0.509975534410372,"F356W",3.563
3.361863819,0.510312546180894,"F356W",3.563
3.363215051,0.510816240089174,"F356W",3.563
3.364566282,0.511151320919816,"F356W",3.563
3.365917514,0.511489561377137,"F356W",3.563
3.367268745,0.511985468314659,"F356W",3.563
3.368619977,0.512325536330146,"F356W",3.563
3.369971208,0.512666578704727,"F356W",3.563
3.371322439,0.513163391259707,"F356W",3.563
3.372673671,0.513511947297493,"F356W",3.563
3.374024902,0.514003409545884,"F356W",3.563
3.375376134,0.51435801339197,"F356W",3.563
3.376727365,0.514713831176062,"F356W",3.563
3.378078597,0.515204764760261,"F356W",3.563
3.379429828,0.515569204198533,"F356W",3.563
3.38078106,0.515942543481811,"F356W",3.563
3.382132291,0.516434171797081,"F356W",3.563
3.383483522,0.516813839742694,"F356W",3.563
3.384834754,0.517198277548331,"F356W",3.563
3.386185985,0.517686112715588,"F356W",3.563
3.387537217,0.518075512588579,"F356W",3.563
3.388888448,0.518461330709821,"F356W",3.563
3.39023968,0.518937599664511,"F356W",3.563
3.391590911,0.519314526384011,"F356W",3.563
3.392942143,0.519685232646629,"F356W",3.563
3.394293374,0.520131946095267,"F356W",3.563
3.395644605,0.520485531055463,"F356W",3.563
3.396995837,0.520835469667114,"F356W",3.563
3.398347068,0.521246088674835,"F356W",3.563
3.3996983,0.521576849109697,"F356W",3.563
3.401049531,0.521966787905255,"F356W",3.563
3.402400763,0.522281696064333,"F356W",3.563
3.403751994,0.522593192063128,"F356W",3.563
3.405103225,0.522956506986402,"F356W",3.563
3.406454457,0.523257679232286,"F356W",3.563
3.407805688,0.523550774939479,"F356W",3.563
3.40915692,0.523892638665397,"F356W",3.563
3.410508151,0.524173443506959,"F356W",3.563
3.411859383,0.524445212666866,"F356W",3.563
3.413210614,0.524764136538001,"F356W",3.563
3.414561846,0.525021412257326,"F356W",3.563
3.415913077,0.525274680490217,"F356W",3.563
3.417264308,0.525571380537077,"F356W",3.563
3.41861554,0.52581154116,"F356W",3.563
3.419966771,0.526047935959085,"F356W",3.563
3.421318003,0.526326637576698,"F356W",3.563
3.422669234,0.526553549397217,"F356W",3.563
3.424020466,0.52682497987971,"F356W",3.563
3.425371697,0.527043477291587,"F356W",3.563
3.426722928,0.52726155172839,"F356W",3.563
3.42807416,0.527532145863181,"F356W",3.563
3.429425391,0.527753175217605,"F356W",3.563
3.430776623,0.52796906780736,"F356W",3.563
3.432127854,0.528237111905373,"F356W",3.563
3.433479086,0.528437104217805,"F356W",3.563
3.434830317,0.52862762218692,"F356W",3.563
3.436181549,0.528875592456863,"F356W",3.563
3.43753278,0.529051620627731,"F356W",3.563
3.438884011,0.529222676632692,"F356W",3.563
3.440235243,0.529454016657035,"F356W",3.563
3.441586474,0.529616857866664,"F356W",3.563
3.442937706,0.529782851183139,"F356W",3.563
3.444288937,0.530024999968935,"F356W",3.563
3.445640169,0.530202577460816,"F356W",3.563
3.4469914,0.530381389158494,"F356W",3.563
3.448342631,0.530642748723425,"F356W",3.563
3.449693863,0.530826572183499,"F356W",3.563
3.451045094,0.531094211633377,"F356W",3.563
3.452396326,0.531284275330513,"F356W",3.563
3.453747557,0.531475783128159,"F356W",3.563
3.455098789,0.531763331289448,"F356W",3.563
3.45645002,0.531964773601442,"F356W",3.563
3.457801252,0.532167551235668,"F356W",3.563
3.459152483,0.532471114130958,"F356W",3.563
3.460503714,0.532680816453329,"F356W",3.563
3.461854946,0.532894639523291,"F356W",3.563
3.463206177,0.533210075269813,"F356W",3.563
3.464557409,0.533428753302027,"F356W",3.563
3.46590864,0.533650883476568,"F356W",3.563
3.467259872,0.533975911469779,"F356W",3.563
3.468611103,0.534201823885187,"F356W",3.563
3.469962335,0.534428196503213,"F356W",3.563
3.471313566,0.534762397085017,"F356W",3.563
3.472664797,0.53499407058554,"F356W",3.563
3.474016029,0.535333291756807,"F356W",3.563
3.47536726,0.535571477134665,"F356W",3.563
3.476718492,0.535813022247666,"F356W",3.563
3.478069723,0.536165099396159,"F356W",3.563
3.479420955,0.536413166931994,"F356W",3.563
3.480772186,0.536662108890607,"F356W",3.563
3.482123417,0.537021882480718,"F356W",3.563
3.483474649,0.537273849054707,"F356W",3.563
3.48482588,0.53752472718011,"F356W",3.563
3.486177112,0.537880156157539,"F356W",3.563
3.487528343,0.53812561537786,"F356W",3.563
3.488879575,0.538371069317414,"F356W",3.563
3.490230806,0.538715347573073,"F356W",3.563
3.491582038,0.538954155596656,"F356W",3.563
3.492933269,0.539191743011331,"F356W",3.563
3.4942845,0.539522785052456,"F356W",3.563
3.495635732,0.539753749278492,"F356W",3.563
3.496986963,0.539980216523363,"F356W",3.563
3.498338195,0.540297357791665,"F356W",3.563
3.499689426,0.540521736505652,"F356W",3.563
3.501040658,0.540837876192852,"F356W",3.563
3.502391889,0.541065575169687,"F356W",3.563
3.50374312,0.541290308934075,"F356W",3.563
3.505094352,0.541597519266995,"F356W",3.563
3.506445583,0.541816232931528,"F356W",3.563
3.507796815,0.542032036245763,"F356W",3.563
3.509148046,0.542328430915993,"F356W",3.563
3.510499278,0.542548016365732,"F356W",3.563
3.511850509,0.542768161448519,"F356W",3.563
3.513201741,0.543054686371303,"F356W",3.563
3.514552972,0.543259559456069,"F356W",3.563
3.515904203,0.543461327335117,"F356W",3.563
3.517255435,0.543723691764681,"F356W",3.563
3.518606666,0.543918810958841,"F356W",3.563
3.519957898,0.544108161185517,"F356W",3.563
3.521309129,0.544339498200886,"F356W",3.563
3.522660361,0.544505249041934,"F356W",3.563
3.524011592,0.544718844613296,"F356W",3.563
3.525362824,0.544882949216689,"F356W",3.563
3.526714055,0.545050273078668,"F356W",3.563
3.528065286,0.545259046637742,"F356W",3.563
3.529416518,0.545423630525385,"F356W",3.563
3.530767749,0.54558938165388,"F356W",3.563
3.532118981,0.545825292781277,"F356W",3.563
3.533470212,0.546009107158765,"F356W",3.563
3.534821444,0.546192813081335,"F356W",3.563
3.536172675,0.54642503524359,"F356W",3.563
3.537523906,0.546610049603317,"F356W",3.563
3.538875138,0.546794685278361,"F356W",3.563
3.540226369,0.547023995822236,"F356W",3.563
3.541577601,0.54721104464892,"F356W",3.563
3.542928832,0.547400318997532,"F356W",3.563
3.544280064,0.547633086669316,"F356W",3.563
3.545631295,0.547828753221754,"F356W",3.563
3.546982527,0.548027926380242,"F356W",3.563
3.548333758,0.54826590659934,"F356W",3.563
3.549684989,0.548467863390276,"F356W",3.563
3.551036221,0.548708603361322,"F356W",3.563
3.552387452,0.548917121994766,"F356W",3.563
3.553738684,0.549130256754183,"F356W",3.563
3.555089915,0.549381677105111,"F356W",3.563
3.556441147,0.549601125742376,"F356W",3.563
3.557792378,0.549825615343526,"F356W",3.563
3.559143609,0.550087818152638,"F356W",3.563
3.560494841,0.550320201877395,"F356W",3.563
3.561846072,0.550556307807906,"F356W",3.563
3.563197304,0.55082899465787,"F356W",3.563
3.564548535,0.551069361318315,"F356W",3.563
3.565899767,0.551312940304988,"F356W",3.563
3.567250998,0.551597615237598,"F356W",3.563
3.56860223,0.551849391711757,"F356W",3.563
3.569953461,0.552104166455107,"F356W",3.563
3.571304692,0.552402649323048,"F356W",3.563
3.572655924,0.552663503345256,"F356W",3.563
3.574007155,0.552967740449433,"F356W",3.563
3.575358387,0.553231669127614,"F356W",3.563
3.576709618,0.553496716383483,"F356W",3.563
3.57806085,0.553808335484405,"F356W",3.563
3.579412081,0.554074623770396,"F356W",3.563
3.580763312,0.554341210256922,"F356W",3.563
3.582114544,0.55465943852028,"F356W",3.563
3.583465775,0.554928848694835,"F356W",3.563
3.584817007,0.555199611726315,"F356W",3.563
3.586168238,0.555525255232574,"F356W",3.563
3.58751947,0.555794765419539,"F356W",3.563
3.588870701,0.556062328409117,"F356W",3.563
3.590221933,0.556389045862327,"F356W",3.563
3.591573164,0.556656978497249,"F356W",3.563
3.592924395,0.556924619021704,"F356W",3.563
3.594275627,0.557255276343723,"F356W",3.563
3.595626858,0.557522747460855,"F356W",3.563
3.59697809,0.557790338462293,"F356W",3.563
3.598329321,0.558126717185303,"F356W",3.563
3.599680553,0.5583985736616,"F356W",3.563
3.601031784,0.558714012823383,"F356W",3.563
3.602383016,0.558958611282211,"F356W",3.563
3.603734247,0.559201951844475,"F356W",3.563
3.605085478,0.559492175026028,"F356W",3.563
3.60643671,0.559735097042718,"F356W",3.563
3.607787941,0.559978403494443,"F356W",3.563
3.609139173,0.560271502339748,"F356W",3.563
3.610490404,0.56051383153549,"F356W",3.563
3.611841636,0.56075531252791,"F356W",3.563
3.613192867,0.561048424943986,"F356W",3.563
3.614544098,0.561289256160663,"F356W",3.563
3.61589533,0.561529532046376,"F356W",3.563
3.617246561,0.561823648068763,"F356W",3.563
3.618597793,0.562063691567509,"F356W",3.563
3.619949024,0.562303010723003,"F356W",3.563
3.621300256,0.562596834490776,"F356W",3.563
3.622651487,0.562838298934931,"F356W",3.563
3.624002719,0.563135717288995,"F356W",3.563
3.62535395,0.563379058085635,"F356W",3.563
3.626705181,0.563623010422161,"F356W",3.563
3.628056413,0.563920188326226,"F356W",3.563
3.629407644,0.564162007028859,"F356W",3.563
3.630758876,0.564403485811631,"F356W",3.563
3.632110107,0.564697174212179,"F356W",3.563
3.633461339,0.564936223813794,"F356W",3.563
3.63481257,0.565175271494627,"F356W",3.563
3.636163801,0.565468780785293,"F356W",3.563
3.637515033,0.565710902640476,"F356W",3.563
3.638866264,0.565953751883014,"F356W",3.563
3.640217496,0.566247778105802,"F356W",3.563
3.641568727,0.566490321822932,"F356W",3.563
3.642919959,0.566732679986243,"F356W",3.563
3.64427119,0.567022604400095,"F356W",3.563
3.645622422,0.567263428715885,"F356W",3.563
3.646973653,0.567502909099021,"F356W",3.563
3.648324884,0.567787159275644,"F356W",3.563
3.649676116,0.568026504443466,"F356W",3.563
3.651027347,0.568307353199632,"F356W",3.563
3.652378579,0.568542743821773,"F356W",3.563
3.65372981,0.568777431832601,"F356W",3.563
3.655081042,0.569049257463106,"F356W",3.563
3.656432273,0.569278923001511,"F356W",3.563
3.657783504,0.56950776436681,"F356W",3.563
3.659134736,0.569768886485117,"F356W",3.563
3.660485967,0.569989606842153,"F356W",3.563
3.661837199,0.570209164499088,"F356W",3.563
3.66318843,0.570460287100752,"F356W",3.563
3.664539662,0.570676868007548,"F356W",3.563
3.665890893,0.570891133850977,"F356W",3.563
3.667242125,0.571131895345845,"F356W",3.563
3.668593356,0.571339337030145,"F356W",3.563
3.669944587,0.57154333746591,"F356W",3.563
3.671295819,0.571771052314886,"F356W",3.563
3.67264705,0.57196774868545,"F356W",3.563
3.673998282,0.572160148965934,"F356W",3.563
3.675349513,0.572374346083961,"F356W",3.563
3.676700745,0.57256070392066,"F356W",3.563
3.678051976,0.572766808421877,"F356W",3.563
3.679403208,0.572948944309736,"F356W",3.563
3.680754439,0.573128313456534,"F356W",3.563
3.68210567,0.573326875733283,"F356W",3.563
3.683456902,0.573503862215932,"F356W",3.563
3.684808133,0.573677025690688,"F356W",3.563
3.686159365,0.573866477508046,"F356W",3.563
3.687510596,0.574035013033203,"F356W",3.563
3.688861828,0.574201336163446,"F356W",3.563
3.690213059,0.574386154804203,"F356W",3.563
3.69156429,0.574553025126591,"F356W",3.563
3.692915522,0.574717444267271,"F356W",3.563
3.694266753,0.574899300031452,"F356W",3.563
3.695617985,0.575062743870797,"F356W",3.563
3.696969216,0.575225177665771,"F356W",3.563
3.698320448,0.57540646304666,"F356W",3.563
3.699671679,0.575567486222553,"F356W",3.563
3.701022911,0.575744594968638,"F356W",3.563
3.702374142,0.575901625605996,"F356W",3.563
3.703725373,0.576058415760103,"F356W",3.563
3.705076605,0.576236785049825,"F356W",3.563
3.706427836,0.576397227263238,"F356W",3.563
3.707779068,0.576557872648058,"F356W",3.563
3.709130299,0.576740797865281,"F356W",3.563
3.710481531,0.576903628886332,"F356W",3.563
3.711832762,0.577066596548811,"F356W",3.563
3.713183993,0.577254166930854,"F356W",3.563
3.714535225,0.57741817786657,"F356W",3.563
3.715886456,0.577579754687576,"F356W",3.563
3.717237688,0.577766817808991,"F356W",3.563
3.718588919,0.577928891017555,"F356W",3.563
3.719940151,0.578091289976808,"F356W",3.563
3.721291382,0.578283550521376,"F356W",3.563
3.722642614,0.578448740681522,"F356W",3.563
3.723993845,0.578613520260384,"F356W",3.563
3.725345076,0.578809235398687,"F356W",3.563
3.726696308,0.57897442915246,"F356W",3.563
3.728047539,0.579170790353263,"F356W",3.563
3.729398771,0.579335357545913,"F356W",3.563
3.730750002,0.579497325072295,"F356W",3.563
3.732101234,0.579692219927498,"F356W",3.563
3.733452465,0.579852484810103,"F356W",3.563
3.734803696,0.580009412785567,"F356W",3.563
3.736154928,0.580200699883081,"F356W",3.563
3.737506159,0.580353313806981,"F356W",3.563
3.738857391,0.580499927023533,"F356W",3.563
3.740208622,0.580680007550507,"F356W",3.563
3.741559854,0.580816781426054,"F356W",3.563
3.742911085,0.580945844935812,"F356W",3.563
3.744262317,0.581108518555483,"F356W",3.563
3.745613548,0.581225210982388,"F356W",3.563
3.746964779,0.581334336075371,"F356W",3.563
3.748316011,0.581478853528408,"F356W",3.563
3.749667242,0.58157685755141,"F356W",3.563
3.751018474,0.581709112412222,"F356W",3.563
3.752369705,0.581794483515035,"F356W",3.563
3.753720937,0.581871346384126,"F356W",3.563
3.755072168,0.581980527548337,"F356W",3.563
3.7564234,0.582040640055168,"F356W",3.563
3.757774631,0.582090752223303,"F356W",3.563
3.759125862,0.582172258307384,"F356W",3.563
3.760477094,0.582204352418595,"F356W",3.563
3.761828325,0.582226161729365,"F356W",3.563
3.763179557,0.582279691473436,"F356W",3.563
3.764530788,0.58228704110332,"F356W",3.563
3.76588202,0.582286416432495,"F356W",3.563
3.767233251,0.582317600208874,"F356W",3.563
3.768584482,0.582304588056759,"F356W",3.563
3.769935714,0.582283173530431,"F356W",3.563
3.771286945,0.582290408041562,"F356W",3.563
3.772638177,0.582254657659349,"F356W",3.563
3.773989408,0.582210565971847,"F356W",3.563
3.77534064,0.582193460075007,"F356W",3.563
3.776691871,0.582138617397809,"F356W",3.563
3.778043103,0.582109490167592,"F356W",3.563
3.779394334,0.582047142335004,"F356W",3.563
3.780745565,0.581983604490693,"F356W",3.563
3.782096797,0.58194418061891,"F356W",3.563
3.783448028,0.581877884046019,"F356W",3.563
3.78479926,0.581812531560493,"F356W",3.563
3.786150491,0.581768352334254,"F356W",3.563
3.787501723,0.581702101403446,"F356W",3.563
3.788852954,0.581636636333011,"F356W",3.563
3.790204185,0.581588926851286,"F356W",3.563
3.791555417,0.581527975411444,"F356W",3.563
3.792906648,0.581473287533113,"F356W",3.563
3.79425788,0.581436916793769,"F356W",3.563
3.795609111,0.581397012212604,"F356W",3.563
3.796960343,0.581364953073335,"F356W",3.563
3.798311574,0.581345968463133,"F356W",3.563
3.799662806,0.581329468531881,"F356W",3.563
3.801014037,0.581324168058015,"F356W",3.563
3.802365268,0.581323209915459,"F356W",3.563
3.8037165,0.581333790313096,"F356W",3.563
3.805067731,0.581351237225338,"F356W",3.563
3.806418963,0.581380748726108,"F356W",3.563
3.807770194,0.581425942244895,"F356W",3.563
3.809121426,0.581477601275312,"F356W",3.563
3.810472657,0.581551128017372,"F356W",3.563
3.811823889,0.58164132998143,"F356W",3.563
3.81317512,0.581730539055919,"F356W",3.563
3.814526351,0.58184563417885,"F356W",3.563
3.815877583,0.581975427361367,"F356W",3.563
3.817228814,0.582096125000275,"F356W",3.563
3.818580046,0.582244654077072,"F356W",3.563
3.819931277,0.582404789317299,"F356W",3.563
3.821282509,0.582550438187829,"F356W",3.563
3.82263374,0.582731274710134,"F356W",3.563
3.823984971,0.582925487040896,"F356W",3.563
3.825336203,0.583100124778754,"F356W",3.563
3.826687434,0.583312751235212,"F356W",3.563
3.828038666,0.583502025927034,"F356W",3.563
3.829389897,0.583729909356348,"F356W",3.563
3.830741129,0.583961247580422,"F356W",3.563
3.83209236,0.584159696332513,"F356W",3.563
3.833443592,0.58439476874259,"F356W",3.563
3.834794823,0.584628106155724,"F356W",3.563
3.836146054,0.58481984359259,"F356W",3.563
3.837497286,0.585047709649991,"F356W",3.563
3.838848517,0.585271381024626,"F356W",3.563
3.840199749,0.585449047584994,"F356W",3.563
3.84155098,0.585662339605943,"F356W",3.563
3.842902212,0.585864271869948,"F356W",3.563
3.844253443,0.586010728167486,"F356W",3.563
3.845604674,0.586189038813919,"F356W",3.563
3.846955906,0.586350973334206,"F356W",3.563
3.848307137,0.586452733571718,"F356W",3.563
3.849658369,0.586578582701358,"F356W",3.563
3.8510096,0.586636206485772,"F356W",3.563
3.852360832,0.58671939827454,"F356W",3.563
3.853712063,0.58678075174121,"F356W",3.563
3.855063295,0.58677197170149,"F356W",3.563
3.856414526,0.586784864259948,"F356W",3.563
3.857765757,0.586770245251291,"F356W",3.563
3.859116989,0.586680699201133,"F356W",3.563
3.86046822,0.586606690781433,"F356W",3.563
3.861819452,0.586500523485069,"F356W",3.563
3.863170683,0.586317335656319,"F356W",3.563
3.864521915,0.586145340959111,"F356W",3.563
3.865873146,0.585940805588301,"F356W",3.563
3.867224377,0.585661315680841,"F356W",3.563
3.868575609,0.58539228702624,"F356W",3.563
3.86992684,0.585094134961546,"F356W",3.563
3.871278072,0.584727314059488,"F356W",3.563
3.872629303,0.584369713631178,"F356W",3.563
3.873980535,0.583982306283709,"F356W",3.563
3.875331766,0.583527649855578,"F356W",3.563
3.876682998,0.583076674256202,"F356W",3.563
3.878034229,0.582566669205034,"F356W",3.563
3.87938546,0.582058033210059,"F356W",3.563
3.880736692,0.581522429989456,"F356W",3.563
3.882087923,0.580936518192498,"F356W",3.563
3.883439155,0.580353773428016,"F356W",3.563
3.884790386,0.579751458727355,"F356W",3.563
3.886141618,0.579112902022753,"F356W",3.563
3.887492849,0.578480185466618,"F356W",3.563
3.888844081,0.5778320804568,"F356W",3.563
3.890195312,0.577156268733052,"F356W",3.563
3.891546543,0.57648348612944,"F356W",3.563
3.892897775,0.575797958669093,"F356W",3.563
3.894249006,0.575093549626386,"F356W",3.563
3.895600238,0.574390264409709,"F356W",3.563
3.896951469,0.573676747239245,"F356W",3.563
3.898302701,0.572952524338203,"F356W",3.563
3.899653932,0.572228144146105,"F356W",3.563
3.901005163,0.571497407475802,"F356W",3.563
3.902356395,0.570765416692854,"F356W",3.563
3.903707626,0.570028765606299,"F356W",3.563
3.905058858,0.569288651238864,"F356W",3.563
3.906410089,0.568538031718043,"F356W",3.563
3.907761321,0.567778806551718,"F356W",3.563
3.909112552,0.567015123003646,"F356W",3.563
3.910463784,0.566227231539386,"F356W",3.563
3.911815015,0.565420946180034,"F356W",3.563
3.913166246,0.564604631403364,"F356W",3.563
3.914517478,0.563747115678896,"F356W",3.563
3.915868709,0.562857854969505,"F356W",3.563
3.917219941,0.561949002370764,"F356W",3.563
3.918571172,0.560976348891539,"F356W",3.563
3.919922404,0.559952437730665,"F356W",3.563
3.921273635,0.558890635726758,"F356W",3.563
3.922624866,0.557732558176687,"F356W",3.563
3.923976098,0.556493467122163,"F356W",3.563
3.925327329,0.555188578215357,"F356W",3.563
3.926678561,0.553750676115382,"F356W",3.563
3.928029792,0.552226107002338,"F356W",3.563
3.929381024,0.550537634141397,"F356W",3.563
3.930732255,0.548700468066896,"F356W",3.563
3.932083487,0.546735652914184,"F356W",3.563
3.933434718,0.544561031704544,"F356W",3.563
3.934785949,0.542192795253779,"F356W",3.563
3.936137181,0.539652957971333,"F356W",3.563
3.937488412,0.536854476794567,"F356W",3.563
3.938839644,0.53381519496697,"F356W",3.563
3.940190875,0.530560805306785,"F356W",3.563
3.941542107,0.52700152704173,"F356W",3.563
3.942893338,0.523152334144197,"F356W",3.563
3.944244569,0.519039111238894,"F356W",3.563
3.945595801,0.51457184368696,"F356W",3.563
3.946947032,0.509776331569304,"F356W",3.563
3.948298264,0.504682191240241,"F356W",3.563
3.949649495,0.499204327732245,"F356W",3.563
3.951000727,0.49341397574404,"F356W",3.563
3.952351958,0.487227266313044,"F356W",3.563
3.95370319,0.480689952856096,"F356W",3.563
3.955054421,0.473838015968841,"F356W",3.563
3.956405652,0.466591678255688,"F356W",3.563
3.957756884,0.458996814849329,"F356W",3.563
3.959108115,0.451097965137937,"F356W",3.563
3.960459347,0.442830461324812,"F356W",3.563
3.961810578,0.434245933416189,"F356W",3.563
3.96316181,0.425396109289563,"F356W",3.563
3.964513041,0.416227452502832,"F356W",3.563
3.965864273,0.406799014260263,"F356W",3.563
3.967215504,0.397169309085563,"F356W",3.563
3.968566735,0.387288782613962,"F356W",3.563
3.969917967,0.377216841175633,"F356W",3.563
3.971269198,0.367010462387106,"F356W",3.563
3.97262043,0.35663622694091,"F356W",3.563
3.973971661,0.346152333784256,"F356W",3.563
3.975322893,0.335614108734198,"F356W",3.563
3.976674124,0.324995532082817,"F356W",3.563
3.978025355,0.31437850184002,"F356W",3.563
3.979376587,0.303744532112416,"F356W",3.563
3.980727818,0.293141923444568,"F356W",3.563
3.98207905,0.282617835050327,"F356W",3.563
3.983430281,0.272153676382751,"F356W",3.563
3.984781513,0.261796126280422,"F356W",3.563
3.986132744,0.251586189043224,"F356W",3.563
3.987483976,0.24150589076224,"F356W",3.563
3.988835207,0.231594792023662,"F356W",3.563
3.990186438,0.221888898062273,"F356W",3.563
3.99153767,0.21237098926738,"F356W",3.563
3.992888901,0.203072766138302,"F356W",3.563
3.994240133,0.194020037473801,"F356W",3.563
3.995591364,0.185194944017603,"F356W",3.563
3.996942596,0.176621661659531,"F356W",3.563
3.998293827,0.168319354564231,"F356W",3.563
3.999645058,0.160268768497265,"F356W",3.563
4.00099629,0.152487715137687,"F356W",3.563
4.002347521,0.144982347859449,"F356W",3.563
4.003698753,0.137746545073579,"F356W",3.563
4.005049984,0.130791877201249,"F356W",3.563
4.006401216,0.124106049217606,"F356W",3.563
4.007752447,0.117691878827377,"F356W",3.563
4.009103679,0.111551066542043,"F356W",3.563
4.01045491,0.105671370516502,"F356W",3.563
4.011806141,0.100051583755608,"F356W",3.563
4.013157373,0.0946903973210874,"F356W",3.563
4.014508604,0.0895746457279986,"F356W",3.563
4.015859836,0.0847014484460958,"F356W",3.563
4.017211067,0.0800669675635181,"F356W",3.563
4.018562299,0.0756571434909807,"F356W",3.563
4.01991353,0.071467692156421,"F356W",3.563
4.021264761,0.067492842284784,"F356W",3.563
4.022615993,0.0637195595945012,"F356W",3.563
4.023967224,0.060144105963425,"F356W",3.563
4.025318456,0.0567597780542502,"F356W",3.563
4.026669687,0.0535533069488389,"F356W",3.563
4.028020919,0.0505225744026257,"F356W",3.563
4.02937215,0.0476549314007516,"F356W",3.563
4.030723382,0.044944804321933,"F356W",3.563
4.032074613,0.0423874729450368,"F356W",3.563
4.033425844,0.0399703360668518,"F356W",3.563
4.034777076,0.0376877802975326,"F356W",3.563
4.036128307,0.0355363348652222,"F356W",3.563
4.037479539,0.0335059873536287,"F356W",3.563
4.03883077,0.0315919904450457,"F356W",3.563
4.040182002,0.0297892219288687,"F356W",3.563
4.041533233,0.0280887325517632,"F356W",3.563
4.042884465,0.0264863442416906,"F356W",3.563
4.044235696,0.0249786169775476,"F356W",3.563
4.045586927,0.0235580530715785,"F356W",3.563
4.046938159,0.0222208825827241,"F356W",3.563
4.04828939,0.0209628516083514,"F356W",3.563
4.049640622,0.0197761800197744,"F356W",3.563
4.050991853,0.0186595263613325,"F356W",3.563
4.052343085,0.0176095824769928,"F356W",3.563
4.053694316,0.0166199479326169,"F356W",3.563
4.055045547,0.0156905403839336,"F356W",3.563
4.056396779,0.0148147366890245,"F356W",3.563
4.05774801,0.013989937079245,"F356W",3.563
4.059099242,0.0132144561980045,"F356W",3.563
4.060450473,0.0124836906631804,"F356W",3.563
4.061801705,0.0117950675678142,"F356W",3.563
4.063152936,0.0111476805064604,"F356W",3.563
4.064504168,0.0105371753240047,"F356W",3.563
4.065855399,0.0099620411089413,"F356W",3.563
4.06720663,0.00942085851106111,"F356W",3.563
4.068557862,0.00891051161825216,"F356W",3.563
4.069909093,0.00843045208626119,"F356W",3.563
4.071260325,0.00797862730412102,"F356W",3.563
4.072611556,0.00755203624395785,"F356W",3.563
4.073962788,0.00715030221437763,"F356W",3.563
4.075314019,0.00677277906898245,"F356W",3.563
4.07666525,0.00641645781754523,"F356W",3.563
4.078016482,0.00608235132327791,"F356W",3.563
4.079367713,0.00576655706689828,"F356W",3.563
4.080718945,0.00546807381032275,"F356W",3.563
4.082070176,0.00518731008209225,"F356W",3.563
4.083421408,0.00492212348281951,"F356W",3.563
4.084772639,0.00467166976838925,"F356W",3.563
4.086123871,0.00443505935041145,"F356W",3.563
4.087475102,0.00421063564576958,"F356W",3.563
4.088826333,0.00399779157562998,"F356W",3.563
4.090177565,0.00379708710450586,"F356W",3.563
4.091528796,0.00360746985769532,"F356W",3.563
4.092880028,0.00342901955726699,"F356W",3.563
4.094231259,0.00326082387611295,"F356W",3.563
4.095582491,0.00310168284308001,"F356W",3.563
4.096933722,0.0029518982336509,"F356W",3.563
4.098284953,0.00281055411252441,"F356W",3.563
4.099636185,0.00267620955169528,"F356W",3.563
4.100987416,0.00254927490561286,"F356W",3.563
4.102338648,0.00242978162519091,"F356W",3.563
4.103689879,0.00231565459941239,"F356W",3.563
4.105041111,0.00220792405890017,"F356W",3.563
4.106392342,0.00210552856708403,"F356W",3.563
4.107743574,0.00200830529097616,"F356W",3.563
4.109094805,0.00191629699343936,"F356W",3.563
4.110446036,0.00182958771965785,"F356W",3.563
4.111797268,0.00174773376269639,"F356W",3.563
4.113148499,0.00166994010578285,"F356W",3.563
4.114499731,0.00159590953986549,"F356W",3.563
4.115850962,0.00152570241413551,"F356W",3.563
4.117202194,0.00145907057204802,"F356W",3.563
4.118553425,0.00139529240286527,"F356W",3.563
4.119904657,0.00133532921046416,"F356W",3.563
4.121255888,0.00127829314633756,"F356W",3.563
4.122607119,0.00122338686617769,"F356W",3.563
4.123958351,0.00117107641642015,"F356W",3.563
4.125309582,0.00112195116211515,"F356W",3.563
4.126660814,0.00107478220778842,"F356W",3.563
4.128012045,0.00102980342990877,"F356W",3.563
4.129363277,0.00098703687664247,"F356W",3.563
4.130714508,0.000946276482511821,"F356W",3.563
4.132065739,0.000907668876049156,"F356W",3.563
4.133416971,0.000871339828804401,"F356W",3.563
4.134768202,0.000837312530222326,"F356W",3.563
4.136119434,0.000804586577545814,"F356W",3.563
4.137470665,0.00077321253541329,"F356W",3.563
4.138821897,0.000743693290150595,"F356W",3.563
4.140173128,0.000715743527937622,"F356W",3.563
4.14152436,0.000687831244884473,"F356W",3.563
4.142875591,0.000660602817835821,"F356W",3.563
4.144226822,0.000634514051598339,"F356W",3.563
4.145578054,0.000609735971375892,"F356W",3.563
4.146929285,0.000586478031981834,"F356W",3.563
4.148280517,0.0005649737416611,"F356W",3.563
4.149631748,0.000544408070835664,"F356W",3.563
4.15098298,0.000524572113052674,"F356W",3.563
4.152334211,0.000506479810429383,"F356W",3.563
4.153685442,0.000489717391011257,"F356W",3.563
4.155036674,0.000473101951596515,"F356W",3.563
4.156387905,0.000455914250314165,"F356W",3.563
4.157739137,0.00043934425935901,"F356W",3.563
4.159090368,0.000423648475351299,"F356W",3.563
4.1604416,0.000408703367499875,"F356W",3.563
4.161792831,0.000394246963584124,"F356W",3.563
4.163144063,0.000380706897381169,"F356W",3.563
4.164495294,0.00036741119818375,"F356W",3.563
4.165846525,0.000354919832649358,"F356W",3.563
4.167197757,0.000343708313460524,"F356W",3.563
4.168548988,0.000333464924212158,"F356W",3.563
4.16990022,0.000323310690581071,"F356W",3.563
4.171251451,0.000313369735376842,"F356W",3.563
4.172602683,0.000304116317933012,"F356W",3.563
4.173953914,0.000295021040944071,"F356W",3.563
4.175305146,0.000285882128679996,"F356W",3.563
4.176656377,0.00027737208298098,"F356W",3.563
4.178007608,0.000269720033662701,"F356W",3.563
4.17935884,0.000261966886929728,"F356W",3.563
4.180710071,0.0002541753620939,"F356W",3.563
4.182061303,0.000246560130954672,"F356W",3.563
4.183412534,0.000239333305091351,"F356W",3.563
4.184763766,0.000232283862017851,"F356W",3.563
4.186114997,0.000226004456041215,"F356W",3.563
4.187466228,0.000220104126249113,"F356W",3.563
4.18881746,0.000214143556055572,"F356W",3.563
4.190168691,0.000207906109583629,"F356W",3.563
4.191519923,0.000202258036631014,"F356W",3.563
4.192871154,0.000197181571212163,"F356W",3.563
4.194222386,0.000192163567799847,"F356W",3.563
4.195573617,0.000187074815334716,"F356W",3.563
4.196924849,0.000182430864780974,"F356W",3.563
4.19827608,0.000177795905923319,"F356W",3.563
4.199627311,0.000172979785474634,"F356W",3.563
4.200978543,0.000168432130108285,"F356W",3.563
4.202329774,0.000164316427658102,"F356W",3.563
4.203681006,0.000160282719044512,"F356W",3.563
4.205032237,0.000156428577440408,"F356W",3.563
4.206383469,0.000153263841997774,"F356W",3.563
4.2077347,0.000150435318742303,"F356W",3.563
4.209085931,0.000147676529592308,"F356W",3.563
4.210437163,0.000145263376320512,"F356W",3.563
4.211788394,0.000143551418113679,"F356W",3.563
4.213139626,0.000141867333808585,"F356W",3.563
4.214490857,0.0001398160401174,"F356W",3.563
4.215842089,0.000137415822927704,"F356W",3.563
4.21719332,0.000135134828241125,"F356W",3.563
4.218544552,0.00013272448331219,"F356W",3.563
4.219895783,0.000130503671841229,"F356W",3.563
4.221247014,0.000128436524914111,"F356W",3.563
4.222598246,0.000126206883046504,"F356W",3.563
4.223949477,0.000123447794895975,"F356W",3.563
4.225300709,0.000120744550700159,"F356W",3.563
4.22665194,0.000118415958324859,"F356W",3.563
4.228003172,0.000116193564550258,"F356W",3.563
4.229354403,0.000114131632004761,"F356W",3.563
4.230705634,0.000112494342720445,"F356W",3.563
4.232056866,0.000111171868718966,"F356W",3.563
4.233408097,0.000109584943045601,"F356W",3.563
4.234759329,0.000107883876444611,"F356W",3.563
4.23611056,0.000106679174397219,"F356W",3.563
4.237461792,0.000105595231424397,"F356W",3.563
4.238813023,0.000103769319691874,"F356W",3.563
4.240164255,0.000100869943487947,"F356W",3.563
4.241515486,9.78459469178368e-05,"F356W",3.563
4.242866717,9.49462900999221e-05,"F356W",3.563
4.244217949,9.2751667316714e-05,"F356W",3.563
4.24556918,9.1446179052497e-05,"F356W",3.563
4.246920412,9.05501941000115e-05,"F356W",3.563
4.248271643,8.94839465949252e-05,"F356W",3.563
4.249622875,8.85216433010269e-05,"F356W",3.563
4.250974106,8.80211417269385e-05,"F356W",3.563
4.252325338,8.7399681492091e-05,"F356W",3.563
4.253676569,8.59943525626806e-05,"F356W",3.563
4.2550278,8.39012853995605e-05,"F356W",3.563
4.256379032,8.14517756449258e-05,"F356W",3.563
4.257730263,7.8813175834224e-05,"F356W",3.563
4.259081495,7.61001769577324e-05,"F356W",3.563
4.260432726,7.38971309154479e-05,"F356W",3.563
4.261783958,7.23688965791406e-05,"F356W",3.563
4.263135189,7.12073900564409e-05,"F356W",3.563
4.26448642,7.02893982118054e-05,"F356W",3.563
4.265837652,6.99109548397609e-05,"F356W",3.563
4.267188883,6.98536034276467e-05,"F356W",3.563
4.268540115,0,"F356W",3.563
4.269891347,0,"F356W",3.563
NA,NA,"F356W",3.563
3.696969215,0,"F410M",4.082
3.698320447,0,"F410M",4.082
3.699671679,0.000245192822239341,"F410M",4.082
3.701022911,0.000257360235205132,"F410M",4.082
3.702374142,0.000272547688189369,"F410M",4.082
3.703725373,0.000285347351852268,"F410M",4.082
3.705076605,0.00030133912965146,"F410M",4.082
3.706427836,0.000319916795941406,"F410M",4.082
3.707779068,0.00033685788066429,"F410M",4.082
3.709130299,0.000355357155554384,"F410M",4.082
3.710481531,0.000371626046585378,"F410M",4.082
3.711832762,0.00038843934329088,"F410M",4.082
3.713183993,0.000411620575928729,"F410M",4.082
3.714535225,0.000432998530958648,"F410M",4.082
3.715886456,0.000454086822936595,"F410M",4.082
3.717237688,0.000479439893304706,"F410M",4.082
3.718588919,0.000501619693369723,"F410M",4.082
3.719940151,0.000525704863943456,"F410M",4.082
3.721291382,0.000556761367748244,"F410M",4.082
3.722642614,0.000588716940146516,"F410M",4.082
3.723993845,0.000623531106220265,"F410M",4.082
3.725345076,0.000659606737532212,"F410M",4.082
3.726696308,0.000695728977163246,"F410M",4.082
3.728047539,0.000740754124353851,"F410M",4.082
3.729398771,0.000787139246943591,"F410M",4.082
3.730750002,0.00082853077452301,"F410M",4.082
3.732101234,0.000875411547277754,"F410M",4.082
3.733452465,0.000924964052683376,"F410M",4.082
3.734803696,0.00097625607168157,"F410M",4.082
3.736154928,0.00103680434571443,"F410M",4.082
3.737506159,0.00109801496264154,"F410M",4.082
3.738857391,0.00115961505098431,"F410M",4.082
3.740208622,0.00123015081753486,"F410M",4.082
3.741559854,0.00130242629739712,"F410M",4.082
3.742911085,0.00137789047329699,"F410M",4.082
3.744262317,0.00146140784774765,"F410M",4.082
3.745613548,0.00154463543577473,"F410M",4.082
3.746964779,0.0016319103529438,"F410M",4.082
3.748316011,0.00172855909144648,"F410M",4.082
3.749667242,0.00182996225594346,"F410M",4.082
3.751018474,0.00194259113244396,"F410M",4.082
3.752369705,0.0020639133029943,"F410M",4.082
3.753720937,0.00218532134962381,"F410M",4.082
3.755072168,0.00231596604633555,"F410M",4.082
3.7564234,0.00245613336198204,"F410M",4.082
3.757774631,0.00260030410132069,"F410M",4.082
3.759125862,0.00275829907148589,"F410M",4.082
3.760477094,0.00292832880679256,"F410M",4.082
3.761828325,0.00310395236597727,"F410M",4.082
3.763179557,0.00329266994379343,"F410M",4.082
3.764530788,0.00349218880645964,"F410M",4.082
3.76588202,0.00370144340907084,"F410M",4.082
3.767233251,0.00393025378595446,"F410M",4.082
3.768584482,0.00417232299961447,"F410M",4.082
3.769935714,0.00442351955796139,"F410M",4.082
3.771286945,0.00469460920601862,"F410M",4.082
3.772638177,0.00498245273877436,"F410M",4.082
3.773989408,0.00528566480743907,"F410M",4.082
3.77534064,0.00561487866864559,"F410M",4.082
3.776691871,0.00596451570381525,"F410M",4.082
3.778043103,0.00633084425528234,"F410M",4.082
3.779394334,0.00672348590150063,"F410M",4.082
3.780745565,0.00714112925790431,"F410M",4.082
3.782096797,0.00758370752952591,"F410M",4.082
3.783448028,0.008061365020713,"F410M",4.082
3.78479926,0.00857029772890172,"F410M",4.082
3.786150491,0.00910992124050805,"F410M",4.082
3.787501723,0.00968954455965691,"F410M",4.082
3.788852954,0.0103015533619535,"F410M",4.082
3.790204185,0.0109489241632851,"F410M",4.082
3.791555417,0.0116489668698969,"F410M",4.082
3.792906648,0.0123938261110002,"F410M",4.082
3.79425788,0.0131861324058755,"F410M",4.082
3.795609111,0.0140441343645352,"F410M",4.082
3.796960343,0.0149547301050254,"F410M",4.082
3.798311574,0.0159206520544477,"F410M",4.082
3.799662806,0.016964437466571,"F410M",4.082
3.801014037,0.0180734082266176,"F410M",4.082
3.802365268,0.0192554571675468,"F410M",4.082
3.8037165,0.020534182740207,"F410M",4.082
3.805067731,0.0218922835299668,"F410M",4.082
3.806418963,0.0233425673837085,"F410M",4.082
3.807770194,0.0249040476713045,"F410M",4.082
3.809121426,0.0265620750607395,"F410M",4.082
3.810472657,0.028332156702669,"F410M",4.082
3.811823889,0.0302341267427276,"F410M",4.082
3.81317512,0.0322609812597939,"F410M",4.082
3.814526351,0.0344285487552496,"F410M",4.082
3.815877583,0.0367514031916057,"F410M",4.082
3.817228814,0.0392236317601221,"F410M",4.082
3.818580046,0.0418617022424874,"F410M",4.082
3.819931277,0.0446832153698934,"F410M",4.082
3.821282509,0.0476873282859747,"F410M",4.082
3.82263374,0.0508915655951882,"F410M",4.082
3.823984971,0.0543150174066833,"F410M",4.082
3.825336203,0.0579530399965303,"F410M",4.082
3.826687434,0.0618173195046936,"F410M",4.082
3.828038666,0.0659243828684427,"F410M",4.082
3.829389897,0.0702799528797128,"F410M",4.082
3.830741129,0.0748864144611733,"F410M",4.082
3.83209236,0.0797677714703601,"F410M",4.082
3.833443592,0.0849252368701571,"F410M",4.082
3.834794823,0.0903540064860483,"F410M",4.082
3.836146054,0.0960776171511507,"F410M",4.082
3.837497286,0.102083811446491,"F410M",4.082
3.838848517,0.108372219713729,"F410M",4.082
3.840199749,0.114963753087089,"F410M",4.082
3.84155098,0.121843584372878,"F410M",4.082
3.842902212,0.128998217028238,"F410M",4.082
3.844253443,0.136434798946375,"F410M",4.082
3.845604674,0.144144965875494,"F410M",4.082
3.846955906,0.152103718904944,"F410M",4.082
3.848307137,0.160304633968364,"F410M",4.082
3.849658369,0.16874512281027,"F410M",4.082
3.8510096,0.177372427605174,"F410M",4.082
3.852360832,0.186215699482231,"F410M",4.082
3.853712063,0.195240322144774,"F410M",4.082
3.855063295,0.204385276870648,"F410M",4.082
3.856414526,0.213677568261918,"F410M",4.082
3.857765757,0.223082867361907,"F410M",4.082
3.859116989,0.232527334972317,"F410M",4.082
3.86046822,0.242053034439434,"F410M",4.082
3.861819452,0.251619316236054,"F410M",4.082
3.863170683,0.261137788005154,"F410M",4.082
3.864521915,0.270682511570859,"F410M",4.082
3.865873146,0.280213569682825,"F410M",4.082
3.867224377,0.289658944147321,"F410M",4.082
3.868575609,0.29907183151098,"F410M",4.082
3.86992684,0.308422303161718,"F410M",4.082
3.871278072,0.317653748574566,"F410M",4.082
3.872629303,0.32681249439022,"F410M",4.082
3.873980535,0.33588230412451,"F410M",4.082
3.875331766,0.344807060986906,"F410M",4.082
3.876682998,0.353618228434511,"F410M",4.082
3.878034229,0.362299165362263,"F410M",4.082
3.87938546,0.37084870128097,"F410M",4.082
3.880736692,0.379227276987092,"F410M",4.082
3.882087923,0.387456877737514,"F410M",4.082
3.883439155,0.395486062713897,"F410M",4.082
3.884790386,0.403312505508418,"F410M",4.082
3.886141618,0.410950276210082,"F410M",4.082
3.887492849,0.418378966548639,"F410M",4.082
3.888844081,0.425571307199398,"F410M",4.082
3.890195312,0.432542340835414,"F410M",4.082
3.891546543,0.439294688591437,"F410M",4.082
3.892897775,0.445788461000607,"F410M",4.082
3.894249006,0.452025025417661,"F410M",4.082
3.895600238,0.458015621103051,"F410M",4.082
3.896951469,0.46371258981228,"F410M",4.082
3.898302701,0.46912562007403,"F410M",4.082
3.899653932,0.47427281046551,"F410M",4.082
3.901005163,0.479069504740389,"F410M",4.082
3.902356395,0.483562923777942,"F410M",4.082
3.903707626,0.487775481316171,"F410M",4.082
3.905058858,0.491682781895455,"F410M",4.082
3.906410089,0.495308314810091,"F410M",4.082
3.907761321,0.49867575711462,"F410M",4.082
3.909112552,0.501782758003977,"F410M",4.082
3.910463784,0.504619349471887,"F410M",4.082
3.911815015,0.507217980430187,"F410M",4.082
3.913166246,0.509588857039059,"F410M",4.082
3.914517478,0.511700447519214,"F410M",4.082
3.915868709,0.513608430527875,"F410M",4.082
3.917219941,0.515316630056872,"F410M",4.082
3.918571172,0.516791866522601,"F410M",4.082
3.919922404,0.518106185626133,"F410M",4.082
3.921273635,0.519281765806935,"F410M",4.082
3.922624866,0.520283161377748,"F410M",4.082
3.923976098,0.521168110267462,"F410M",4.082
3.925327329,0.521977678660909,"F410M",4.082
3.926678561,0.522656867821198,"F410M",4.082
3.928029792,0.523275436104943,"F410M",4.082
3.929381024,0.523797302596474,"F410M",4.082
3.930732255,0.524232090884974,"F410M",4.082
3.932083487,0.524623274767119,"F410M",4.082
3.933434718,0.524943222546315,"F410M",4.082
3.934785949,0.525203018347205,"F410M",4.082
3.936137181,0.525450562890403,"F410M",4.082
3.937488412,0.525640999800601,"F410M",4.082
3.938839644,0.525808771593858,"F410M",4.082
3.940190875,0.525997693108007,"F410M",4.082
3.941542107,0.526150585678004,"F410M",4.082
3.942893338,0.526307339729321,"F410M",4.082
3.944244569,0.526493265994294,"F410M",4.082
3.945595801,0.526647127283856,"F410M",4.082
3.946947032,0.526805792345462,"F410M",4.082
3.948298264,0.526989118573053,"F410M",4.082
3.949649495,0.527136761737588,"F410M",4.082
3.951000727,0.527330173542497,"F410M",4.082
3.952351958,0.527478194266916,"F410M",4.082
3.95370319,0.527629918128483,"F410M",4.082
3.955054421,0.527839640694547,"F410M",4.082
3.956405652,0.528017024084559,"F410M",4.082
3.957756884,0.528200067729391,"F410M",4.082
3.959108115,0.528457586329533,"F410M",4.082
3.960459347,0.528685604894106,"F410M",4.082
3.961810578,0.528911800811718,"F410M",4.082
3.96316181,0.529187781083661,"F410M",4.082
3.964513041,0.52941697160321,"F410M",4.082
3.965864273,0.529636059004796,"F410M",4.082
3.967215504,0.529894270760066,"F410M",4.082
3.968566735,0.530106456555264,"F410M",4.082
3.969917967,0.530303377231072,"F410M",4.082
3.971269198,0.530539812570419,"F410M",4.082
3.97262043,0.530751668955347,"F410M",4.082
3.973971661,0.530963060673612,"F410M",4.082
3.975322893,0.531220766224849,"F410M",4.082
3.976674124,0.531441501870345,"F410M",4.082
3.978025355,0.531697785072154,"F410M",4.082
3.979376587,0.53189920148611,"F410M",4.082
3.980727818,0.532092413783919,"F410M",4.082
3.98207905,0.532315038788849,"F410M",4.082
3.983430281,0.532465997599524,"F410M",4.082
3.984781513,0.532607405699223,"F410M",4.082
3.986132744,0.532782331105725,"F410M",4.082
3.987483976,0.532903169917333,"F410M",4.082
3.988835207,0.533019901861668,"F410M",4.082
3.990186438,0.533176447575595,"F410M",4.082
3.99153767,0.533289563869841,"F410M",4.082
3.992888901,0.53339846414361,"F410M",4.082
3.994240133,0.533553905864541,"F410M",4.082
3.995591364,0.533659815319028,"F410M",4.082
3.996942596,0.533745348055492,"F410M",4.082
3.998293827,0.533860161773522,"F410M",4.082
3.999645058,0.533922334278661,"F410M",4.082
4.00099629,0.533967901804883,"F410M",4.082
4.002347521,0.534008881431237,"F410M",4.082
4.003698753,0.534027349997578,"F410M",4.082
4.005049984,0.534062345197898,"F410M",4.082
4.006401216,0.53408319231737,"F410M",4.082
4.007752447,0.53411626546126,"F410M",4.082
4.009103679,0.534167761926312,"F410M",4.082
4.01045491,0.534195906991544,"F410M",4.082
4.011806141,0.534225946176486,"F410M",4.082
4.013157373,0.534273763311142,"F410M",4.082
4.014508604,0.534283387541184,"F410M",4.082
4.015859836,0.534283340358118,"F410M",4.082
4.017211067,0.534300785223929,"F410M",4.082
4.018562299,0.534287082815822,"F410M",4.082
4.01991353,0.53427704355778,"F410M",4.082
4.021264761,0.534297241394329,"F410M",4.082
4.022615993,0.534296921701435,"F410M",4.082
4.023967224,0.534300387354966,"F410M",4.082
4.025318456,0.534345856167004,"F410M",4.082
4.026669687,0.534379211554226,"F410M",4.082
4.028020919,0.534429956649125,"F410M",4.082
4.02937215,0.534453791422728,"F410M",4.082
4.030723382,0.534474676110394,"F410M",4.082
4.032074613,0.534517223075545,"F410M",4.082
4.033425844,0.534526461825986,"F410M",4.082
4.034777076,0.534534987438509,"F410M",4.082
4.036128307,0.534566675443155,"F410M",4.082
4.037479539,0.534570528307494,"F410M",4.082
4.03883077,0.534589680355919,"F410M",4.082
4.040182002,0.534650217803971,"F410M",4.082
4.041533233,0.534684199371432,"F410M",4.082
4.042884465,0.534724767516241,"F410M",4.082
4.044235696,0.534808875455048,"F410M",4.082
4.045586927,0.534855023107924,"F410M",4.082
4.046938159,0.534900424895725,"F410M",4.082
4.04828939,0.534981274764163,"F410M",4.082
4.049640622,0.535016369893151,"F410M",4.082
4.050991853,0.535051082537051,"F410M",4.082
4.052343085,0.535132123830923,"F410M",4.082
4.053694316,0.535169466571262,"F410M",4.082
4.055045547,0.535237690741682,"F410M",4.082
4.056396779,0.535273537034504,"F410M",4.082
4.05774801,0.535325576956317,"F410M",4.082
4.059099242,0.535436573048214,"F410M",4.082
4.060450473,0.535506050462964,"F410M",4.082
4.061801705,0.535580451430766,"F410M",4.082
4.063152936,0.535704463874004,"F410M",4.082
4.064504168,0.535763554172475,"F410M",4.082
4.065855399,0.535823033917368,"F410M",4.082
4.06720663,0.535935165446202,"F410M",4.082
4.068557862,0.535984480938081,"F410M",4.082
4.069909093,0.5360307537569,"F410M",4.082
4.071260325,0.536141574895975,"F410M",4.082
4.072611556,0.536187793712486,"F410M",4.082
4.073962788,0.536234854019921,"F410M",4.082
4.075314019,0.53635831711982,"F410M",4.082
4.07666525,0.536422233821029,"F410M",4.082
4.078016482,0.536554985832636,"F410M",4.082
4.079367713,0.536621561063858,"F410M",4.082
4.080718945,0.536689904807591,"F410M",4.082
4.082070176,0.536811630715108,"F410M",4.082
4.083421408,0.536852471198241,"F410M",4.082
4.084772639,0.536887256716415,"F410M",4.082
4.086123871,0.536985731100488,"F410M",4.082
4.087475102,0.53700133386832,"F410M",4.082
4.088826333,0.537014415989921,"F410M",4.082
4.090177565,0.537106865166361,"F410M",4.082
4.091528796,0.537120389313253,"F410M",4.082
4.092880028,0.537140814198807,"F410M",4.082
4.094231259,0.537245489007381,"F410M",4.082
4.095582491,0.537270307104376,"F410M",4.082
4.096933722,0.53728855743604,"F410M",4.082
4.098284953,0.537388729084401,"F410M",4.082
4.099636185,0.537398360688582,"F410M",4.082
4.100987416,0.537392471123223,"F410M",4.082
4.102338648,0.537464026316133,"F410M",4.082
4.103689879,0.53744599069923,"F410M",4.082
4.105041111,0.537501289810639,"F410M",4.082
4.106392342,0.537458394455957,"F410M",4.082
4.107743574,0.537423515168633,"F410M",4.082
4.109094805,0.537479627379292,"F410M",4.082
4.110446036,0.53745180835122,"F410M",4.082
4.111797268,0.537429259310366,"F410M",4.082
4.113148499,0.537503489545265,"F410M",4.082
4.114499731,0.537485458892779,"F410M",4.082
4.115850962,0.537459709259594,"F410M",4.082
4.117202194,0.537518848426609,"F410M",4.082
4.118553425,0.537483790073899,"F410M",4.082
4.119904657,0.537440560576509,"F410M",4.082
4.121255888,0.537479453293401,"F410M",4.082
4.122607119,0.537430290183838,"F410M",4.082
4.123958351,0.537383290196815,"F410M",4.082
4.125309582,0.537434299864473,"F410M",4.082
4.126660814,0.537411019989453,"F410M",4.082
4.128012045,0.537486189074156,"F410M",4.082
4.129363277,0.537481795546788,"F410M",4.082
4.130714508,0.537493681445032,"F410M",4.082
4.132065739,0.537603492254454,"F410M",4.082
4.133416971,0.537633630057102,"F410M",4.082
4.134768202,0.53766648356222,"F410M",4.082
4.136119434,0.537785204972066,"F410M",4.082
4.137470665,0.537820685424594,"F410M",4.082
4.138821897,0.537857001708658,"F410M",4.082
4.140173128,0.537982164632437,"F410M",4.082
4.14152436,0.538035727553832,"F410M",4.082
4.142875591,0.538100615621695,"F410M",4.082
4.144226822,0.538261540750644,"F410M",4.082
4.145578054,0.538373934048954,"F410M",4.082
4.146929285,0.5385040023225,"F410M",4.082
4.148280517,0.538722302113338,"F410M",4.082
4.149631748,0.538876061336303,"F410M",4.082
4.15098298,0.53903779153497,"F410M",4.082
4.152334211,0.539274872682683,"F410M",4.082
4.153685442,0.539450804165417,"F410M",4.082
4.155036674,0.539700936809087,"F410M",4.082
4.156387905,0.53988281113024,"F410M",4.082
4.157739137,0.540062532124532,"F410M",4.082
4.159090368,0.540318024360666,"F410M",4.082
4.1604416,0.540522951882355,"F410M",4.082
4.161792831,0.540733248246964,"F410M",4.082
4.163144063,0.541009598455646,"F410M",4.082
4.164495294,0.54123587427288,"F410M",4.082
4.165846525,0.541471644101733,"F410M",4.082
4.167197757,0.54176347380623,"F410M",4.082
4.168548988,0.541997467489489,"F410M",4.082
4.16990022,0.542224453858669,"F410M",4.082
4.171251451,0.542481738130117,"F410M",4.082
4.172602683,0.542672539375658,"F410M",4.082
4.173953914,0.542851637845067,"F410M",4.082
4.175305146,0.543055573629499,"F410M",4.082
4.176656377,0.54320317819388,"F410M",4.082
4.178007608,0.54337579978185,"F410M",4.082
4.17935884,0.543506751291663,"F410M",4.082
4.180710071,0.543620469975083,"F410M",4.082
4.182061303,0.543753507457088,"F410M",4.082
4.183412534,0.543844427012665,"F410M",4.082
4.184763766,0.543924246322884,"F410M",4.082
4.186114997,0.544011069060826,"F410M",4.082
4.187466228,0.544039812495909,"F410M",4.082
4.18881746,0.54404078527672,"F410M",4.082
4.190168691,0.544032054036906,"F410M",4.082
4.191519923,0.543968099519882,"F410M",4.082
4.192871154,0.543880989337691,"F410M",4.082
4.194222386,0.543784974448576,"F410M",4.082
4.195573617,0.543645428612478,"F410M",4.082
4.196924849,0.543489657839638,"F410M",4.082
4.19827608,0.543337514411713,"F410M",4.082
4.199627311,0.543156747652781,"F410M",4.082
4.200978543,0.542951932506328,"F410M",4.082
4.202329774,0.542748061088907,"F410M",4.082
4.203681006,0.542519611747134,"F410M",4.082
4.205032237,0.542281518120081,"F410M",4.082
4.206383469,0.542014047946174,"F410M",4.082
4.2077347,0.541736876478047,"F410M",4.082
4.209085931,0.541443356273515,"F410M",4.082
4.210437163,0.541122622813274,"F410M",4.082
4.211788394,0.540783449843126,"F410M",4.082
4.213139626,0.540445545422003,"F410M",4.082
4.214490857,0.540099593427718,"F410M",4.082
4.215842089,0.539750854811144,"F410M",4.082
4.21719332,0.539404122518305,"F410M",4.082
4.218544552,0.539065435674455,"F410M",4.082
4.219895783,0.538719730091415,"F410M",4.082
4.221247014,0.538371998805811,"F410M",4.082
4.222598246,0.53802888981694,"F410M",4.082
4.223949477,0.537684089440722,"F410M",4.082
4.225300709,0.537318135659569,"F410M",4.082
4.22665194,0.536938356290689,"F410M",4.082
4.228003172,0.536531560476297,"F410M",4.082
4.229354403,0.536100920192073,"F410M",4.082
4.230705634,0.535640371913533,"F410M",4.082
4.232056866,0.53516133323637,"F410M",4.082
4.233408097,0.534668064127565,"F410M",4.082
4.234759329,0.534135268527251,"F410M",4.082
4.23611056,0.533557659499744,"F410M",4.082
4.237461792,0.532956466404751,"F410M",4.082
4.238813023,0.532308367352592,"F410M",4.082
4.240164255,0.531597609631532,"F410M",4.082
4.241515486,0.530837172073028,"F410M",4.082
4.242866717,0.53001564568472,"F410M",4.082
4.244217949,0.529089153199615,"F410M",4.082
4.24556918,0.528025636451207,"F410M",4.082
4.246920412,0.526841520381702,"F410M",4.082
4.248271643,0.52552346727333,"F410M",4.082
4.249622875,0.524065688988192,"F410M",4.082
4.250974106,0.522390546626141,"F410M",4.082
4.252325338,0.520557278264742,"F410M",4.082
4.253676569,0.518548062327101,"F410M",4.082
4.2550278,0.516340908198057,"F410M",4.082
4.256379032,0.513885083981942,"F410M",4.082
4.257730263,0.511190016849001,"F410M",4.082
4.259081495,0.508256371068397,"F410M",4.082
4.260432726,0.505068979721705,"F410M",4.082
4.261783958,0.501598337461952,"F410M",4.082
4.263135189,0.497755644020173,"F410M",4.082
4.26448642,0.493602499670283,"F410M",4.082
4.265837652,0.489142314167737,"F410M",4.082
4.267188883,0.484383821881019,"F410M",4.082
4.268540115,0.479205946502071,"F410M",4.082
4.269891346,0.473669687721741,"F410M",4.082
4.271242578,0.467827187013789,"F410M",4.082
4.272593809,0.461678989903454,"F410M",4.082
4.273945041,0.455156809111139,"F410M",4.082
4.275296272,0.448242035904647,"F410M",4.082
4.276647503,0.441037561152119,"F410M",4.082
4.277998735,0.433560864197841,"F410M",4.082
4.279349966,0.42578616703025,"F410M",4.082
4.280701198,0.417574855085774,"F410M",4.082
4.282052429,0.40914619208005,"F410M",4.082
4.283403661,0.400497205867376,"F410M",4.082
4.284754892,0.391650890527096,"F410M",4.082
4.286106123,0.382439928052331,"F410M",4.082
4.287457355,0.373080704025359,"F410M",4.082
4.288808586,0.363606453198589,"F410M",4.082
4.290159818,0.354046812206165,"F410M",4.082
4.291511049,0.344268331459525,"F410M",4.082
4.292862281,0.334439009764824,"F410M",4.082
4.294213512,0.324616902783214,"F410M",4.082
4.295564744,0.314790695989537,"F410M",4.082
4.296915975,0.304905493527111,"F410M",4.082
4.298267206,0.295062527489891,"F410M",4.082
4.299618438,0.285289235859279,"F410M",4.082
4.300969669,0.27561002824579,"F410M",4.082
4.302320901,0.266003037240942,"F410M",4.082
4.303672132,0.256498998461154,"F410M",4.082
4.305023364,0.247169053993026,"F410M",4.082
4.306374595,0.237997204391741,"F410M",4.082
4.307725826,0.228980157021151,"F410M",4.082
4.309077058,0.220159790847952,"F410M",4.082
4.310428289,0.211540409614834,"F410M",4.082
4.311779521,0.203136428137372,"F410M",4.082
4.313130752,0.194949092701738,"F410M",4.082
4.314481984,0.18697005139281,"F410M",4.082
4.315833215,0.17921841951008,"F410M",4.082
4.317184447,0.171702896704747,"F410M",4.082
4.318535678,0.164396279152714,"F410M",4.082
4.319886909,0.157314342773009,"F410M",4.082
4.321238141,0.150467000871192,"F410M",4.082
4.322589372,0.143836179817441,"F410M",4.082
4.323940604,0.137426915450776,"F410M",4.082
4.325291835,0.131248821310834,"F410M",4.082
4.326643067,0.125281263403286,"F410M",4.082
4.327994298,0.119530501151769,"F410M",4.082
4.32934553,0.113999634156669,"F410M",4.082
4.330696761,0.108671264571392,"F410M",4.082
4.332047992,0.103548802378787,"F410M",4.082
4.333399224,0.098618555092638,"F410M",4.082
4.334750455,0.0938858988683225,"F410M",4.082
4.336101687,0.089348104287618,"F410M",4.082
4.337452918,0.0849838974961801,"F410M",4.082
4.33880415,0.0807963089042954,"F410M",4.082
4.340155381,0.0767903999048011,"F410M",4.082
4.341506612,0.0729469479658551,"F410M",4.082
4.342857844,0.0692614979185444,"F410M",4.082
4.344209075,0.0657357891437485,"F410M",4.082
4.345560307,0.0623688506654674,"F410M",4.082
4.346911538,0.0591552359936111,"F410M",4.082
4.34826277,0.0560870831760684,"F410M",4.082
4.349614001,0.0531524898222444,"F410M",4.082
4.350965233,0.0503610945762347,"F410M",4.082
4.352316464,0.0477013062171609,"F410M",4.082
4.353667695,0.0451635486871007,"F410M",4.082
4.355018927,0.0427448391087846,"F410M",4.082
4.356370158,0.0404506930711819,"F410M",4.082
4.35772139,0.0382651489303017,"F410M",4.082
4.359072621,0.036184568718644,"F410M",4.082
4.360423853,0.0342024166836888,"F410M",4.082
4.361775084,0.0323326490014135,"F410M",4.082
4.363126315,0.0305553927508874,"F410M",4.082
4.364477547,0.0288656498995592,"F410M",4.082
4.365828778,0.027258672723968,"F410M",4.082
4.36718001,0.0257489530565907,"F410M",4.082
4.368531241,0.0243156740582463,"F410M",4.082
4.369882473,0.0229548744146589,"F410M",4.082
4.371233704,0.0216633273648887,"F410M",4.082
4.372584936,0.0204516085329148,"F410M",4.082
4.373936167,0.01930315008756,"F410M",4.082
4.375287398,0.0182131000605785,"F410M",4.082
4.37663863,0.0171849482688031,"F410M",4.082
4.377989861,0.0162241836325342,"F410M",4.082
4.379341093,0.0153141023800156,"F410M",4.082
4.380692324,0.0144454611317276,"F410M",4.082
4.382043556,0.0136237200959112,"F410M",4.082
4.383394787,0.0128558308371061,"F410M",4.082
4.384746018,0.0121321825949745,"F410M",4.082
4.38609725,0.0114416133748228,"F410M",4.082
4.387448481,0.010794376749729,"F410M",4.082
4.388799713,0.01018887397899,"F410M",4.082
4.390150944,0.00961993347432338,"F410M",4.082
4.391502176,0.00907514242187949,"F410M",4.082
4.392853407,0.00856802006671168,"F410M",4.082
4.394204639,0.00809301372855457,"F410M",4.082
4.39555587,0.00764723499642657,"F410M",4.082
4.396907101,0.00721492226320362,"F410M",4.082
4.398258333,0.00681494752200642,"F410M",4.082
4.399609564,0.00644201666372825,"F410M",4.082
4.400960796,0.00609291843645481,"F410M",4.082
4.402312027,0.00575577813291153,"F410M",4.082
4.403663259,0.00544229839923284,"F410M",4.082
4.40501449,0.00515228789147414,"F410M",4.082
4.406365722,0.00487704662514065,"F410M",4.082
4.407716953,0.00460908843434837,"F410M",4.082
4.409068184,0.00435794438931616,"F410M",4.082
4.410419416,0.00412927168588543,"F410M",4.082
4.411770647,0.00391487679828192,"F410M",4.082
4.413121879,0.00370933274743076,"F410M",4.082
4.41447311,0.00351445603067733,"F410M",4.082
4.415824342,0.0033390607914227,"F410M",4.082
4.417175573,0.00316892190641224,"F410M",4.082
4.418526804,0.00300479708901266,"F410M",4.082
4.419878036,0.00284677065320641,"F410M",4.082
4.421229267,0.002709047397315,"F410M",4.082
4.422580499,0.00257489026991996,"F410M",4.082
4.42393173,0.00244472232643096,"F410M",4.082
4.425282962,0.0023189349553064,"F410M",4.082
4.426634193,0.00220723099756627,"F410M",4.082
4.427985425,0.00210036021537276,"F410M",4.082
4.429336656,0.00199531598033602,"F410M",4.082
4.430687887,0.00189659825897664,"F410M",4.082
4.432039119,0.00180781169552885,"F410M",4.082
4.43339035,0.00172487945127217,"F410M",4.082
4.434741582,0.00164014214410432,"F410M",4.082
4.436092813,0.00156237132748657,"F410M",4.082
4.437444045,0.00149119774055262,"F410M",4.082
4.438795276,0.00142669746102677,"F410M",4.082
4.440146507,0.00135714748932923,"F410M",4.082
4.441497739,0.00129394969852107,"F410M",4.082
4.44284897,0.00123622567661054,"F410M",4.082
4.444200202,0.00118287188404668,"F410M",4.082
4.445551433,0.00112431688966163,"F410M",4.082
4.446902665,0.0010696625961405,"F410M",4.082
4.448253896,0.00102336638111393,"F410M",4.082
4.449605128,0.000984358338556685,"F410M",4.082
4.450956359,0.000943537956404354,"F410M",4.082
4.45230759,0.000901907081661855,"F410M",4.082
4.453658822,0.000866636798574255,"F410M",4.082
4.455010053,0.000831178707078736,"F410M",4.082
4.456361285,0.00079466533716339,"F410M",4.082
4.457712516,0.000755158800002177,"F410M",4.082
4.459063748,0.000723914524994226,"F410M",4.082
4.460414979,0.000693720472816499,"F410M",4.082
4.461766211,0.000663286972866604,"F410M",4.082
4.463117442,0.000632346257597426,"F410M",4.082
4.464468673,0.000609276017801732,"F410M",4.082
4.465819905,0.000590223885305414,"F410M",4.082
4.467171136,0.000567274718596698,"F410M",4.082
4.468522368,0.000541116605948148,"F410M",4.082
4.469873599,0.000516793356985129,"F410M",4.082
4.471224831,0.000497157449645506,"F410M",4.082
4.472576062,0.000473018211821223,"F410M",4.082
4.473927293,0.000451292546879962,"F410M",4.082
4.475278525,0.000432831430716986,"F410M",4.082
4.476629756,0.000424842868499406,"F410M",4.082
4.477980988,0.000411629463973127,"F410M",4.082
4.479332219,0.000395336115099415,"F410M",4.082
4.480683451,0.000378822696183492,"F410M",4.082
4.482034682,0.000367093267397139,"F410M",4.082
4.483385914,0.000354422107769971,"F410M",4.082
4.484737145,0.000336910938797271,"F410M",4.082
4.486088376,0.000322839631154966,"F410M",4.082
4.487439608,0.000311781834810286,"F410M",4.082
4.488790839,0.000303554495401641,"F410M",4.082
4.490142071,0.000286995470590909,"F410M",4.082
4.491493302,0.000273043803030511,"F410M",4.082
4.492844534,0.000261408950831878,"F410M",4.082
4.494195765,0.00025314795861856,"F410M",4.082
4.495546996,0.000242265744458714,"F410M",4.082
4.496898228,0.000232489851280174,"F410M",4.082
4.498249459,0.000228199104398868,"F410M",4.082
4.499600691,0.000223123120736772,"F410M",4.082
4.500951922,0.000215650630683932,"F410M",4.082
4.502303154,0.000204697568384397,"F410M",4.082
4.503654385,0.000200962914625746,"F410M",4.082
4.505005617,0.000196522824599347,"F410M",4.082
4.506356848,0.000190377949445353,"F410M",4.082
4.507708079,0.000177891900302204,"F410M",4.082
4.509059311,0.000170367820521279,"F410M",4.082
4.510410542,0.000165821678159376,"F410M",4.082
4.511761774,0.000159149941144976,"F410M",4.082
4.513113005,0.000151207347754714,"F410M",4.082
4.514464237,0.000144650168881575,"F410M",4.082
4.515815468,0.000142888539866475,"F410M",4.082
4.517166699,0.000134342251821544,"F410M",4.082
4.518517931,0.000122364548870728,"F410M",4.082
4.519869162,0.000113502162269096,"F410M",4.082
4.521220394,0.000112395904836955,"F410M",4.082
4.522571625,0.000110931324812905,"F410M",4.082
4.523922857,0.000106687875201405,"F410M",4.082
4.525274088,0.000101760610631906,"F410M",4.082
4.52662532,9.9246610451727e-05,"F410M",4.082
4.527976551,9.95638026399519e-05,"F410M",4.082
4.529327782,9.4176967217448e-05,"F410M",4.082
4.530679014,8.97483639152372e-05,"F410M",4.082
4.532030245,8.65500476560811e-05,"F410M",4.082
4.533381477,8.84786906594874e-05,"F410M",4.082
4.534732708,8.60456390995526e-05,"F410M",4.082
4.53608394,8.10987596244106e-05,"F410M",4.082
4.537435171,7.60731726986039e-05,"F410M",4.082
4.538786403,7.4574213272282e-05,"F410M",4.082
4.540137634,7.39586928721971e-05,"F410M",4.082
4.541488865,7.00932548856145e-05,"F410M",4.082
4.542840097,6.67234277383434e-05,"F410M",4.082
4.544191328,6.40176517838452e-05,"F410M",4.082
4.54554256,6.26074378261469e-05,"F410M",4.082
4.546893791,5.94355953618077e-05,"F410M",4.082
4.548245023,5.7363948398697e-05,"F410M",4.082
4.549596254,5.77588545737438e-05,"F410M",4.082
4.550947485,5.6846203557168e-05,"F410M",4.082
4.552298717,5.38441688743756e-05,"F410M",4.082
4.553649948,4.94532673418074e-05,"F410M",4.082
4.55500118,4.92311963421372e-05,"F410M",4.082
4.556352411,4.99602905853888e-05,"F410M",4.082
4.557703643,4.88006807334127e-05,"F410M",4.082
4.559054874,4.27327455573156e-05,"F410M",4.082
4.560406106,4.02878549805142e-05,"F410M",4.082
4.561757337,4.13834396081961e-05,"F410M",4.082
4.563108568,4.18522484693538e-05,"F410M",4.082
4.5644598,4.01428063775456e-05,"F410M",4.082
4.565811031,3.63844833887992e-05,"F410M",4.082
4.567162263,3.55735236199565e-05,"F410M",4.082
4.568513494,3.45018884634385e-05,"F410M",4.082
4.569864726,3.364041447411e-05,"F410M",4.082
4.571215957,3.14739151082469e-05,"F410M",4.082
4.572567188,3.05658376527888e-05,"F410M",4.082
4.57391842,3.08206642929442e-05,"F410M",4.082
4.575269651,2.91637567480489e-05,"F410M",4.082
4.576620883,2.73159184092167e-05,"F410M",4.082
4.577972114,2.52579017005764e-05,"F410M",4.082
4.579323346,2.5538094993124e-05,"F410M",4.082
4.580674577,2.45518733213025e-05,"F410M",4.082
4.582025809,2.23805075901569e-05,"F410M",4.082
4.58337704,1.85140149493526e-05,"F410M",4.082
4.584728271,1.68614800771308e-05,"F410M",4.082
4.586079503,1.67974707354687e-05,"F410M",4.082
4.587430734,1.53199340191005e-05,"F410M",4.082
4.588781966,1.48051379398274e-05,"F410M",4.082
4.590133197,1.51959226353302e-05,"F410M",4.082
4.591484429,1.65491905348345e-05,"F410M",4.082
4.59283566,1.63321323581681e-05,"F410M",4.082
4.594186891,1.54563150161316e-05,"F410M",4.082
4.595538123,1.3992094166566e-05,"F410M",4.082
4.596889354,1.38623934837435e-05,"F410M",4.082
4.598240586,1.42563050064794e-05,"F410M",4.082
4.599591817,1.28143044633537e-05,"F410M",4.082
4.600943049,1.2019523957322e-05,"F410M",4.082
4.602294281,0,"F410M",4.082
4.603645513,0,"F410M",4.082
NA,NA,"F410M",4.082
3.998293828,0,"F430M",4.286
3.999645059,0,"F430M",4.286
4.00099629,1.77760261018157e-05,"F430M",4.286
4.002347521,1.84544463357818e-05,"F430M",4.286
4.003698753,1.79760910590934e-05,"F430M",4.286
4.005049984,1.77462506713372e-05,"F430M",4.286
4.006401216,1.76986272683802e-05,"F430M",4.286
4.007752447,1.83212530768427e-05,"F430M",4.286
4.009103679,1.90111517310708e-05,"F430M",4.286
4.01045491,1.9637233065408e-05,"F430M",4.286
4.011806141,2.0132867880177e-05,"F430M",4.286
4.013157373,2.05669614969121e-05,"F430M",4.286
4.014508604,1.98113755905548e-05,"F430M",4.286
4.015859836,1.85109003453593e-05,"F430M",4.286
4.017211067,1.78292276546244e-05,"F430M",4.286
4.018562299,1.7454523794608e-05,"F430M",4.286
4.01991353,1.77715490138518e-05,"F430M",4.286
4.021264761,1.86881554378122e-05,"F430M",4.286
4.022615993,1.97571881530922e-05,"F430M",4.286
4.023967224,2.099713018104e-05,"F430M",4.286
4.025318456,2.27868104354676e-05,"F430M",4.286
4.026669687,2.35181888157686e-05,"F430M",4.286
4.028020919,2.20747797335704e-05,"F430M",4.286
4.02937215,2.03199105194432e-05,"F430M",4.286
4.030723382,2.04316897620582e-05,"F430M",4.286
4.032074613,2.23788048405359e-05,"F430M",4.286
4.033425844,2.5650995897416e-05,"F430M",4.286
4.034777076,2.78522098472534e-05,"F430M",4.286
4.036128307,2.69444091078669e-05,"F430M",4.286
4.037479539,2.55409001241452e-05,"F430M",4.286
4.03883077,2.66204419830507e-05,"F430M",4.286
4.040182002,2.94047409412206e-05,"F430M",4.286
4.041533233,3.24441659554241e-05,"F430M",4.286
4.042884465,3.46076588774307e-05,"F430M",4.286
4.044235696,3.72119955626171e-05,"F430M",4.286
4.045586927,3.87328102728057e-05,"F430M",4.286
4.046938159,4.01729335662322e-05,"F430M",4.286
4.04828939,4.29300400812684e-05,"F430M",4.286
4.049640622,4.54216408939163e-05,"F430M",4.286
4.050991853,4.82713262458577e-05,"F430M",4.286
4.052343085,5.28870873917429e-05,"F430M",4.286
4.053694316,6.12229491288718e-05,"F430M",4.286
4.055045547,6.98358409682511e-05,"F430M",4.286
4.056396779,7.61503202025966e-05,"F430M",4.286
4.05774801,8.18259442615508e-05,"F430M",4.286
4.059099242,8.68264798915615e-05,"F430M",4.286
4.060450473,9.13509278747637e-05,"F430M",4.286
4.061801705,9.63340456972062e-05,"F430M",4.286
4.063152936,0.000103712973271025,"F430M",4.286
4.064504168,0.00011135463874631,"F430M",4.286
4.065855399,0.000117175973008016,"F430M",4.286
4.06720663,0.000123474676067451,"F430M",4.286
4.068557862,0.000131852630855689,"F430M",4.286
4.069909093,0.000142805902073308,"F430M",4.286
4.071260325,0.000155164165890419,"F430M",4.286
4.072611556,0.000167273419245441,"F430M",4.286
4.073962788,0.000180087452253206,"F430M",4.286
4.075314019,0.00019552219095244,"F430M",4.286
4.07666525,0.000213274195308457,"F430M",4.286
4.078016482,0.000232485889726595,"F430M",4.286
4.079367713,0.000252324920686968,"F430M",4.286
4.080718945,0.000273626856315362,"F430M",4.286
4.082070176,0.000298267858688754,"F430M",4.286
4.083421408,0.000326084806784804,"F430M",4.286
4.084772639,0.000356786998938677,"F430M",4.286
4.086123871,0.000389980671822633,"F430M",4.286
4.087475102,0.000425591563302721,"F430M",4.286
4.088826333,0.000464772530455093,"F430M",4.286
4.090177565,0.000509705241450355,"F430M",4.286
4.091528796,0.00055909742849013,"F430M",4.286
4.092880028,0.000612652773280017,"F430M",4.286
4.094231259,0.000671191688017007,"F430M",4.286
4.095582491,0.000735317428379968,"F430M",4.286
4.096933722,0.000805532041072492,"F430M",4.286
4.098284953,0.000883090279196909,"F430M",4.286
4.099636185,0.000969640194292625,"F430M",4.286
4.100987416,0.00106478222974136,"F430M",4.286
4.102338648,0.00116911461424276,"F430M",4.286
4.103689879,0.00128404732786148,"F430M",4.286
4.105041111,0.001413361672843,"F430M",4.286
4.106392342,0.00155969425670472,"F430M",4.286
4.107743574,0.00172288302070058,"F430M",4.286
4.109094805,0.00190397554718812,"F430M",4.286
4.110446036,0.00210417440380526,"F430M",4.286
4.111797268,0.00232646926416145,"F430M",4.286
4.113148499,0.00257512967012017,"F430M",4.286
4.114499731,0.00285510912856047,"F430M",4.286
4.115850962,0.00316989790342952,"F430M",4.286
4.117202194,0.00352323753002124,"F430M",4.286
4.118553425,0.00391889410794096,"F430M",4.286
4.119904657,0.00436362883190028,"F430M",4.286
4.121255888,0.00486599842866513,"F430M",4.286
4.122607119,0.0054333515431421,"F430M",4.286
4.123958351,0.00607309920982196,"F430M",4.286
4.125309582,0.00679708003633893,"F430M",4.286
4.126660814,0.00761448493252668,"F430M",4.286
4.128012045,0.00853980933942262,"F430M",4.286
4.129363277,0.00958493529407959,"F430M",4.286
4.130714508,0.0107734133868222,"F430M",4.286
4.132065739,0.0121260032743721,"F430M",4.286
4.133416971,0.0136614328804192,"F430M",4.286
4.134768202,0.0154083368555484,"F430M",4.286
4.136119434,0.0174024466331733,"F430M",4.286
4.137470665,0.0196778151746976,"F430M",4.286
4.138821897,0.0222716258129721,"F430M",4.286
4.140173128,0.0252364074297774,"F430M",4.286
4.14152436,0.0286196596284507,"F430M",4.286
4.142875591,0.0324849003718403,"F430M",4.286
4.144226822,0.0369037718275908,"F430M",4.286
4.145578054,0.041947119535575,"F430M",4.286
4.146929285,0.047695955261424,"F430M",4.286
4.148280517,0.0542463948331763,"F430M",4.286
4.149631748,0.0616827127270424,"F430M",4.286
4.15098298,0.070120679885605,"F430M",4.286
4.152334211,0.0796406578452007,"F430M",4.286
4.153685442,0.0903182446171795,"F430M",4.286
4.155036674,0.102277479041293,"F430M",4.286
4.156387905,0.115577184338427,"F430M",4.286
4.157739137,0.13029024596158,"F430M",4.286
4.159090368,0.146381789291351,"F430M",4.286
4.1604416,0.163800726194561,"F430M",4.286
4.161792831,0.182549493627021,"F430M",4.286
4.163144063,0.202557851925772,"F430M",4.286
4.164495294,0.223651044094003,"F430M",4.286
4.165846525,0.245525456434847,"F430M",4.286
4.167197757,0.267733612856232,"F430M",4.286
4.168548988,0.290207866444463,"F430M",4.286
4.16990022,0.312708370339165,"F430M",4.286
4.171251451,0.334976140994758,"F430M",4.286
4.172602683,0.356510305764008,"F430M",4.286
4.173953914,0.376687871546014,"F430M",4.286
4.175305146,0.395875081197051,"F430M",4.286
4.176656377,0.413838529036995,"F430M",4.286
4.178007608,0.430510572253683,"F430M",4.286
4.17935884,0.445711757485876,"F430M",4.286
4.180710071,0.458987349765794,"F430M",4.286
4.182061303,0.47091861977936,"F430M",4.286
4.183412534,0.481498866221712,"F430M",4.286
4.184763766,0.490811142414914,"F430M",4.286
4.186114997,0.49889084636661,"F430M",4.286
4.187466228,0.505441973369394,"F430M",4.286
4.18881746,0.511058757909948,"F430M",4.286
4.190168691,0.515825497333665,"F430M",4.286
4.191519923,0.519765784708623,"F430M",4.286
4.192871154,0.522948747056338,"F430M",4.286
4.194222386,0.525438884576875,"F430M",4.286
4.195573617,0.527432598621619,"F430M",4.286
4.196924849,0.529007411919621,"F430M",4.286
4.19827608,0.530248607280108,"F430M",4.286
4.199627311,0.531207871610837,"F430M",4.286
4.200978543,0.531875670763382,"F430M",4.286
4.202329774,0.532383913267426,"F430M",4.286
4.203681006,0.532765618571508,"F430M",4.286
4.205032237,0.533072801615493,"F430M",4.286
4.206383469,0.533256341384784,"F430M",4.286
4.2077347,0.533375935368099,"F430M",4.286
4.209085931,0.533491083215682,"F430M",4.286
4.210437163,0.533578140852125,"F430M",4.286
4.211788394,0.533629188773964,"F430M",4.286
4.213139626,0.533688616255457,"F430M",4.286
4.214490857,0.533779490188677,"F430M",4.286
4.215842089,0.533864300183935,"F430M",4.286
4.21719332,0.533951679643423,"F430M",4.286
4.218544552,0.534071517581151,"F430M",4.286
4.219895783,0.534231290626309,"F430M",4.286
4.221247014,0.53436514762224,"F430M",4.286
4.222598246,0.534513869851376,"F430M",4.286
4.223949477,0.534686241045114,"F430M",4.286
4.225300709,0.534866361604013,"F430M",4.286
4.22665194,0.535009226707449,"F430M",4.286
4.228003172,0.535161686639406,"F430M",4.286
4.229354403,0.535320705465122,"F430M",4.286
4.230705634,0.535463272576607,"F430M",4.286
4.232056866,0.535553237538471,"F430M",4.286
4.233408097,0.535662605481972,"F430M",4.286
4.234759329,0.535751599212813,"F430M",4.286
4.23611056,0.535801553366868,"F430M",4.286
4.237461792,0.535821578264519,"F430M",4.286
4.238813023,0.535867274055295,"F430M",4.286
4.240164255,0.535877081141156,"F430M",4.286
4.241515486,0.535863478059107,"F430M",4.286
4.242866717,0.535828566467253,"F430M",4.286
4.244217949,0.535795060212317,"F430M",4.286
4.24556918,0.535692659162008,"F430M",4.286
4.246920412,0.535540650303769,"F430M",4.286
4.248271643,0.535348374015411,"F430M",4.286
4.249622875,0.535141277710452,"F430M",4.286
4.250974106,0.534827681139592,"F430M",4.286
4.252325338,0.53446413944106,"F430M",4.286
4.253676569,0.534061768299119,"F430M",4.286
4.2550278,0.53360739263953,"F430M",4.286
4.256379032,0.533026461421149,"F430M",4.286
4.257730263,0.532356618048773,"F430M",4.286
4.259081495,0.53160041911542,"F430M",4.286
4.260432726,0.530731140417254,"F430M",4.286
4.261783958,0.529691327324843,"F430M",4.286
4.263135189,0.528455903642591,"F430M",4.286
4.26448642,0.527018763902687,"F430M",4.286
4.265837652,0.525320852876589,"F430M",4.286
4.267188883,0.52331251800616,"F430M",4.286
4.268540115,0.520829507600108,"F430M",4.286
4.269891346,0.517878209383327,"F430M",4.286
4.271242578,0.514563284350462,"F430M",4.286
4.272593809,0.511032214193707,"F430M",4.286
4.273945041,0.507769520192028,"F430M",4.286
4.275296272,0.505936660128818,"F430M",4.286
4.276647503,0.505943611242396,"F430M",4.286
4.277998735,0.507925250504383,"F430M",4.286
4.279349966,0.511974349365917,"F430M",4.286
4.280701198,0.516521760525527,"F430M",4.286
4.282052429,0.52018434865228,"F430M",4.286
4.283403661,0.522673986892154,"F430M",4.286
4.284754892,0.523866050893935,"F430M",4.286
4.286106123,0.52388075741275,"F430M",4.286
4.287457355,0.523578945414283,"F430M",4.286
4.288808586,0.523129421438291,"F430M",4.286
4.290159818,0.522668493376657,"F430M",4.286
4.291511049,0.522164184967538,"F430M",4.286
4.292862281,0.521671337398041,"F430M",4.286
4.294213512,0.521223526660932,"F430M",4.286
4.295564744,0.520780703281259,"F430M",4.286
4.296915975,0.520321307075948,"F430M",4.286
4.298267206,0.519911117227119,"F430M",4.286
4.299618438,0.519511350927888,"F430M",4.286
4.300969669,0.51913448274884,"F430M",4.286
4.302320901,0.51877006156178,"F430M",4.286
4.303672132,0.518433274884,"F430M",4.286
4.305023364,0.518162293367016,"F430M",4.286
4.306374595,0.517898892135296,"F430M",4.286
4.307725826,0.517645516084213,"F430M",4.286
4.309077058,0.517498457301963,"F430M",4.286
4.310428289,0.5173723640215,"F430M",4.286
4.311779521,0.517276188412576,"F430M",4.286
4.313130752,0.517216672460244,"F430M",4.286
4.314481984,0.517206273130724,"F430M",4.286
4.315833215,0.51722599578372,"F430M",4.286
4.317184447,0.517291922968853,"F430M",4.286
4.318535678,0.517333150752414,"F430M",4.286
4.319886909,0.51744296592679,"F430M",4.286
4.321238141,0.517597560948277,"F430M",4.286
4.322589372,0.517728094968471,"F430M",4.286
4.323940604,0.5178556870824,"F430M",4.286
4.325291835,0.518055426837748,"F430M",4.286
4.326643067,0.518207612025562,"F430M",4.286
4.327994298,0.5183357770287,"F430M",4.286
4.32934553,0.518467130161075,"F430M",4.286
4.330696761,0.518583517035388,"F430M",4.286
4.332047992,0.518690110911055,"F430M",4.286
4.333399224,0.518720682699083,"F430M",4.286
4.334750455,0.51870347896677,"F430M",4.286
4.336101687,0.518682236667584,"F430M",4.286
4.337452918,0.518558652530128,"F430M",4.286
4.33880415,0.518359199440317,"F430M",4.286
4.340155381,0.518115379163756,"F430M",4.286
4.341506612,0.517775270767228,"F430M",4.286
4.342857844,0.517343901691777,"F430M",4.286
4.344209075,0.516848320581085,"F430M",4.286
4.345560307,0.51624525768169,"F430M",4.286
4.346911538,0.515568663369463,"F430M",4.286
4.34826277,0.514834740986125,"F430M",4.286
4.349614001,0.513980276759972,"F430M",4.286
4.350965233,0.513069593545701,"F430M",4.286
4.352316464,0.51211598926839,"F430M",4.286
4.353667695,0.511088756931076,"F430M",4.286
4.355018927,0.510011419194045,"F430M",4.286
4.356370158,0.508909047394731,"F430M",4.286
4.35772139,0.507782444600291,"F430M",4.286
4.359072621,0.506634524716811,"F430M",4.286
4.360423853,0.505438279586625,"F430M",4.286
4.361775084,0.504252731553258,"F430M",4.286
4.363126315,0.503043811866723,"F430M",4.286
4.364477547,0.501785217669953,"F430M",4.286
4.365828778,0.500464032812694,"F430M",4.286
4.36718001,0.49907233131622,"F430M",4.286
4.368531241,0.497542704233301,"F430M",4.286
4.369882473,0.495852022382502,"F430M",4.286
4.371233704,0.493910464876391,"F430M",4.286
4.372584936,0.491619918712167,"F430M",4.286
4.373936167,0.48894846726592,"F430M",4.286
4.375287398,0.48584105549457,"F430M",4.286
4.37663863,0.48197562180419,"F430M",4.286
4.377989861,0.477342371540353,"F430M",4.286
4.379341093,0.471952369972496,"F430M",4.286
4.380692324,0.465748376724159,"F430M",4.286
4.382043556,0.45802216199971,"F430M",4.286
4.383394787,0.44924554573631,"F430M",4.286
4.384746018,0.439397946346666,"F430M",4.286
4.38609725,0.428194798455863,"F430M",4.286
4.387448481,0.41522826408726,"F430M",4.286
4.388799713,0.401121157436663,"F430M",4.286
4.390150944,0.385940545915334,"F430M",4.286
4.391502176,0.369103363547617,"F430M",4.286
4.392853407,0.350962903895287,"F430M",4.286
4.394204639,0.332067488901514,"F430M",4.286
4.39555587,0.312608655490678,"F430M",4.286
4.396907101,0.29178015988519,"F430M",4.286
4.398258333,0.270890217373701,"F430M",4.286
4.399609564,0.250145089259523,"F430M",4.286
4.400960796,0.229498001956068,"F430M",4.286
4.402312027,0.209011315336197,"F430M",4.286
4.403663259,0.189414391335103,"F430M",4.286
4.40501449,0.170851561053159,"F430M",4.286
4.406365722,0.153117080003321,"F430M",4.286
4.407716953,0.136622291692926,"F430M",4.286
4.409068184,0.121509143390445,"F430M",4.286
4.410419416,0.107722758449343,"F430M",4.286
4.411770647,0.0951700767248022,"F430M",4.286
4.413121879,0.0839477838258899,"F430M",4.286
4.41447311,0.0739465043878416,"F430M",4.286
4.415824342,0.0650613726034824,"F430M",4.286
4.417175573,0.0572155736010371,"F430M",4.286
4.418526804,0.0503088475713714,"F430M",4.286
4.419878036,0.0442385073311432,"F430M",4.286
4.421229267,0.0389331499456891,"F430M",4.286
4.422580499,0.0342855725435941,"F430M",4.286
4.42393173,0.0302151783472974,"F430M",4.286
4.425282962,0.0266601910566259,"F430M",4.286
4.426634193,0.0235598340251609,"F430M",4.286
4.427985425,0.0208445616170773,"F430M",4.286
4.429336656,0.0184641823443994,"F430M",4.286
4.430687887,0.0163887333905347,"F430M",4.286
4.432039119,0.0145672862804318,"F430M",4.286
4.43339035,0.0129646595861287,"F430M",4.286
4.434741582,0.011555275035378,"F430M",4.286
4.436092813,0.0103163494965142,"F430M",4.286
4.437444045,0.00922280995192014,"F430M",4.286
4.438795276,0.00825763531486234,"F430M",4.286
4.440146507,0.00740713278748949,"F430M",4.286
4.441497739,0.00665164838096141,"F430M",4.286
4.44284897,0.00598023930442199,"F430M",4.286
4.444200202,0.005385971769282,"F430M",4.286
4.445551433,0.0048568499659,"F430M",4.286
4.446902665,0.00438543426884511,"F430M",4.286
4.448253896,0.00396629963952953,"F430M",4.286
4.449605128,0.00359411857499165,"F430M",4.286
4.450956359,0.00325831162269784,"F430M",4.286
4.45230759,0.002955347543838,"F430M",4.286
4.453658822,0.00268474495078771,"F430M",4.286
4.455010053,0.00244275175730961,"F430M",4.286
4.456361285,0.00222446466520841,"F430M",4.286
4.457712516,0.00202659339990145,"F430M",4.286
4.459063748,0.00184928444305884,"F430M",4.286
4.460414979,0.00168977041956031,"F430M",4.286
4.461766211,0.00154622306133646,"F430M",4.286
4.463117442,0.00141615449153897,"F430M",4.286
4.464468673,0.00129837719104345,"F430M",4.286
4.465819905,0.0011915639006616,"F430M",4.286
4.467171136,0.00109491071838466,"F430M",4.286
4.468522368,0.00100624060259327,"F430M",4.286
4.469873599,0.000925277144424114,"F430M",4.286
4.471224831,0.000851729611541043,"F430M",4.286
4.472576062,0.000784710371030013,"F430M",4.286
4.473927293,0.000723443082888416,"F430M",4.286
4.475278525,0.000667448389156935,"F430M",4.286
4.476629756,0.000616857509667184,"F430M",4.286
4.477980988,0.00056983866872139,"F430M",4.286
4.479332219,0.000526420142674052,"F430M",4.286
4.480683451,0.000486832470057703,"F430M",4.286
4.482034682,0.000451290339931196,"F430M",4.286
4.483385914,0.000418351019926465,"F430M",4.286
4.484737145,0.000387226449686286,"F430M",4.286
4.486088376,0.000359345466497965,"F430M",4.286
4.487439608,0.000334695904741725,"F430M",4.286
4.488790839,0.000313038635043738,"F430M",4.286
4.490142071,0.000291524244858017,"F430M",4.286
4.491493302,0.000270235655425618,"F430M",4.286
4.492844534,0.000249577399332622,"F430M",4.286
4.494195765,0.000229865004521038,"F430M",4.286
4.495546996,0.000212725219472335,"F430M",4.286
4.496898228,0.000198343135034932,"F430M",4.286
4.498249459,0.000187970782491004,"F430M",4.286
4.499600691,0.000178108213909967,"F430M",4.286
4.500951922,0.000167587815764372,"F430M",4.286
4.502303154,0.000155735730446155,"F430M",4.286
4.503654385,0.000146352321445745,"F430M",4.286
4.505005617,0.000138567899141763,"F430M",4.286
4.506356848,0.000132317870151617,"F430M",4.286
4.507708079,0.000124217590018758,"F430M",4.286
4.509059311,0.000116935688851797,"F430M",4.286
4.510410542,0.000110492314933706,"F430M",4.286
4.511761774,0.000104760525718793,"F430M",4.286
4.513113005,9.84662846838506e-05,"F430M",4.286
4.514464237,9.2302944853119e-05,"F430M",4.286
4.515815468,8.71650937769576e-05,"F430M",4.286
4.517166699,8.30926668400785e-05,"F430M",4.286
4.518517931,7.95382105433209e-05,"F430M",4.286
4.519869162,7.63513065218185e-05,"F430M",4.286
4.521220394,7.35477375133385e-05,"F430M",4.286
4.522571625,7.02201066686907e-05,"F430M",4.286
4.523922857,6.60148703441722e-05,"F430M",4.286
4.525274088,6.09465966236888e-05,"F430M",4.286
4.52662532,5.6524820337779e-05,"F430M",4.286
4.527976551,5.27800744316022e-05,"F430M",4.286
4.529327782,4.90005741439306e-05,"F430M",4.286
4.530679014,4.57004257792892e-05,"F430M",4.286
4.532030245,4.2978109105145e-05,"F430M",4.286
4.533381477,3.98830157710873e-05,"F430M",4.286
4.534732708,3.51171229391147e-05,"F430M",4.286
4.53608394,2.99913131222045e-05,"F430M",4.286
4.537435171,2.63403411860972e-05,"F430M",4.286
4.538786403,2.56467397424236e-05,"F430M",4.286
4.540137634,2.5955499746591e-05,"F430M",4.286
4.541488865,2.56965758116755e-05,"F430M",4.286
4.542840097,2.4708108510325e-05,"F430M",4.286
4.544191328,2.35798449017567e-05,"F430M",4.286
4.54554256,2.26381402910852e-05,"F430M",4.286
4.546893791,2.07454326158969e-05,"F430M",4.286
4.548245023,2.00277975383348e-05,"F430M",4.286
4.549596254,1.91809199591827e-05,"F430M",4.286
4.550947485,0,"F430M",4.286
4.552298716,0,"F430M",4.286
NA,NA,"F430M",4.286
3.646973654,0,"F444W",4.421
3.648324885,0,"F444W",4.421
3.649676116,2.60297459378501e-05,"F444W",4.421
3.651027347,2.63945084169457e-05,"F444W",4.421
3.652378579,2.6760284845698e-05,"F444W",4.421
3.65372981,2.68078528066414e-05,"F444W",4.421
3.655081042,2.67116134823085e-05,"F444W",4.421
3.656432273,2.67094989410117e-05,"F444W",4.421
3.657783504,2.67394041029663e-05,"F444W",4.421
3.659134736,2.70064326240514e-05,"F444W",4.421
3.660485967,2.74862013543504e-05,"F444W",4.421
3.661837199,2.79299565518536e-05,"F444W",4.421
3.66318843,2.84701405646044e-05,"F444W",4.421
3.664539662,2.90775869989246e-05,"F444W",4.421
3.665890893,2.98439461591071e-05,"F444W",4.421
3.667242125,3.07983939018085e-05,"F444W",4.421
3.668593356,3.16604250879265e-05,"F444W",4.421
3.669944587,3.22651211596573e-05,"F444W",4.421
3.671295819,3.28776358485206e-05,"F444W",4.421
3.67264705,3.37272500370482e-05,"F444W",4.421
3.673998282,3.47796312774359e-05,"F444W",4.421
3.675349513,3.58873523905341e-05,"F444W",4.421
3.676700745,3.7045681498627e-05,"F444W",4.421
3.678051976,3.8287860473117e-05,"F444W",4.421
3.679403208,3.95725277891764e-05,"F444W",4.421
3.680754439,4.10526234462839e-05,"F444W",4.421
3.68210567,4.24148884716259e-05,"F444W",4.421
3.683456902,4.32620072601852e-05,"F444W",4.421
3.684808133,4.40470077596298e-05,"F444W",4.421
3.686159365,4.50521817837413e-05,"F444W",4.421
3.687510596,4.60916782076495e-05,"F444W",4.421
3.688861828,4.73548681511366e-05,"F444W",4.421
3.690213059,4.89022803473451e-05,"F444W",4.421
3.69156429,5.06100023174881e-05,"F444W",4.421
3.692915522,5.28558722258152e-05,"F444W",4.421
3.694266753,5.55764105599711e-05,"F444W",4.421
3.695617985,5.85731190572848e-05,"F444W",4.421
3.696969216,6.20452515171963e-05,"F444W",4.421
3.698320448,6.56320407920142e-05,"F444W",4.421
3.699671679,6.90210397045239e-05,"F444W",4.421
3.701022911,7.2445061885557e-05,"F444W",4.421
3.702374142,7.5980250890537e-05,"F444W",4.421
3.703725373,7.98987470937525e-05,"F444W",4.421
3.705076605,8.40885069088175e-05,"F444W",4.421
3.706427836,8.81567686820921e-05,"F444W",4.421
3.707779068,9.22445927268383e-05,"F444W",4.421
3.709130299,9.69367513973354e-05,"F444W",4.421
3.710481531,0.000102336055404846,"F444W",4.421
3.711832762,0.000108226387551651,"F444W",4.421
3.713183993,0.000114432517116261,"F444W",4.421
3.714535225,0.000120947006267993,"F444W",4.421
3.715886456,0.00012840974347289,"F444W",4.421
3.717237688,0.000136912856737477,"F444W",4.421
3.718588919,0.000146109655710738,"F444W",4.421
3.719940151,0.000155598207919088,"F444W",4.421
3.721291382,0.000165487360524456,"F444W",4.421
3.722642614,0.000176578497879072,"F444W",4.421
3.723993845,0.000188961828743873,"F444W",4.421
3.725345076,0.000201811345768881,"F444W",4.421
3.726696308,0.000214921064185433,"F444W",4.421
3.728047539,0.000228572067620371,"F444W",4.421
3.729398771,0.000243173405749662,"F444W",4.421
3.730750002,0.000259522263462218,"F444W",4.421
3.732101234,0.000277473672324204,"F444W",4.421
3.733452465,0.000296279186494547,"F444W",4.421
3.734803696,0.000316121087337166,"F444W",4.421
3.736154928,0.000337372096903823,"F444W",4.421
3.737506159,0.00036025209199985,"F444W",4.421
3.738857391,0.000384976874391053,"F444W",4.421
3.740208622,0.00041092590303977,"F444W",4.421
3.741559854,0.000437745575002902,"F444W",4.421
3.742911085,0.000466043206816919,"F444W",4.421
3.744262317,0.000495988479480038,"F444W",4.421
3.745613548,0.00052766847810642,"F444W",4.421
3.746964779,0.000561464551832314,"F444W",4.421
3.748316011,0.000597211280925384,"F444W",4.421
3.749667242,0.000635170445451817,"F444W",4.421
3.751018474,0.00067611964522368,"F444W",4.421
3.752369705,0.00071965392756164,"F444W",4.421
3.753720937,0.000765539336803979,"F444W",4.421
3.755072168,0.000814024013185591,"F444W",4.421
3.7564234,0.000865085474380884,"F444W",4.421
3.757774631,0.000919246808011412,"F444W",4.421
3.759125862,0.000976777673420546,"F444W",4.421
3.760477094,0.00103712612071469,"F444W",4.421
3.761828325,0.00110058365015895,"F444W",4.421
3.763179557,0.00116767686851276,"F444W",4.421
3.764530788,0.001238282367153,"F444W",4.421
3.76588202,0.00131278864112838,"F444W",4.421
3.767233251,0.00139141917059414,"F444W",4.421
3.768584482,0.00147396855637091,"F444W",4.421
3.769935714,0.00156105720919811,"F444W",4.421
3.771286945,0.00165288290875332,"F444W",4.421
3.772638177,0.00174897311469776,"F444W",4.421
3.773989408,0.00184993697697861,"F444W",4.421
3.77534064,0.00195627084872235,"F444W",4.421
3.776691871,0.00206783849563563,"F444W",4.421
3.778043103,0.00218551808134112,"F444W",4.421
3.779394334,0.0023093849589526,"F444W",4.421
3.780745565,0.00243957589035263,"F444W",4.421
3.782096797,0.00257697791208165,"F444W",4.421
3.783448028,0.00272181621870096,"F444W",4.421
3.78479926,0.00287434303265592,"F444W",4.421
3.786150491,0.0030355655253595,"F444W",4.421
3.787501723,0.0032059202091263,"F444W",4.421
3.788852954,0.00338584373473137,"F444W",4.421
3.790204185,0.00357627255180463,"F444W",4.421
3.791555417,0.00377766163253774,"F444W",4.421
3.792906648,0.00399095152016895,"F444W",4.421
3.79425788,0.00421754830371092,"F444W",4.421
3.795609111,0.00445798399629847,"F444W",4.421
3.796960343,0.00471337827015841,"F444W",4.421
3.798311574,0.0049854497666432,"F444W",4.421
3.799662806,0.0052748260050782,"F444W",4.421
3.801014037,0.00558272119789984,"F444W",4.421
3.802365268,0.00591112099309766,"F444W",4.421
3.8037165,0.00626166355090088,"F444W",4.421
3.805067731,0.0066362702706357,"F444W",4.421
3.806418963,0.00703739024539861,"F444W",4.421
3.807770194,0.00746657457371708,"F444W",4.421
3.809121426,0.00792590464376924,"F444W",4.421
3.810472657,0.00841896510528931,"F444W",4.421
3.811823889,0.00894823881542716,"F444W",4.421
3.81317512,0.00951627072975951,"F444W",4.421
3.814526351,0.0101272686726663,"F444W",4.421
3.815877583,0.0107847327096182,"F444W",4.421
3.817228814,0.0114926842407763,"F444W",4.421
3.818580046,0.0122569090840764,"F444W",4.421
3.819931277,0.0130815224579489,"F444W",4.421
3.821282509,0.0139711825238353,"F444W",4.421
3.82263374,0.0149337996765246,"F444W",4.421
3.823984971,0.0159754398321699,"F444W",4.421
3.825336203,0.0171017381765073,"F444W",4.421
3.826687434,0.0183216453692956,"F444W",4.421
3.828038666,0.0196411647228549,"F444W",4.421
3.829389897,0.021071631163194,"F444W",4.421
3.830741129,0.02262237290146,"F444W",4.421
3.83209236,0.0243023308194875,"F444W",4.421
3.833443592,0.0261260886922221,"F444W",4.421
3.834794823,0.0281051210284478,"F444W",4.421
3.836146054,0.03025081475824,"F444W",4.421
3.837497286,0.0325816875087911,"F444W",4.421
3.838848517,0.035111440420533,"F444W",4.421
3.840199749,0.0378533845295307,"F444W",4.421
3.84155098,0.0408297714462868,"F444W",4.421
3.842902212,0.0440560216465026,"F444W",4.421
3.844253443,0.0475467221775277,"F444W",4.421
3.845604674,0.0513281090420324,"F444W",4.421
3.846955906,0.0554170497001696,"F444W",4.421
3.848307137,0.0598294981099339,"F444W",4.421
3.849658369,0.0645946242166216,"F444W",4.421
3.8510096,0.0697231024090489,"F444W",4.421
3.852360832,0.075245575253237,"F444W",4.421
3.853712063,0.0811770749618334,"F444W",4.421
3.855063295,0.087528517573874,"F444W",4.421
3.856414526,0.0943285225462522,"F444W",4.421
3.857765757,0.101584199297407,"F444W",4.421
3.859116989,0.109296003470783,"F444W",4.421
3.86046822,0.117486558243628,"F444W",4.421
3.861819452,0.126151871041837,"F444W",4.421
3.863170683,0.135280016537622,"F444W",4.421
3.864521915,0.144883325785208,"F444W",4.421
3.865873146,0.154941741447345,"F444W",4.421
3.867224377,0.165426524135242,"F444W",4.421
3.868575609,0.176337366621405,"F444W",4.421
3.86992684,0.187638041428328,"F444W",4.421
3.871278072,0.199281966799076,"F444W",4.421
3.872629303,0.211252531664898,"F444W",4.421
3.873980535,0.223493890219846,"F444W",4.421
3.875331766,0.235942775337429,"F444W",4.421
3.876682998,0.24857038260514,"F444W",4.421
3.878034229,0.261296105740441,"F444W",4.421
3.87938546,0.274083239902019,"F444W",4.421
3.880736692,0.286856558027781,"F444W",4.421
3.882087923,0.299546148074649,"F444W",4.421
3.883439155,0.312122078997119,"F444W",4.421
3.884790386,0.324513509680934,"F444W",4.421
3.886141618,0.336657937994441,"F444W",4.421
3.887492849,0.34853473832415,"F444W",4.421
3.888844081,0.360085639604927,"F444W",4.421
3.890195312,0.371269658945666,"F444W",4.421
3.891546543,0.382079536435653,"F444W",4.421
3.892897775,0.39247561049453,"F444W",4.421
3.894249006,0.402432531115546,"F444W",4.421
3.895600238,0.411957709261472,"F444W",4.421
3.896951469,0.421027291353657,"F444W",4.421
3.898302701,0.429635118246479,"F444W",4.421
3.899653932,0.437797923091993,"F444W",4.421
3.901005163,0.445515026642047,"F444W",4.421
3.902356395,0.452797818810372,"F444W",4.421
3.903707626,0.459662482126014,"F444W",4.421
3.905058858,0.466127076533652,"F444W",4.421
3.906410089,0.472197374849974,"F444W",4.421
3.907761321,0.477903915015214,"F444W",4.421
3.909112552,0.483274425313361,"F444W",4.421
3.910463784,0.488304000256928,"F444W",4.421
3.911815015,0.493023132839149,"F444W",4.421
3.913166246,0.497461492223292,"F444W",4.421
3.914517478,0.501603185420088,"F444W",4.421
3.915868709,0.50548041190069,"F444W",4.421
3.917219941,0.509127635872041,"F444W",4.421
3.918571172,0.512519812533618,"F444W",4.421
3.919922404,0.515688033173696,"F444W",4.421
3.921273635,0.518671372322311,"F444W",4.421
3.922624866,0.521432674793721,"F444W",4.421
3.923976098,0.5240046357845,"F444W",4.421
3.925327329,0.526432512979665,"F444W",4.421
3.926678561,0.528668397114392,"F444W",4.421
3.928029792,0.530773868583026,"F444W",4.421
3.929381024,0.532705852805643,"F444W",4.421
3.930732255,0.534495830338488,"F444W",4.421
3.932083487,0.536182749504526,"F444W",4.421
3.933434718,0.537714352075303,"F444W",4.421
3.934785949,0.539129457611261,"F444W",4.421
3.936137181,0.540466020528543,"F444W",4.421
3.937488412,0.5416636981221,"F444W",4.421
3.938839644,0.542768080800229,"F444W",4.421
3.940190875,0.543816630561826,"F444W",4.421
3.941542107,0.544743954642184,"F444W",4.421
3.942893338,0.545597087073592,"F444W",4.421
3.944244569,0.546415354771598,"F444W",4.421
3.945595801,0.547125277357037,"F444W",4.421
3.946947032,0.547775872066428,"F444W",4.421
3.948298264,0.548411280939401,"F444W",4.421
3.949649495,0.548949662033082,"F444W",4.421
3.951000727,0.549488317312793,"F444W",4.421
3.952351958,0.549941852219626,"F444W",4.421
3.95370319,0.550352369857956,"F444W",4.421
3.955054421,0.55077764969396,"F444W",4.421
3.956405652,0.551129784648349,"F444W",4.421
3.957756884,0.551453001393521,"F444W",4.421
3.959108115,0.551800941970814,"F444W",4.421
3.960459347,0.552085706373465,"F444W",4.421
3.961810578,0.55234912229606,"F444W",4.421
3.96316181,0.552639844224424,"F444W",4.421
3.964513041,0.552875717840625,"F444W",4.421
3.965864273,0.553096800700565,"F444W",4.421
3.967215504,0.553349983935375,"F444W",4.421
3.968566735,0.553553533948522,"F444W",4.421
3.969917967,0.55374711719103,"F444W",4.421
3.971269198,0.553976771066399,"F444W",4.421
3.97262043,0.55415965462422,"F444W",4.421
3.973971661,0.554341436101796,"F444W",4.421
3.975322893,0.554561991811249,"F444W",4.421
3.976674124,0.554737260621723,"F444W",4.421
3.978025355,0.554958344015512,"F444W",4.421
3.979376587,0.555127998786585,"F444W",4.421
3.980727818,0.555295862144456,"F444W",4.421
3.98207905,0.555507156825616,"F444W",4.421
3.983430281,0.555670951665427,"F444W",4.421
3.984781513,0.555831486130996,"F444W",4.421
3.986132744,0.556035058019616,"F444W",4.421
3.987483976,0.556195344394815,"F444W",4.421
3.988835207,0.556349764893417,"F444W",4.421
3.990186438,0.556548420589601,"F444W",4.421
3.99153767,0.556706189720524,"F444W",4.421
3.992888901,0.556859575289945,"F444W",4.421
3.994240133,0.557054895269187,"F444W",4.421
3.995591364,0.557210714655292,"F444W",4.421
3.996942596,0.557362804548441,"F444W",4.421
3.998293827,0.557551015254905,"F444W",4.421
3.999645058,0.557701672129227,"F444W",4.421
4.00099629,0.557847673587122,"F444W",4.421
4.002347521,0.557994062548115,"F444W",4.421
4.003698753,0.558121474104689,"F444W",4.421
4.005049984,0.5582697166089,"F444W",4.421
4.006401216,0.558393136659687,"F444W",4.421
4.007752447,0.558517926669678,"F444W",4.421
4.009103679,0.55866801983944,"F444W",4.421
4.01045491,0.558792339273536,"F444W",4.421
4.011806141,0.558916521195734,"F444W",4.421
4.013157373,0.559068207055704,"F444W",4.421
4.014508604,0.559193343443736,"F444W",4.421
4.015859836,0.55931649517092,"F444W",4.421
4.017211067,0.559463949485588,"F444W",4.421
4.018562299,0.55958698745301,"F444W",4.421
4.01991353,0.559705268166232,"F444W",4.421
4.021264761,0.559850474743623,"F444W",4.421
4.022615993,0.559975554612346,"F444W",4.421
4.023967224,0.560096971624127,"F444W",4.421
4.025318456,0.560246713935877,"F444W",4.421
4.026669687,0.560373852024685,"F444W",4.421
4.028020919,0.560527271112179,"F444W",4.421
4.02937215,0.560652086002732,"F444W",4.421
4.030723382,0.560780811983127,"F444W",4.421
4.032074613,0.560938096070455,"F444W",4.421
4.033425844,0.561060957972678,"F444W",4.421
4.034777076,0.561186037225119,"F444W",4.421
4.036128307,0.561342594227037,"F444W",4.421
4.037479539,0.561465175505082,"F444W",4.421
4.03883077,0.561587364549701,"F444W",4.421
4.040182002,0.561748827679221,"F444W",4.421
4.041533233,0.561873979826626,"F444W",4.421
4.042884465,0.561997098133509,"F444W",4.421
4.044235696,0.562162276720942,"F444W",4.421
4.045586927,0.562288797983095,"F444W",4.421
4.046938159,0.562411511156079,"F444W",4.421
4.04828939,0.562574083759499,"F444W",4.421
4.049640622,0.562696720738545,"F444W",4.421
4.050991853,0.56281153916609,"F444W",4.421
4.052343085,0.56296872369822,"F444W",4.421
4.053694316,0.563082754208163,"F444W",4.421
4.055045547,0.563240413479802,"F444W",4.421
4.056396779,0.563348013964032,"F444W",4.421
4.05774801,0.563456561380241,"F444W",4.421
4.059099242,0.563617825472179,"F444W",4.421
4.060450473,0.563721495696073,"F444W",4.421
4.061801705,0.563826191964792,"F444W",4.421
4.063152936,0.56398626337286,"F444W",4.421
4.064504168,0.564085300060547,"F444W",4.421
4.065855399,0.564178745416294,"F444W",4.421
4.06720663,0.564330952760222,"F444W",4.421
4.068557862,0.564419645397249,"F444W",4.421
4.069909093,0.564499346632254,"F444W",4.421
4.071260325,0.56464326755488,"F444W",4.421
4.072611556,0.564721043858509,"F444W",4.421
4.073962788,0.564794230394261,"F444W",4.421
4.075314019,0.564933688240448,"F444W",4.421
4.07666525,0.565008472890623,"F444W",4.421
4.078016482,0.56515053025048,"F444W",4.421
4.079367713,0.565217690573703,"F444W",4.421
4.080718945,0.565287006463687,"F444W",4.421
4.082070176,0.565430016452921,"F444W",4.421
4.083421408,0.565492391395686,"F444W",4.421
4.084772639,0.565551797971644,"F444W",4.421
4.086123871,0.565690617770672,"F444W",4.421
4.087475102,0.565746982523605,"F444W",4.421
4.088826333,0.565802240233362,"F444W",4.421
4.090177565,0.56594071986293,"F444W",4.421
4.091528796,0.565999193827351,"F444W",4.421
4.092880028,0.566054600557806,"F444W",4.421
4.094231259,0.566196412227994,"F444W",4.421
4.095582491,0.56625923859149,"F444W",4.421
4.096933722,0.566318545788113,"F444W",4.421
4.098284953,0.566464987256351,"F444W",4.421
4.099636185,0.566527550686015,"F444W",4.421
4.100987416,0.566589799566743,"F444W",4.421
4.102338648,0.566736212455385,"F444W",4.421
4.103689879,0.566796661175751,"F444W",4.421
4.105041111,0.566948654072803,"F444W",4.421
4.106392342,0.56700808081018,"F444W",4.421
4.107743574,0.567068241496054,"F444W",4.421
4.109094805,0.567225223418587,"F444W",4.421
4.110446036,0.567291713879818,"F444W",4.421
4.111797268,0.567356757035077,"F444W",4.421
4.113148499,0.567520164759742,"F444W",4.421
4.114499731,0.567591552846746,"F444W",4.421
4.115850962,0.567660196017476,"F444W",4.421
4.117202194,0.567819325815231,"F444W",4.421
4.118553425,0.56788806875287,"F444W",4.421
4.119904657,0.567952199145714,"F444W",4.421
4.121255888,0.568105227509687,"F444W",4.421
4.122607119,0.568165015480857,"F444W",4.421
4.123958351,0.568224820813578,"F444W",4.421
4.125309582,0.56837287388907,"F444W",4.421
4.126660814,0.568427659346037,"F444W",4.421
4.128012045,0.568578199288335,"F444W",4.421
4.129363277,0.568633859755598,"F444W",4.421
4.130714508,0.568686960686723,"F444W",4.421
4.132065739,0.568829194734684,"F444W",4.421
4.133416971,0.568880088267403,"F444W",4.421
4.134768202,0.568922771494424,"F444W",4.421
4.136119434,0.569050281336316,"F444W",4.421
4.137470665,0.569086841467894,"F444W",4.421
4.138821897,0.569117948100075,"F444W",4.421
4.140173128,0.569225951451418,"F444W",4.421
4.14152436,0.569246281676911,"F444W",4.421
4.142875591,0.569264480264041,"F444W",4.421
4.144226822,0.569359090937645,"F444W",4.421
4.145578054,0.569368932670879,"F444W",4.421
4.146929285,0.569379190095874,"F444W",4.421
4.148280517,0.569464049145736,"F444W",4.421
4.149631748,0.569461477964591,"F444W",4.421
4.15098298,0.56945766537581,"F444W",4.421
4.152334211,0.569524990982023,"F444W",4.421
4.153685442,0.569510870414668,"F444W",4.421
4.155036674,0.569561628180663,"F444W",4.421
4.156387905,0.569538404861199,"F444W",4.421
4.157739137,0.569508449349097,"F444W",4.421
4.159090368,0.569539275530188,"F444W",4.421
4.1604416,0.569499671455903,"F444W",4.421
4.161792831,0.569460095721866,"F444W",4.421
4.163144063,0.569477244436669,"F444W",4.421
4.164495294,0.569427276109945,"F444W",4.421
4.165846525,0.569377947673415,"F444W",4.421
4.167197757,0.569383482171384,"F444W",4.421
4.168548988,0.569320805417108,"F444W",4.421
4.16990022,0.56925628410128,"F444W",4.421
4.171251451,0.569239640847647,"F444W",4.421
4.172602683,0.569168665932436,"F444W",4.421
4.173953914,0.569093930953977,"F444W",4.421
4.175305146,0.569060149089531,"F444W",4.421
4.176656377,0.568981732698654,"F444W",4.421
4.178007608,0.568936962015599,"F444W",4.421
4.17935884,0.568853046399645,"F444W",4.421
4.180710071,0.568771043679065,"F444W",4.421
4.182061303,0.568722401499693,"F444W",4.421
4.183412534,0.568636284613189,"F444W",4.421
4.184763766,0.568553046807277,"F444W",4.421
4.186114997,0.568499744231183,"F444W",4.421
4.187466228,0.568414677277981,"F444W",4.421
4.18881746,0.568327345780798,"F444W",4.421
4.190168691,0.56826583655634,"F444W",4.421
4.191519923,0.568178466951478,"F444W",4.421
4.192871154,0.56808838059072,"F444W",4.421
4.194222386,0.568019129635055,"F444W",4.421
4.195573617,0.567933019176236,"F444W",4.421
4.196924849,0.567846749303688,"F444W",4.421
4.19827608,0.567776102640714,"F444W",4.421
4.199627311,0.56769621124737,"F444W",4.421
4.200978543,0.567620499057539,"F444W",4.421
4.202329774,0.567557042695896,"F444W",4.421
4.203681006,0.567484076959155,"F444W",4.421
4.205032237,0.567424225076344,"F444W",4.421
4.206383469,0.567355972499245,"F444W",4.421
4.2077347,0.567288400632003,"F444W",4.421
4.209085931,0.56722808383099,"F444W",4.421
4.210437163,0.56716589129116,"F444W",4.421
4.211788394,0.567102128387706,"F444W",4.421
4.213139626,0.567040888857796,"F444W",4.421
4.214490857,0.566981040103781,"F444W",4.421
4.215842089,0.566924408196916,"F444W",4.421
4.21719332,0.566866212476234,"F444W",4.421
4.218544552,0.56681096419285,"F444W",4.421
4.219895783,0.566759783277143,"F444W",4.421
4.221247014,0.566708211876648,"F444W",4.421
4.222598246,0.566658846723511,"F444W",4.421
4.223949477,0.566612682366824,"F444W",4.421
4.225300709,0.566563578299165,"F444W",4.421
4.22665194,0.566515640229996,"F444W",4.421
4.228003172,0.566459010129707,"F444W",4.421
4.229354403,0.566407367347634,"F444W",4.421
4.230705634,0.566352713381684,"F444W",4.421
4.232056866,0.566285546230631,"F444W",4.421
4.233408097,0.566219889423723,"F444W",4.421
4.234759329,0.566154648377606,"F444W",4.421
4.23611056,0.566082886157056,"F444W",4.421
4.237461792,0.566018663515758,"F444W",4.421
4.238813023,0.565961168816112,"F444W",4.421
4.240164255,0.565905283571443,"F444W",4.421
4.241515486,0.565859567765955,"F444W",4.421
4.242866717,0.56581799577785,"F444W",4.421
4.244217949,0.565777952425098,"F444W",4.421
4.24556918,0.565746641103076,"F444W",4.421
4.246920412,0.565713653908584,"F444W",4.421
4.248271643,0.565675204982217,"F444W",4.421
4.249622875,0.565641665430079,"F444W",4.421
4.250974106,0.565604651773194,"F444W",4.421
4.252325338,0.565560270845505,"F444W",4.421
4.253676569,0.565519110291652,"F444W",4.421
4.2550278,0.565477550560491,"F444W",4.421
4.256379032,0.56543733600111,"F444W",4.421
4.257730263,0.5653966388313,"F444W",4.421
4.259081495,0.565357137890613,"F444W",4.421
4.260432726,0.565319044545947,"F444W",4.421
4.261783958,0.565278708597948,"F444W",4.421
4.263135189,0.565239361950525,"F444W",4.421
4.26448642,0.565198383415095,"F444W",4.421
4.265837652,0.565154102533092,"F444W",4.421
4.267188883,0.565107851484094,"F444W",4.421
4.268540115,0.565053711973579,"F444W",4.421
4.269891346,0.564996936321498,"F444W",4.421
4.271242578,0.564942253150184,"F444W",4.421
4.272593809,0.564876423551179,"F444W",4.421
4.273945041,0.564809030766873,"F444W",4.421
4.275296272,0.564750590605247,"F444W",4.421
4.276647503,0.564681178163712,"F444W",4.421
4.277998735,0.5646103638374,"F444W",4.421
4.279349966,0.564552976024748,"F444W",4.421
4.280701198,0.564485372891695,"F444W",4.421
4.282052429,0.564428544285948,"F444W",4.421
4.283403661,0.564355380045055,"F444W",4.421
4.284754892,0.564280031467791,"F444W",4.421
4.286106123,0.564217122450682,"F444W",4.421
4.287457355,0.564132565432641,"F444W",4.421
4.288808586,0.564044657225774,"F444W",4.421
4.290159818,0.563974182091409,"F444W",4.421
4.291511049,0.563882583213761,"F444W",4.421
4.292862281,0.563788131693359,"F444W",4.421
4.294213512,0.563714632943567,"F444W",4.421
4.295564744,0.563620858768062,"F444W",4.421
4.296915975,0.563525996743986,"F444W",4.421
4.298267206,0.563453368276676,"F444W",4.421
4.299618438,0.563357824489333,"F444W",4.421
4.300969669,0.563261418471062,"F444W",4.421
4.302320901,0.563187300379772,"F444W",4.421
4.303672132,0.56308519186853,"F444W",4.421
4.305023364,0.563009523468011,"F444W",4.421
4.306374595,0.562906018304363,"F444W",4.421
4.307725826,0.562799753023717,"F444W",4.421
4.309077058,0.562720260569275,"F444W",4.421
4.310428289,0.562613177007568,"F444W",4.421
4.311779521,0.562505522839866,"F444W",4.421
4.313130752,0.562426213260468,"F444W",4.421
4.314481984,0.562316997983993,"F444W",4.421
4.315833215,0.562208444847135,"F444W",4.421
4.317184447,0.562129740548015,"F444W",4.421
4.318535678,0.562018357966671,"F444W",4.421
4.319886909,0.561906205666996,"F444W",4.421
4.321238141,0.5618253756194,"F444W",4.421
4.322589372,0.561710939235949,"F444W",4.421
4.323940604,0.561593581275129,"F444W",4.421
4.325291835,0.561506841435214,"F444W",4.421
4.326643067,0.56138701773518,"F444W",4.421
4.327994298,0.561264971280079,"F444W",4.421
4.32934553,0.561172855569003,"F444W",4.421
4.330696761,0.561048796893985,"F444W",4.421
4.332047992,0.560956184242455,"F444W",4.421
4.333399224,0.560830223601819,"F444W",4.421
4.334750455,0.560702710624398,"F444W",4.421
4.336101687,0.560607353466833,"F444W",4.421
4.337452918,0.560479779227874,"F444W",4.421
4.33880415,0.560350828602482,"F444W",4.421
4.340155381,0.560250071548694,"F444W",4.421
4.341506612,0.560117368267802,"F444W",4.421
4.342857844,0.559980829242866,"F444W",4.421
4.344209075,0.559869839381114,"F444W",4.421
4.345560307,0.559724583652652,"F444W",4.421
4.346911538,0.559577175671331,"F444W",4.421
4.34826277,0.559453630446222,"F444W",4.421
4.349614001,0.55928554314786,"F444W",4.421
4.350965233,0.559113497834431,"F444W",4.421
4.352316464,0.558953658363311,"F444W",4.421
4.353667695,0.558775426449447,"F444W",4.421
4.355018927,0.558605863482488,"F444W",4.421
4.356370158,0.558418475830516,"F444W",4.421
4.35772139,0.55822722109412,"F444W",4.421
4.359072621,0.558040099862761,"F444W",4.421
4.360423853,0.557835208896959,"F444W",4.421
4.361775084,0.557623356063083,"F444W",4.421
4.363126315,0.557413519834842,"F444W",4.421
4.364477547,0.557187544254482,"F444W",4.421
4.365828778,0.556954480403677,"F444W",4.421
4.36718001,0.556721499163503,"F444W",4.421
4.368531241,0.556475978622578,"F444W",4.421
4.369882473,0.556224779518121,"F444W",4.421
4.371233704,0.555971300292321,"F444W",4.421
4.372584936,0.555709534734708,"F444W",4.421
4.373936167,0.555442487831675,"F444W",4.421
4.375287398,0.555171998265007,"F444W",4.421
4.37663863,0.554894265765509,"F444W",4.421
4.377989861,0.55461358519804,"F444W",4.421
4.379341093,0.55432690757013,"F444W",4.421
4.380692324,0.55403746993864,"F444W",4.421
4.382043556,0.553739326142447,"F444W",4.421
4.383394787,0.553441266254431,"F444W",4.421
4.384746018,0.553139873781915,"F444W",4.421
4.38609725,0.552831366217322,"F444W",4.421
4.387448481,0.55252557685187,"F444W",4.421
4.388799713,0.552219671157257,"F444W",4.421
4.390150944,0.551904862631281,"F444W",4.421
4.391502176,0.551598522099601,"F444W",4.421
4.392853407,0.551293141172779,"F444W",4.421
4.394204639,0.550979927659517,"F444W",4.421
4.39555587,0.550678922825407,"F444W",4.421
4.396907101,0.550380000299645,"F444W",4.421
4.398258333,0.550145437515165,"F444W",4.421
4.399609564,0.549887823091417,"F444W",4.421
4.400960796,0.549633403866104,"F444W",4.421
4.402312027,0.54940447356988,"F444W",4.421
4.403663259,0.549156299073774,"F444W",4.421
4.40501449,0.548932882084756,"F444W",4.421
4.406365722,0.548692832890259,"F444W",4.421
4.407716953,0.548457320912686,"F444W",4.421
4.409068184,0.548249469464,"F444W",4.421
4.410419416,0.548026703669316,"F444W",4.421
4.411770647,0.54781196237716,"F444W",4.421
4.413121879,0.547622309596455,"F444W",4.421
4.41447311,0.547420724531471,"F444W",4.421
4.415824342,0.547224576814705,"F444W",4.421
4.417175573,0.547052961676923,"F444W",4.421
4.418526804,0.546867805262268,"F444W",4.421
4.419878036,0.546686988601667,"F444W",4.421
4.421229267,0.546528467891426,"F444W",4.421
4.422580499,0.546356378051898,"F444W",4.421
4.42393173,0.546189563115482,"F444W",4.421
4.425282962,0.546043688237778,"F444W",4.421
4.426634193,0.545886607052828,"F444W",4.421
4.427985425,0.545732436168449,"F444W",4.421
4.429336656,0.545601141472212,"F444W",4.421
4.430687887,0.545455742454293,"F444W",4.421
4.432039119,0.545332976052008,"F444W",4.421
4.43339035,0.545195377210358,"F444W",4.421
4.434741582,0.545062685958022,"F444W",4.421
4.436092813,0.544951330321849,"F444W",4.421
4.437444045,0.544824920348306,"F444W",4.421
4.438795276,0.544701052567476,"F444W",4.421
4.440146507,0.544599302566241,"F444W",4.421
4.441497739,0.544481471559204,"F444W",4.421
4.44284897,0.544364703040883,"F444W",4.421
4.444200202,0.544271198425488,"F444W",4.421
4.445551433,0.544139175107145,"F444W",4.421
4.446902665,0.544009286391275,"F444W",4.421
4.448253896,0.54388240099932,"F444W",4.421
4.449605128,0.543752875499857,"F444W",4.421
4.450956359,0.543622641253762,"F444W",4.421
4.45230759,0.543500060697792,"F444W",4.421
4.453658822,0.543369362167309,"F444W",4.421
4.455010053,0.54324613988154,"F444W",4.421
4.456361285,0.543114136272265,"F444W",4.421
4.457712516,0.542981551305999,"F444W",4.421
4.459063748,0.542858866926393,"F444W",4.421
4.460414979,0.54272353425855,"F444W",4.421
4.461766211,0.542588613203383,"F444W",4.421
4.463117442,0.54246609456815,"F444W",4.421
4.464468673,0.542330317271372,"F444W",4.421
4.465819905,0.542190663824725,"F444W",4.421
4.467171136,0.542067027569349,"F444W",4.421
4.468522368,0.541924065684548,"F444W",4.421
4.469873599,0.541779603363165,"F444W",4.421
4.471224831,0.541650926041816,"F444W",4.421
4.472576062,0.541500762936735,"F444W",4.421
4.473927293,0.541348045013478,"F444W",4.421
4.475278525,0.541215363707115,"F444W",4.421
4.476629756,0.541056604222048,"F444W",4.421
4.477980988,0.540893209185164,"F444W",4.421
4.479332219,0.540754907355952,"F444W",4.421
4.480683451,0.540585717537549,"F444W",4.421
4.482034682,0.540442651149514,"F444W",4.421
4.483385914,0.540265103399646,"F444W",4.421
4.484737145,0.540085308846155,"F444W",4.421
4.486088376,0.539932985158907,"F444W",4.421
4.487439608,0.539745004934701,"F444W",4.421
4.488790839,0.539553439630447,"F444W",4.421
4.490142071,0.539395298487584,"F444W",4.421
4.491493302,0.539198920652666,"F444W",4.421
4.492844534,0.538996826479103,"F444W",4.421
4.494195765,0.538830894261082,"F444W",4.421
4.495546996,0.538612224361553,"F444W",4.421
4.496898228,0.538391345982949,"F444W",4.421
4.498249459,0.538198074542721,"F444W",4.421
4.499600691,0.537967011446737,"F444W",4.421
4.500951922,0.537731121578935,"F444W",4.421
4.502303154,0.537529563726156,"F444W",4.421
4.503654385,0.537284875980715,"F444W",4.421
4.505005617,0.537072932137974,"F444W",4.421
4.506356848,0.536818204053806,"F444W",4.421
4.507708079,0.536557838475253,"F444W",4.421
4.509059311,0.536335590209016,"F444W",4.421
4.510410542,0.536063407107996,"F444W",4.421
4.511761774,0.5357875982935,"F444W",4.421
4.513113005,0.535551160266077,"F444W",4.421
4.514464237,0.53526731786222,"F444W",4.421
4.515815468,0.534977473478499,"F444W",4.421
4.517166699,0.534729848927186,"F444W",4.421
4.518517931,0.534432960022619,"F444W",4.421
4.519869162,0.534130870065022,"F444W",4.421
4.521220394,0.533872543398788,"F444W",4.421
4.522571625,0.53355884191406,"F444W",4.421
4.523922857,0.533243049024852,"F444W",4.421
4.525274088,0.532971053135805,"F444W",4.421
4.52662532,0.532644545632121,"F444W",4.421
4.527976551,0.532311796424753,"F444W",4.421
4.529327782,0.532027297631724,"F444W",4.421
4.530679014,0.531689573234679,"F444W",4.421
4.532030245,0.531399237393416,"F444W",4.421
4.533381477,0.531055255165016,"F444W",4.421
4.534732708,0.530708224565317,"F444W",4.421
4.53608394,0.530414918186696,"F444W",4.421
4.537435171,0.530065972388945,"F444W",4.421
4.538786403,0.529715053808787,"F444W",4.421
4.540137634,0.5294133293743,"F444W",4.421
4.541488865,0.529059783037904,"F444W",4.421
4.542840097,0.528704599516062,"F444W",4.421
4.544191328,0.528395997837576,"F444W",4.421
4.54554256,0.528033961332498,"F444W",4.421
4.546893791,0.527667869482446,"F444W",4.421
4.548245023,0.527351390588896,"F444W",4.421
4.549596254,0.52698398957357,"F444W",4.421
4.550947485,0.526617283395599,"F444W",4.421
4.552298717,0.52629769764232,"F444W",4.421
4.553649948,0.525932741071477,"F444W",4.421
4.55500118,0.525613715068982,"F444W",4.421
4.556352411,0.525248679699556,"F444W",4.421
4.557703643,0.524887415832322,"F444W",4.421
4.559054874,0.524570228433469,"F444W",4.421
4.560406106,0.524211371770789,"F444W",4.421
4.561757337,0.52385033381876,"F444W",4.421
4.563108568,0.523532389564468,"F444W",4.421
4.5644598,0.523176354839018,"F444W",4.421
4.565811031,0.522821885342844,"F444W",4.421
4.567162263,0.522505767200783,"F444W",4.421
4.568513494,0.522151472111426,"F444W",4.421
4.569864726,0.521802502563299,"F444W",4.421
4.571215957,0.521488075155974,"F444W",4.421
4.572567188,0.521140773282395,"F444W",4.421
4.57391842,0.520791741986813,"F444W",4.421
4.575269651,0.52047559039949,"F444W",4.421
4.576620883,0.520131590421798,"F444W",4.421
4.577972114,0.519787118346715,"F444W",4.421
4.579323346,0.519469070620553,"F444W",4.421
4.580674577,0.5191231975005,"F444W",4.421
4.582025809,0.518803576685224,"F444W",4.421
4.58337704,0.51845891679673,"F444W",4.421
4.584728271,0.518113609880641,"F444W",4.421
4.586079503,0.517784058570326,"F444W",4.421
4.587430734,0.517435139373909,"F444W",4.421
4.588781966,0.517085598703088,"F444W",4.421
4.590133197,0.516743295172498,"F444W",4.421
4.591484429,0.516386464762249,"F444W",4.421
4.59283566,0.516027891365677,"F444W",4.421
4.594186891,0.515678469908894,"F444W",4.421
4.595538123,0.515316014258314,"F444W",4.421
4.596889354,0.514949606555235,"F444W",4.421
4.598240586,0.514584268540468,"F444W",4.421
4.599591817,0.514214201040105,"F444W",4.421
4.600943049,0.513843558343694,"F444W",4.421
4.60229428,0.513462714066027,"F444W",4.421
4.603645512,0.513081050350313,"F444W",4.421
4.604996743,0.512695322026011,"F444W",4.421
4.606347974,0.512297170599812,"F444W",4.421
4.607699206,0.511899165776079,"F444W",4.421
4.609050437,0.511479827531047,"F444W",4.421
4.610401669,0.511068628237013,"F444W",4.421
4.6117529,0.510651018260842,"F444W",4.421
4.613104132,0.510208533244075,"F444W",4.421
4.614455363,0.509773682181845,"F444W",4.421
4.615806595,0.509333882093035,"F444W",4.421
4.617157826,0.508866973089208,"F444W",4.421
4.618509057,0.508418473334317,"F444W",4.421
4.619860289,0.507964258555598,"F444W",4.421
4.62121152,0.507472412693032,"F444W",4.421
4.622562752,0.507005956612983,"F444W",4.421
4.623913983,0.506533333638895,"F444W",4.421
4.625265215,0.506018896085749,"F444W",4.421
4.626616446,0.505530849410924,"F444W",4.421
4.627967677,0.505036913453085,"F444W",4.421
4.629318909,0.504499725807597,"F444W",4.421
4.63067014,0.50399325421727,"F444W",4.421
4.632021372,0.503436057280936,"F444W",4.421
4.633372603,0.50291487368077,"F444W",4.421
4.634723835,0.502391040126078,"F444W",4.421
4.636075066,0.501814731249102,"F444W",4.421
4.637426298,0.501278127632445,"F444W",4.421
4.638777529,0.500737373886927,"F444W",4.421
4.64012876,0.500139598789077,"F444W",4.421
4.641479992,0.499593784585972,"F444W",4.421
4.642831223,0.499043055885567,"F444W",4.421
4.644182455,0.498430914223802,"F444W",4.421
4.645533686,0.497873234341054,"F444W",4.421
4.646884918,0.497315058773069,"F444W",4.421
4.648236149,0.496696729315034,"F444W",4.421
4.64958738,0.496133043925251,"F444W",4.421
4.650938612,0.495567758982218,"F444W",4.421
4.652289843,0.494935911024348,"F444W",4.421
4.653641075,0.494368038089965,"F444W",4.421
4.654992306,0.493799551785006,"F444W",4.421
4.656343538,0.493159160159055,"F444W",4.421
4.657694769,0.492590593507745,"F444W",4.421
4.659046001,0.491954000787054,"F444W",4.421
4.660397232,0.491391249334558,"F444W",4.421
4.661748463,0.490830049169854,"F444W",4.421
4.663099695,0.490199106502746,"F444W",4.421
4.664450926,0.489648525329531,"F444W",4.421
4.665802158,0.489103217839899,"F444W",4.421
4.667153389,0.488488734164093,"F444W",4.421
4.668504621,0.487950858318016,"F444W",4.421
4.669855852,0.487420644056567,"F444W",4.421
4.671207083,0.486824273012185,"F444W",4.421
4.672558315,0.486309233362458,"F444W",4.421
4.673909546,0.485800111009031,"F444W",4.421
4.675260778,0.485219444308072,"F444W",4.421
4.676612009,0.484724495666271,"F444W",4.421
4.677963241,0.484237270481785,"F444W",4.421
4.679314472,0.483678424047979,"F444W",4.421
4.680665704,0.483202330931595,"F444W",4.421
4.682016935,0.482657785750012,"F444W",4.421
4.683368166,0.482200961842344,"F444W",4.421
4.684719398,0.481751942980914,"F444W",4.421
4.686070629,0.481235435919943,"F444W",4.421
4.687421861,0.480803813586663,"F444W",4.421
4.688773092,0.480384079642322,"F444W",4.421
4.690124324,0.479903730112508,"F444W",4.421
4.691475555,0.479504265948546,"F444W",4.421
4.692826787,0.479113242802289,"F444W",4.421
4.694178018,0.478659460987825,"F444W",4.421
4.695529249,0.478289728230325,"F444W",4.421
4.696880481,0.477929749382073,"F444W",4.421
4.698231712,0.477504439819969,"F444W",4.421
4.699582944,0.477158194559428,"F444W",4.421
4.700934175,0.476820716767396,"F444W",4.421
4.702285407,0.476425581118049,"F444W",4.421
4.703636638,0.476104315804143,"F444W",4.421
4.704987869,0.475786784910481,"F444W",4.421
4.706339101,0.475414247108265,"F444W",4.421
4.707690332,0.475115278204768,"F444W",4.421
4.709041564,0.474762690289464,"F444W",4.421
4.710392795,0.474476437049113,"F444W",4.421
4.711744027,0.474194699538609,"F444W",4.421
4.713095258,0.473863261622134,"F444W",4.421
4.71444649,0.473597112271259,"F444W",4.421
4.715797721,0.473335954057138,"F444W",4.421
4.717148952,0.473020708876457,"F444W",4.421
4.718500184,0.472763348061758,"F444W",4.421
4.719851415,0.472510792824267,"F444W",4.421
4.721202647,0.472209092649304,"F444W",4.421
4.722553878,0.471958432511165,"F444W",4.421
4.72390511,0.471706081866797,"F444W",4.421
4.725256341,0.471410109493997,"F444W",4.421
4.726607572,0.471162832668641,"F444W",4.421
4.727958804,0.470913145166135,"F444W",4.421
4.729310035,0.470620401068096,"F444W",4.421
4.730661267,0.470367189766823,"F444W",4.421
4.732012498,0.470078798239719,"F444W",4.421
4.73336373,0.469828026554873,"F444W",4.421
4.734714961,0.469572195479414,"F444W",4.421
4.736066193,0.469280162951661,"F444W",4.421
4.737417424,0.469017838889635,"F444W",4.421
4.738768655,0.468754923257572,"F444W",4.421
4.740119887,0.468460491017513,"F444W",4.421
4.741471118,0.468186090432152,"F444W",4.421
4.74282235,0.467905727244812,"F444W",4.421
4.744173581,0.467599002377438,"F444W",4.421
4.745524813,0.467311288403245,"F444W",4.421
4.746876044,0.467014706103451,"F444W",4.421
4.748227276,0.466692269088328,"F444W",4.421
4.749578507,0.466380834377522,"F444W",4.421
4.750929738,0.466064095126659,"F444W",4.421
4.75228097,0.465732049808724,"F444W",4.421
4.753632201,0.465402389664495,"F444W",4.421
4.754983433,0.465064693200794,"F444W",4.421
4.756334664,0.464717709358394,"F444W",4.421
4.757685896,0.464373207556182,"F444W",4.421
4.759037127,0.464022573016636,"F444W",4.421
4.760388358,0.463664944741912,"F444W",4.421
4.76173959,0.463300864014084,"F444W",4.421
4.763090821,0.462921115998662,"F444W",4.421
4.764442053,0.462533730004973,"F444W",4.421
4.765793284,0.462139808541422,"F444W",4.421
4.767144516,0.461729385768348,"F444W",4.421
4.768495747,0.461322339221132,"F444W",4.421
4.769846979,0.46091282306074,"F444W",4.421
4.77119821,0.460496565224215,"F444W",4.421
4.772549441,0.460077852928436,"F444W",4.421
4.773900673,0.459652506981523,"F444W",4.421
4.775251904,0.459228446179254,"F444W",4.421
4.776603136,0.458802786627308,"F444W",4.421
4.777954367,0.458373552449623,"F444W",4.421
4.779305599,0.457947962757627,"F444W",4.421
4.78065683,0.457513008306553,"F444W",4.421
4.782008061,0.457091108881488,"F444W",4.421
4.783359293,0.456661686905478,"F444W",4.421
4.784710524,0.456230400636702,"F444W",4.421
4.786061756,0.45581252493762,"F444W",4.421
4.787412987,0.455380768320143,"F444W",4.421
4.788764219,0.454953413597306,"F444W",4.421
4.79011545,0.454547248818655,"F444W",4.421
4.791466682,0.45412195326268,"F444W",4.421
4.792817913,0.45369661607831,"F444W",4.421
4.794169144,0.453295537193652,"F444W",4.421
4.795520376,0.45287810653639,"F444W",4.421
4.796871607,0.452463269628819,"F444W",4.421
4.798222839,0.45207335186315,"F444W",4.421
4.79957407,0.451660725935982,"F444W",4.421
4.800925302,0.451252305231743,"F444W",4.421
4.802276533,0.450877806996172,"F444W",4.421
4.803627764,0.450477887737422,"F444W",4.421
4.804978996,0.450077869414927,"F444W",4.421
4.806330227,0.449712736879205,"F444W",4.421
4.807681459,0.449323104258204,"F444W",4.421
4.80903269,0.448972088784792,"F444W",4.421
4.810383922,0.448591480621842,"F444W",4.421
4.811735153,0.448211565925437,"F444W",4.421
4.813086385,0.447871019673119,"F444W",4.421
4.814437616,0.447501931198492,"F444W",4.421
4.815788847,0.4471364258974,"F444W",4.421
4.817140079,0.446806867059617,"F444W",4.421
4.81849131,0.446439738632469,"F444W",4.421
4.819842542,0.446074693999334,"F444W",4.421
4.821193773,0.445749504876225,"F444W",4.421
4.822545005,0.44538621619758,"F444W",4.421
4.823896236,0.445019573550304,"F444W",4.421
4.825247468,0.444687886249063,"F444W",4.421
4.826598699,0.444318956144455,"F444W",4.421
4.82794993,0.443950702392769,"F444W",4.421
4.829301162,0.443617520108533,"F444W",4.421
4.830652393,0.443240140934346,"F444W",4.421
4.832003625,0.442897014696086,"F444W",4.421
4.833354856,0.442514530469764,"F444W",4.421
4.834706088,0.442130545273763,"F444W",4.421
4.836057319,0.441778424103747,"F444W",4.421
4.83740855,0.441378444132503,"F444W",4.421
4.838759782,0.440969951677871,"F444W",4.421
4.840111013,0.440594374379948,"F444W",4.421
4.841462245,0.440172764094437,"F444W",4.421
4.842813476,0.43973795863097,"F444W",4.421
4.844164708,0.439327243601928,"F444W",4.421
4.845515939,0.438866274360235,"F444W",4.421
4.846867171,0.438395804406828,"F444W",4.421
4.848218402,0.437951218683335,"F444W",4.421
4.849569633,0.43745332893239,"F444W",4.421
4.850920865,0.436940939383383,"F444W",4.421
4.852272096,0.436451062082209,"F444W",4.421
4.853623328,0.435915380527763,"F444W",4.421
4.854974559,0.435367782129887,"F444W",4.421
4.856325791,0.434836117319086,"F444W",4.421
4.857677022,0.434255373743383,"F444W",4.421
4.859028253,0.433693336214314,"F444W",4.421
4.860379485,0.433087731084919,"F444W",4.421
4.861730716,0.432468908594638,"F444W",4.421
4.863081948,0.431862066529986,"F444W",4.421
4.864433179,0.431209453571648,"F444W",4.421
4.865784411,0.430543146407089,"F444W",4.421
4.867135642,0.429892244660462,"F444W",4.421
4.868486874,0.42919846966188,"F444W",4.421
4.869838105,0.428487197273069,"F444W",4.421
4.871189336,0.427786650281696,"F444W",4.421
4.872540568,0.427049296596375,"F444W",4.421
4.873891799,0.426302255961166,"F444W",4.421
4.875243031,0.425565269817576,"F444W",4.421
4.876594262,0.424792342595481,"F444W",4.421
4.877945494,0.424009693760671,"F444W",4.421
4.879296725,0.423108687562333,"F444W",4.421
4.880647956,0.422182584129539,"F444W",4.421
4.881999188,0.421248773968368,"F444W",4.421
4.883350419,0.42019253574573,"F444W",4.421
4.884701651,0.419245155766536,"F444W",4.421
4.886052882,0.418180807057712,"F444W",4.421
4.887404114,0.417230682203795,"F444W",4.421
4.888755345,0.41627654514788,"F444W",4.421
4.890106577,0.415200235075929,"F444W",4.421
4.891457808,0.414240582693331,"F444W",4.421
4.892809039,0.413283729953095,"F444W",4.421
4.894160271,0.41220813991544,"F444W",4.421
4.895511502,0.411251681018679,"F444W",4.421
4.896862734,0.410294383283007,"F444W",4.421
4.898213965,0.409216792210326,"F444W",4.421
4.899565197,0.408267220725197,"F444W",4.421
4.900916428,0.407322483939294,"F444W",4.421
4.90226766,0.406255577898202,"F444W",4.421
4.903618891,0.405315496655275,"F444W",4.421
4.904970122,0.404381474861636,"F444W",4.421
4.906321354,0.403328353494418,"F444W",4.421
4.907672585,0.402407691377495,"F444W",4.421
4.909023817,0.40136019161822,"F444W",4.421
4.910375048,0.400441987316359,"F444W",4.421
4.91172628,0.39952768237838,"F444W",4.421
4.913077511,0.398486805272339,"F444W",4.421
4.914428742,0.397577620218184,"F444W",4.421
4.915779974,0.396664153256817,"F444W",4.421
4.917131205,0.395612750808483,"F444W",4.421
4.918482437,0.394688970246778,"F444W",4.421
4.919833668,0.393760966969948,"F444W",4.421
4.9211849,0.392688926501735,"F444W",4.421
4.922536131,0.391736034443397,"F444W",4.421
4.923887363,0.390766302461404,"F444W",4.421
4.925238594,0.389642520433595,"F444W",4.421
4.926589825,0.388638717487557,"F444W",4.421
4.927941057,0.387609392663784,"F444W",4.421
4.929292288,0.386413941150072,"F444W",4.421
4.93064352,0.385322959717008,"F444W",4.421
4.931994751,0.384199113992042,"F444W",4.421
4.933345983,0.382902164520185,"F444W",4.421
4.934697214,0.381699538329537,"F444W",4.421
4.936048445,0.380310625996142,"F444W",4.421
4.937399677,0.379002853238763,"F444W",4.421
4.938750908,0.377642027760858,"F444W",4.421
4.94010214,0.376079469028485,"F444W",4.421
4.941453371,0.374590346375481,"F444W",4.421
4.942804603,0.373029783047208,"F444W",4.421
4.944155834,0.371244564323537,"F444W",4.421
4.945507066,0.369526883700487,"F444W",4.421
4.946858297,0.367720207530475,"F444W",4.421
4.948209528,0.365689129858118,"F444W",4.421
4.94956076,0.363703762804365,"F444W",4.421
4.950911991,0.361620549397965,"F444W",4.421
4.952263223,0.3593044101575,"F444W",4.421
4.953614454,0.357023949585285,"F444W",4.421
4.954965686,0.354650108671352,"F444W",4.421
4.956316917,0.352020731016226,"F444W",4.421
4.957668148,0.349428497187806,"F444W",4.421
4.95901938,0.346588617388823,"F444W",4.421
4.960370611,0.343781221598839,"F444W",4.421
4.961721843,0.340871261705303,"F444W",4.421
4.963073074,0.33770773162542,"F444W",4.421
4.964424306,0.334582554181445,"F444W",4.421
4.965775537,0.331340274382014,"F444W",4.421
4.967126769,0.327871427147207,"F444W",4.421
4.968478,0.324431700037291,"F444W",4.421
4.969829231,0.320891579382746,"F444W",4.421
4.971180463,0.317126744050282,"F444W",4.421
4.972531694,0.313393153273064,"F444W",4.421
4.973882926,0.309583781224465,"F444W",4.421
4.975234157,0.30555112615766,"F444W",4.421
4.976585389,0.301573634264641,"F444W",4.421
4.97793662,0.297512360612338,"F444W",4.421
4.979287852,0.293260705602322,"F444W",4.421
4.980639083,0.289069430412196,"F444W",4.421
4.981990314,0.28481381853567,"F444W",4.421
4.983341546,0.280392001261791,"F444W",4.421
4.984692777,0.276025638951893,"F444W",4.421
4.986044009,0.271511686868227,"F444W",4.421
4.98739524,0.267068754696188,"F444W",4.421
4.988746472,0.26259874237831,"F444W",4.421
4.990097703,0.257990355304513,"F444W",4.421
4.991448934,0.253467083362199,"F444W",4.421
4.992800166,0.248931055461021,"F444W",4.421
4.994151397,0.244274824941974,"F444W",4.421
4.995502629,0.239728115634393,"F444W",4.421
4.99685386,0.23517114918253,"F444W",4.421
4.998205092,0.230523730615212,"F444W",4.421
4.999556323,0.225979811202379,"F444W",4.421
5.000907555,0.221450235789588,"F444W",4.421
5.002258786,0.216900997272137,"F444W",4.421
5.003610017,0.212434157523616,"F444W",4.421
5.004961249,0.207993020723912,"F444W",4.421
5.00631248,0.203508882913863,"F444W",4.421
5.007663712,0.199109355399698,"F444W",4.421
5.009014943,0.194695820793469,"F444W",4.421
5.010366175,0.190381816013618,"F444W",4.421
5.011717406,0.186103694514071,"F444W",4.421
5.013068637,0.181795243673864,"F444W",4.421
5.014419869,0.177603110059461,"F444W",4.421
5.0157711,0.173453593733986,"F444W",4.421
5.017122332,0.169296682855391,"F444W",4.421
5.018473563,0.165239235010378,"F444W",4.421
5.019824795,0.161234849457821,"F444W",4.421
5.021176026,0.157227502341362,"F444W",4.421
5.022527258,0.153327000345779,"F444W",4.421
5.023878489,0.149478009898017,"F444W",4.421
5.02522972,0.145633127877038,"F444W",4.421
5.026580952,0.14188987289453,"F444W",4.421
5.027932183,0.13819643878564,"F444W",4.421
5.029283415,0.134515409038455,"F444W",4.421
5.030634646,0.130927714007218,"F444W",4.421
5.031985878,0.127394437771867,"F444W",4.421
5.033337109,0.123866062436666,"F444W",4.421
5.034688341,0.120431313017033,"F444W",4.421
5.036039572,0.117006524767018,"F444W",4.421
5.037390803,0.113671671541327,"F444W",4.421
5.038742035,0.110386469876563,"F444W",4.421
5.040093266,0.107110943434431,"F444W",4.421
5.041444498,0.103923587160025,"F444W",4.421
5.042795729,0.100780509127945,"F444W",4.421
5.044146961,0.0976578850151388,"F444W",4.421
5.045498192,0.0946130412113443,"F444W",4.421
5.046849423,0.0916182485726314,"F444W",4.421
5.048200655,0.0886380669779045,"F444W",4.421
5.049551886,0.0857375314653742,"F444W",4.421
5.050903118,0.0828848621121065,"F444W",4.421
5.052254349,0.0800504020949981,"F444W",4.421
5.053605581,0.077293723288299,"F444W",4.421
5.054956812,0.0745802993005655,"F444W",4.421
5.056308044,0.0718935806401336,"F444W",4.421
5.057659275,0.0692772810878804,"F444W",4.421
5.059010506,0.0666897873916389,"F444W",4.421
5.060361738,0.0641718062318843,"F444W",4.421
5.061712969,0.0617044593528206,"F444W",4.421
5.063064201,0.0592642549527726,"F444W",4.421
5.064415432,0.0569105244903838,"F444W",4.421
5.065766664,0.0546082624649941,"F444W",4.421
5.067117895,0.0523485434412451,"F444W",4.421
5.068469126,0.050150704796732,"F444W",4.421
5.069820358,0.0480030936254048,"F444W",4.421
5.071171589,0.0459074772943567,"F444W",4.421
5.072522821,0.0438718795716684,"F444W",4.421
5.073874052,0.0418956821880529,"F444W",4.421
5.075225284,0.0399686662371323,"F444W",4.421
5.076576515,0.0381067012081271,"F444W",4.421
5.077927747,0.0363025496631988,"F444W",4.421
5.079278978,0.0345517276488581,"F444W",4.421
5.080630209,0.0328658795672039,"F444W",4.421
5.081981441,0.0312376998042737,"F444W",4.421
5.083332672,0.0296643388135863,"F444W",4.421
5.084683904,0.0281527988381279,"F444W",4.421
5.086035135,0.0266966132097449,"F444W",4.421
5.087386367,0.0253017731290916,"F444W",4.421
5.088737598,0.0239653035801205,"F444W",4.421
5.090088829,0.0226801538317458,"F444W",4.421
5.091440061,0.0214556340502908,"F444W",4.421
5.092791292,0.020285648627031,"F444W",4.421
5.094142524,0.0191659024707805,"F444W",4.421
5.095493755,0.0181026637269322,"F444W",4.421
5.096844987,0.0170902494962676,"F444W",4.421
5.098196218,0.0161244246241277,"F444W",4.421
5.09954745,0.0152098246534639,"F444W",4.421
5.100898681,0.0143425824679468,"F444W",4.421
5.102249912,0.0135174859336113,"F444W",4.421
5.103601144,0.0127395708474829,"F444W",4.421
5.104952375,0.0120034181676693,"F444W",4.421
5.106303607,0.0113051624566576,"F444W",4.421
5.107654838,0.0106480269414234,"F444W",4.421
5.10900607,0.0100254502252417,"F444W",4.421
5.110357301,0.00944046617767697,"F444W",4.421
5.111708533,0.0088888127875833,"F444W",4.421
5.113059764,0.00836663762809701,"F444W",4.421
5.114410995,0.00787654810885565,"F444W",4.421
5.115762227,0.00741497145458829,"F444W",4.421
5.117113458,0.00697845984380384,"F444W",4.421
5.11846469,0.00656956632302806,"F444W",4.421
5.119815921,0.00618489229756234,"F444W",4.421
5.121167153,0.00582144710151024,"F444W",4.421
5.122518384,0.0054814601973358,"F444W",4.421
5.123869615,0.0051619573783683,"F444W",4.421
5.125220847,0.00486044483307008,"F444W",4.421
5.126572078,0.00457868686346814,"F444W",4.421
5.12792331,0.00431412048742501,"F444W",4.421
5.129274541,0.00406442046850371,"F444W",4.421
5.130625773,0.00383127872579147,"F444W",4.421
5.131977004,0.00361241989195835,"F444W",4.421
5.133328236,0.0034057209550791,"F444W",4.421
5.134679467,0.00321263869438272,"F444W",4.421
5.136030698,0.00303010182209117,"F444W",4.421
5.13738193,0.00285959620497461,"F444W",4.421
5.138733161,0.00269941889874825,"F444W",4.421
5.140084393,0.00254807618587162,"F444W",4.421
5.141435624,0.00240676100444182,"F444W",4.421
5.142786856,0.00227404389637501,"F444W",4.421
5.144138087,0.00214853344046526,"F444W",4.421
5.145489318,0.00203149621693072,"F444W",4.421
5.14684055,0.00192155732095447,"F444W",4.421
5.148191781,0.00181747296194444,"F444W",4.421
5.149543013,0.00172018938302105,"F444W",4.421
5.150894244,0.0016286253533616,"F444W",4.421
5.152245476,0.00154178425019386,"F444W",4.421
5.153596707,0.00146071550477568,"F444W",4.421
5.154947939,0.0013844061541334,"F444W",4.421
5.15629917,0.00131186487065361,"F444W",4.421
5.157650401,0.00124396154483292,"F444W",4.421
5.159001633,0.00117939858928517,"F444W",4.421
5.160352864,0.00111907548699042,"F444W",4.421
5.161704096,0.00106224623149809,"F444W",4.421
5.163055327,0.00100826579872791,"F444W",4.421
5.164406559,0.000957748433775769,"F444W",4.421
5.16575779,0.000910114463833133,"F444W",4.421
5.167109021,0.00086483771365339,"F444W",4.421
5.168460253,0.000822574308063043,"F444W",4.421
5.169811484,0.000782713112761295,"F444W",4.421
5.171162716,0.000744604729596122,"F444W",4.421
5.172513947,0.000708766694879355,"F444W",4.421
5.173865179,0.000674749438466057,"F444W",4.421
5.17521641,0.000642107950510581,"F444W",4.421
5.176567642,0.000611351992641101,"F444W",4.421
5.177918873,0.00058202144987441,"F444W",4.421
5.179270104,0.000553718431891056,"F444W",4.421
5.180621336,0.000526999211273338,"F444W",4.421
5.181972567,0.000501753631280504,"F444W",4.421
5.183323799,0.00047767995000035,"F444W",4.421
5.18467503,0.00045520040055545,"F444W",4.421
5.186026262,0.000433716478209905,"F444W",4.421
5.187377493,0.000413630781643314,"F444W",4.421
5.188728725,0.000394688454063968,"F444W",4.421
5.190079956,0.000376769177552338,"F444W",4.421
5.191431187,0.000360209333508901,"F444W",4.421
5.192782419,0.000344554969579962,"F444W",4.421
5.19413365,0.000329531849353124,"F444W",4.421
5.195484882,0.000315421114022498,"F444W",4.421
5.196836113,0,"F444W",4.421
5.198187344,0,"F444W",4.421
NA,NA,"F444W",4.421
4.496898229,0,"F480M",4.828
4.49824946,0,"F480M",4.828
4.499600691,0.00014805000422479,"F480M",4.828
4.500951922,0.000156957377648329,"F480M",4.828
4.502303154,0.000157763574681284,"F480M",4.828
4.503654385,0.000162880573740366,"F480M",4.828
4.505005617,0.000171178404255812,"F480M",4.828
4.506356848,0.000181821580346275,"F480M",4.828
4.507708079,0.000184202778880507,"F480M",4.828
4.509059311,0.000191000148041498,"F480M",4.828
4.510410542,0.000203472476451224,"F480M",4.828
4.511761774,0.000216461934102282,"F480M",4.828
4.513113005,0.000224188158827528,"F480M",4.828
4.514464237,0.000232255312657983,"F480M",4.828
4.515815468,0.000250785865240874,"F480M",4.828
4.517166699,0.000266276721533552,"F480M",4.828
4.518517931,0.000277075733849472,"F480M",4.828
4.519869162,0.00028202278395832,"F480M",4.828
4.521220394,0.000300035864327242,"F480M",4.828
4.522571625,0.000321787887721269,"F480M",4.828
4.523922857,0.000340559921209491,"F480M",4.828
4.525274088,0.000355731687571566,"F480M",4.828
4.52662532,0.000377617778437687,"F480M",4.828
4.527976551,0.000409229801020385,"F480M",4.828
4.529327782,0.000431947139876618,"F480M",4.828
4.530679014,0.00045595231082975,"F480M",4.828
4.532030245,0.000483098615040808,"F480M",4.828
4.533381477,0.000525851050330748,"F480M",4.828
4.534732708,0.000562788442398344,"F480M",4.828
4.53608394,0.000594871902168898,"F480M",4.828
4.537435171,0.000628222973508772,"F480M",4.828
4.538786403,0.00067371666021991,"F480M",4.828
4.540137634,0.000725955676812358,"F480M",4.828
4.541488865,0.000770902992267519,"F480M",4.828
4.542840097,0.000821309122586095,"F480M",4.828
4.544191328,0.000879061735682069,"F480M",4.828
4.54554256,0.000948099072897535,"F480M",4.828
4.546893791,0.00101033855187581,"F480M",4.828
4.548245023,0.00107479736070562,"F480M",4.828
4.549596254,0.00114816679743249,"F480M",4.828
4.550947485,0.00122916576703831,"F480M",4.828
4.552298717,0.00131109936529929,"F480M",4.828
4.553649948,0.0013872545597158,"F480M",4.828
4.55500118,0.00147935269891824,"F480M",4.828
4.556352411,0.00157994981181235,"F480M",4.828
4.557703643,0.00168750469610528,"F480M",4.828
4.559054874,0.00178698852682989,"F480M",4.828
4.560406106,0.00189732124232811,"F480M",4.828
4.561757337,0.00202485717654119,"F480M",4.828
4.563108568,0.00215834533951911,"F480M",4.828
4.5644598,0.00229368536504187,"F480M",4.828
4.565811031,0.0024290824069648,"F480M",4.828
4.567162263,0.00259124288373639,"F480M",4.828
4.568513494,0.00276032747264265,"F480M",4.828
4.569864726,0.00293470747595314,"F480M",4.828
4.571215957,0.00310656124711328,"F480M",4.828
4.572567188,0.00330052237855186,"F480M",4.828
4.57391842,0.00352045821766289,"F480M",4.828
4.575269651,0.0037445262623884,"F480M",4.828
4.576620883,0.0039761919667396,"F480M",4.828
4.577972114,0.00421595727419365,"F480M",4.828
4.579323346,0.0044944799200817,"F480M",4.828
4.580674577,0.00478542932282132,"F480M",4.828
4.582025809,0.00508936969800275,"F480M",4.828
4.58337704,0.0054089783471215,"F480M",4.828
4.584728271,0.00576126708815021,"F480M",4.828
4.586079503,0.00614893590746055,"F480M",4.828
4.587430734,0.00654458536001452,"F480M",4.828
4.588781966,0.00696620470898458,"F480M",4.828
4.590133197,0.0074161161726349,"F480M",4.828
4.591484429,0.00791838450189596,"F480M",4.828
4.59283566,0.00844383606524948,"F480M",4.828
4.594186891,0.00899294255819502,"F480M",4.828
4.595538123,0.00958807578978974,"F480M",4.828
4.596889354,0.010235633946349,"F480M",4.828
4.598240586,0.0109410794005486,"F480M",4.828
4.599591817,0.0116720910687944,"F480M",4.828
4.600943049,0.012457958858309,"F480M",4.828
4.60229428,0.0133044001829341,"F480M",4.828
4.603645512,0.0142299153699318,"F480M",4.828
4.604996743,0.0152103294427044,"F480M",4.828
4.606347974,0.0162446709194083,"F480M",4.828
4.607699206,0.0173731546025829,"F480M",4.828
4.609050437,0.0185894205208515,"F480M",4.828
4.610401669,0.0199031753254114,"F480M",4.828
4.6117529,0.0212873840256758,"F480M",4.828
4.613104132,0.0227753567634491,"F480M",4.828
4.614455363,0.0243867919271467,"F480M",4.828
4.615806595,0.0261248147047339,"F480M",4.828
4.617157826,0.0279793348805758,"F480M",4.828
4.618509057,0.0299515238797109,"F480M",4.828
4.619860289,0.0320953431079482,"F480M",4.828
4.62121152,0.0344000250790816,"F480M",4.828
4.622562752,0.0368786624373586,"F480M",4.828
4.623913983,0.0395177228540965,"F480M",4.828
4.625265215,0.0423455994948423,"F480M",4.828
4.626616446,0.045407779293571,"F480M",4.828
4.627967677,0.0486848098906374,"F480M",4.828
4.629318909,0.0521846987844536,"F480M",4.828
4.63067014,0.0559146297702238,"F480M",4.828
4.632021372,0.0599281143721324,"F480M",4.828
4.633372603,0.0642415021414991,"F480M",4.828
4.634723835,0.0688342135784666,"F480M",4.828
4.636075066,0.0737155275443607,"F480M",4.828
4.637426298,0.0789272601591982,"F480M",4.828
4.638777529,0.0845154183706373,"F480M",4.828
4.64012876,0.0904470036592644,"F480M",4.828
4.641479992,0.0967652487059967,"F480M",4.828
4.642831223,0.103423401447859,"F480M",4.828
4.644182455,0.110498273218793,"F480M",4.828
4.645533686,0.118035901869942,"F480M",4.828
4.646884918,0.125932339092818,"F480M",4.828
4.648236149,0.1342584031543,"F480M",4.828
4.64958738,0.14303352962799,"F480M",4.828
4.650938612,0.152235931073084,"F480M",4.828
4.652289843,0.161889618345227,"F480M",4.828
4.653641075,0.171943569123266,"F480M",4.828
4.654992306,0.182360969329155,"F480M",4.828
4.656343538,0.1932240285578,"F480M",4.828
4.657694769,0.204464556721597,"F480M",4.828
4.659046001,0.215984492994368,"F480M",4.828
4.660397232,0.227944927503316,"F480M",4.828
4.661748463,0.24003398188685,"F480M",4.828
4.663099695,0.252396724707745,"F480M",4.828
4.664450926,0.265162076062598,"F480M",4.828
4.665802158,0.277744160546761,"F480M",4.828
4.667153389,0.29051728986948,"F480M",4.828
4.668504621,0.303442840087713,"F480M",4.828
4.669855852,0.316094647191713,"F480M",4.828
4.671207083,0.328766034982407,"F480M",4.828
4.672558315,0.341234342850953,"F480M",4.828
4.673909546,0.353264873320075,"F480M",4.828
4.675260778,0.365150294892836,"F480M",4.828
4.676612009,0.376518077043581,"F480M",4.828
4.677963241,0.387356286886386,"F480M",4.828
4.679314472,0.397855765698284,"F480M",4.828
4.680665704,0.407463393062746,"F480M",4.828
4.682016935,0.416550664125903,"F480M",4.828
4.683368166,0.425285042825008,"F480M",4.828
4.684719398,0.432885908102519,"F480M",4.828
4.686070629,0.440020010914602,"F480M",4.828
4.687421861,0.446586362479984,"F480M",4.828
4.688773092,0.4522988734642,"F480M",4.828
4.690124324,0.457537320355718,"F480M",4.828
4.691475555,0.462093818459997,"F480M",4.828
4.692826787,0.466028320569297,"F480M",4.828
4.694178018,0.469527500759923,"F480M",4.828
4.695529249,0.472393987341906,"F480M",4.828
4.696880481,0.474873576228597,"F480M",4.828
4.698231712,0.476958410233927,"F480M",4.828
4.699582944,0.478518174457822,"F480M",4.828
4.700934175,0.479867791107018,"F480M",4.828
4.702285407,0.480852678897975,"F480M",4.828
4.703636638,0.481555048091935,"F480M",4.828
4.704987869,0.482102711168536,"F480M",4.828
4.706339101,0.482339636519732,"F480M",4.828
4.707690332,0.482496377405144,"F480M",4.828
4.709041564,0.482500000945975,"F480M",4.828
4.710392795,0.482393656965284,"F480M",4.828
4.711744027,0.482222712336323,"F480M",4.828
4.713095258,0.481927309490622,"F480M",4.828
4.71444649,0.481628601284082,"F480M",4.828
4.715797721,0.481302312081118,"F480M",4.828
4.717148952,0.480875231612825,"F480M",4.828
4.718500184,0.480480181793537,"F480M",4.828
4.719851415,0.480075582161007,"F480M",4.828
4.721202647,0.479618370818563,"F480M",4.828
4.722553878,0.479198282419126,"F480M",4.828
4.72390511,0.478767060612755,"F480M",4.828
4.725256341,0.478281928928003,"F480M",4.828
4.726607572,0.477850759259823,"F480M",4.828
4.727958804,0.477430455626095,"F480M",4.828
4.729310035,0.476965342106955,"F480M",4.828
4.730661267,0.476545159194885,"F480M",4.828
4.732012498,0.4761045824283,"F480M",4.828
4.73336373,0.475723870635412,"F480M",4.828
4.734714961,0.475357969145048,"F480M",4.828
4.736066193,0.47495456111366,"F480M",4.828
4.737417424,0.474587819912565,"F480M",4.828
4.738768655,0.474226499245672,"F480M",4.828
4.740119887,0.473850863168478,"F480M",4.828
4.741471118,0.473502563992285,"F480M",4.828
4.74282235,0.473132350081752,"F480M",4.828
4.744173581,0.472733485479356,"F480M",4.828
4.745524813,0.472352560280175,"F480M",4.828
4.746876044,0.471957572565791,"F480M",4.828
4.748227276,0.471531471513333,"F480M",4.828
4.749578507,0.471094877401295,"F480M",4.828
4.750929738,0.470654139506913,"F480M",4.828
4.75228097,0.470200941454889,"F480M",4.828
4.753632201,0.469756578618848,"F480M",4.828
4.754983433,0.469295989045253,"F480M",4.828
4.756334664,0.468815638894,"F480M",4.828
4.757685896,0.468352114069667,"F480M",4.828
4.759037127,0.467891124572171,"F480M",4.828
4.760388358,0.467436755521339,"F480M",4.828
4.76173959,0.46696748741542,"F480M",4.828
4.763090821,0.466479559039325,"F480M",4.828
4.764442053,0.466004357435955,"F480M",4.828
4.765793284,0.465537069328293,"F480M",4.828
4.767144516,0.465071995228063,"F480M",4.828
4.768495747,0.464593909962587,"F480M",4.828
4.769846979,0.464114734078944,"F480M",4.828
4.77119821,0.463647021891405,"F480M",4.828
4.772549441,0.463184514824626,"F480M",4.828
4.773900673,0.462722491534284,"F480M",4.828
4.775251904,0.462262929481482,"F480M",4.828
4.776603136,0.461815153095183,"F480M",4.828
4.777954367,0.461397204245335,"F480M",4.828
4.779305599,0.460996403534046,"F480M",4.828
4.78065683,0.460595050021149,"F480M",4.828
4.782008061,0.460220684580802,"F480M",4.828
4.783359293,0.459859506027052,"F480M",4.828
4.784710524,0.459528272587364,"F480M",4.828
4.786061756,0.459218627251227,"F480M",4.828
4.787412987,0.458899007674401,"F480M",4.828
4.788764219,0.458592745797706,"F480M",4.828
4.79011545,0.458325953990734,"F480M",4.828
4.791466682,0.45806062937502,"F480M",4.828
4.792817913,0.457780668906732,"F480M",4.828
4.794169144,0.457520764654225,"F480M",4.828
4.795520376,0.457238637982106,"F480M",4.828
4.796871607,0.456970279357823,"F480M",4.828
4.798222839,0.456736965415634,"F480M",4.828
4.79957407,0.456456232608507,"F480M",4.828
4.800925302,0.456177894105828,"F480M",4.828
4.802276533,0.455935695802465,"F480M",4.828
4.803627764,0.455682504112166,"F480M",4.828
4.804978996,0.455436467624934,"F480M",4.828
4.806330227,0.455193315779987,"F480M",4.828
4.807681459,0.454921545984914,"F480M",4.828
4.80903269,0.45468633019004,"F480M",4.828
4.810383922,0.454419270712786,"F480M",4.828
4.811735153,0.45414872407355,"F480M",4.828
4.813086385,0.453869187607532,"F480M",4.828
4.814437616,0.45355540955074,"F480M",4.828
4.815788847,0.453242909327197,"F480M",4.828
4.817140079,0.452956038758191,"F480M",4.828
4.81849131,0.452621862080389,"F480M",4.828
4.819842542,0.452231972151832,"F480M",4.828
4.821193773,0.451878160162801,"F480M",4.828
4.822545005,0.451483547155438,"F480M",4.828
4.823896236,0.451072961980988,"F480M",4.828
4.825247468,0.450690044213453,"F480M",4.828
4.826598699,0.450227071636727,"F480M",4.828
4.82794993,0.449774344810255,"F480M",4.828
4.829301162,0.449372722711983,"F480M",4.828
4.830652393,0.44892749396472,"F480M",4.828
4.832003625,0.448515857462954,"F480M",4.828
4.833354856,0.448037274184161,"F480M",4.828
4.834706088,0.447567004162417,"F480M",4.828
4.836057319,0.447145589818328,"F480M",4.828
4.83740855,0.446675759063074,"F480M",4.828
4.838759782,0.446198900366775,"F480M",4.828
4.840111013,0.445733792171987,"F480M",4.828
4.841462245,0.445238915063552,"F480M",4.828
4.842813476,0.444755208412687,"F480M",4.828
4.844164708,0.44428023140459,"F480M",4.828
4.845515939,0.443754678760126,"F480M",4.828
4.846867171,0.443201557841457,"F480M",4.828
4.848218402,0.442692312922206,"F480M",4.828
4.849569633,0.442154961100273,"F480M",4.828
4.850920865,0.441587383376288,"F480M",4.828
4.852272096,0.441043938269651,"F480M",4.828
4.853623328,0.440451268119322,"F480M",4.828
4.854974559,0.439864604120526,"F480M",4.828
4.856325791,0.439322603427724,"F480M",4.828
4.857677022,0.438712269064214,"F480M",4.828
4.859028253,0.438119705083832,"F480M",4.828
4.860379485,0.437479923260342,"F480M",4.828
4.861730716,0.436835131866998,"F480M",4.828
4.863081948,0.436212704642991,"F480M",4.828
4.864433179,0.435502806192856,"F480M",4.828
4.865784411,0.434764014370342,"F480M",4.828
4.867135642,0.434027963140767,"F480M",4.828
4.868486874,0.433258607007236,"F480M",4.828
4.869838105,0.432478060800362,"F480M",4.828
4.871189336,0.431680336843155,"F480M",4.828
4.872540568,0.430826546577417,"F480M",4.828
4.873891799,0.429969753846451,"F480M",4.828
4.875243031,0.429133658853286,"F480M",4.828
4.876594262,0.428270568598145,"F480M",4.828
4.877945494,0.427384136966534,"F480M",4.828
4.879296725,0.426361335296158,"F480M",4.828
4.880647956,0.425343467131202,"F480M",4.828
4.881999188,0.424333701695447,"F480M",4.828
4.883350419,0.423219863295099,"F480M",4.828
4.884701651,0.422216211229307,"F480M",4.828
4.886052882,0.42108926829188,"F480M",4.828
4.887404114,0.420122849739035,"F480M",4.828
4.888755345,0.419176182794272,"F480M",4.828
4.890106577,0.418129146698111,"F480M",4.828
4.891457808,0.417203744635836,"F480M",4.828
4.892809039,0.416285651438468,"F480M",4.828
4.894160271,0.415298859362567,"F480M",4.828
4.895511502,0.414471792193428,"F480M",4.828
4.896862734,0.413675988075777,"F480M",4.828
4.898213965,0.412767332353171,"F480M",4.828
4.899565197,0.412017128473125,"F480M",4.828
4.900916428,0.411312189332905,"F480M",4.828
4.90226766,0.410538647299429,"F480M",4.828
4.903618891,0.409899555652378,"F480M",4.828
4.904970122,0.409262404325486,"F480M",4.828
4.906321354,0.408504812653378,"F480M",4.828
4.907672585,0.407882652442451,"F480M",4.828
4.909023817,0.407149919965514,"F480M",4.828
4.910375048,0.406489632280775,"F480M",4.828
4.91172628,0.405785426784991,"F480M",4.828
4.913077511,0.40483973987485,"F480M",4.828
4.914428742,0.403984997031417,"F480M",4.828
4.915779974,0.402985377161292,"F480M",4.828
4.917131205,0.401713577882365,"F480M",4.828
4.918482437,0.400376365647757,"F480M",4.828
4.919833668,0.398803131221114,"F480M",4.828
4.9211849,0.396988082638149,"F480M",4.828
4.922536131,0.394929218743555,"F480M",4.828
4.923887363,0.392735880628646,"F480M",4.828
4.925238594,0.389968890813486,"F480M",4.828
4.926589825,0.387087976758314,"F480M",4.828
4.927941057,0.383957420459524,"F480M",4.828
4.929292288,0.38028231877168,"F480M",4.828
4.93064352,0.376649150387133,"F480M",4.828
4.931994751,0.372386893063275,"F480M",4.828
4.933345983,0.367911946278745,"F480M",4.828
4.934697214,0.363243143867101,"F480M",4.828
4.936048445,0.358239236671851,"F480M",4.828
4.937399677,0.353253429580491,"F480M",4.828
4.938750908,0.347907869938068,"F480M",4.828
4.94010214,0.342478063550374,"F480M",4.828
4.941453371,0.336932231258092,"F480M",4.828
4.942804603,0.331475273019786,"F480M",4.828
4.944155834,0.325845585380692,"F480M",4.828
4.945507066,0.320345724072744,"F480M",4.828
4.946858297,0.314937870175724,"F480M",4.828
4.948209528,0.309478343393947,"F480M",4.828
4.94956076,0.304356074430025,"F480M",4.828
4.950911991,0.299311747722995,"F480M",4.828
4.952263223,0.294345446058577,"F480M",4.828
4.953614454,0.28961767117086,"F480M",4.828
4.954965686,0.285103014836713,"F480M",4.828
4.956316917,0.280693029350972,"F480M",4.828
4.957668148,0.276549999889736,"F480M",4.828
4.95901938,0.272493825469071,"F480M",4.828
4.960370611,0.268653340113412,"F480M",4.828
4.961721843,0.265006440054719,"F480M",4.828
4.963073074,0.261428904066521,"F480M",4.828
4.964424306,0.258078571042627,"F480M",4.828
4.965775537,0.254848918531461,"F480M",4.828
4.967126769,0.251565346564492,"F480M",4.828
4.968478,0.248498194669475,"F480M",4.828
4.969829231,0.245497143243768,"F480M",4.828
4.971180463,0.242467075524724,"F480M",4.828
4.972531694,0.239525456947919,"F480M",4.828
4.973882926,0.23658683245251,"F480M",4.828
4.975234157,0.2335585723821,"F480M",4.828
4.976585389,0.230604452787413,"F480M",4.828
4.97793662,0.227701617226045,"F480M",4.828
4.979287852,0.224509453472794,"F480M",4.828
4.980639083,0.221427089485698,"F480M",4.828
4.981990314,0.218191061125264,"F480M",4.828
4.983341546,0.214822640026668,"F480M",4.828
4.984692777,0.211472040871545,"F480M",4.828
4.986044009,0.207840041033318,"F480M",4.828
4.98739524,0.204251278665588,"F480M",4.828
4.988746472,0.200387148564605,"F480M",4.828
4.990097703,0.196449368447076,"F480M",4.828
4.991448934,0.192352697309678,"F480M",4.828
4.992800166,0.188189522309547,"F480M",4.828
4.994151397,0.183737282937108,"F480M",4.828
4.995502629,0.179224718276268,"F480M",4.828
4.99685386,0.17464616267854,"F480M",4.828
4.998205092,0.169788519324899,"F480M",4.828
4.999556323,0.165059841380529,"F480M",4.828
5.000907555,0.159973224970708,"F480M",4.828
5.002258786,0.154937374654733,"F480M",4.828
5.003610017,0.1497893008497,"F480M",4.828
5.004961249,0.144657072872874,"F480M",4.828
5.00631248,0.139454062425048,"F480M",4.828
5.007663712,0.134199965301248,"F480M",4.828
5.009014943,0.128975309812423,"F480M",4.828
5.010366175,0.123717863345318,"F480M",4.828
5.011717406,0.118619587544227,"F480M",4.828
5.013068637,0.113424197868552,"F480M",4.828
5.014419869,0.108420585484716,"F480M",4.828
5.0157711,0.103418057543576,"F480M",4.828
5.017122332,0.098518329669118,"F480M",4.828
5.018473563,0.09377896356621,"F480M",4.828
5.019824795,0.089152373352945,"F480M",4.828
5.021176026,0.0846763023873882,"F480M",4.828
5.022527258,0.0802874774274532,"F480M",4.828
5.023878489,0.0761008046493986,"F480M",4.828
5.02522972,0.0720179217135213,"F480M",4.828
5.026580952,0.0681540983568282,"F480M",4.828
5.027932183,0.0644339829662705,"F480M",4.828
5.029283415,0.0608479256120498,"F480M",4.828
5.030634646,0.0574275262196038,"F480M",4.828
5.031985878,0.0541826229973407,"F480M",4.828
5.033337109,0.0510973114808245,"F480M",4.828
5.034688341,0.0481750735076139,"F480M",4.828
5.036039572,0.0453990998454115,"F480M",4.828
5.037390803,0.0427437718610336,"F480M",4.828
5.038742035,0.040246394950234,"F480M",4.828
5.040093266,0.0378853117846428,"F480M",4.828
5.041444498,0.0356711372099155,"F480M",4.828
5.042795729,0.0335810299167715,"F480M",4.828
5.044146961,0.0315888984497597,"F480M",4.828
5.045498192,0.029717209835986,"F480M",4.828
5.046849423,0.0279760084377005,"F480M",4.828
5.048200655,0.0263332639230604,"F480M",4.828
5.049551886,0.0247894105614388,"F480M",4.828
5.050903118,0.0233341367215408,"F480M",4.828
5.052254349,0.0219444973570846,"F480M",4.828
5.053605581,0.0206559007365605,"F480M",4.828
5.054956812,0.019462886098665,"F480M",4.828
5.056308044,0.0183313981267268,"F480M",4.828
5.057659275,0.0172709682052917,"F480M",4.828
5.059010506,0.0162612047573889,"F480M",4.828
5.060361738,0.01531423381092,"F480M",4.828
5.061712969,0.0144478898998765,"F480M",4.828
5.063064201,0.0136297623280389,"F480M",4.828
5.064415432,0.0128616008168219,"F480M",4.828
5.065766664,0.0121362732701827,"F480M",4.828
5.067117895,0.0114477281310749,"F480M",4.828
5.068469126,0.0108091235091065,"F480M",4.828
5.069820358,0.0102213740188861,"F480M",4.828
5.071171589,0.00965965160273733,"F480M",4.828
5.072522821,0.0091263164472695,"F480M",4.828
5.073874052,0.00862338193251223,"F480M",4.828
5.075225284,0.0081475705672349,"F480M",4.828
5.076576515,0.00771873092585295,"F480M",4.828
5.077927747,0.00731556938208546,"F480M",4.828
5.079278978,0.00692115713529482,"F480M",4.828
5.080630209,0.00654971092365208,"F480M",4.828
5.081981441,0.00620055098561159,"F480M",4.828
5.083332672,0.0058756206737559,"F480M",4.828
5.084683904,0.00558099652663365,"F480M",4.828
5.086035135,0.00529413227415885,"F480M",4.828
5.087386367,0.00501670909499807,"F480M",4.828
5.088737598,0.00475745991755453,"F480M",4.828
5.090088829,0.004512760383236,"F480M",4.828
5.091440061,0.00429298621923018,"F480M",4.828
5.092791292,0.00408703372760509,"F480M",4.828
5.094142524,0.00387703985460084,"F480M",4.828
5.095493755,0.00367860829715968,"F480M",4.828
5.096844987,0.00349623884595714,"F480M",4.828
5.098196218,0.0033248804105662,"F480M",4.828
5.09954745,0.00317046219300996,"F480M",4.828
5.100898681,0,"F480M",4.828
5.102249912,0,"F480M",4.828
NA,NA,"F480M",4.828
